Model,Final_Rollout_RMSE
Baseline_LSTM,148.7852238319429
PINN_LSTM,20.181687723844096
Transformer,16.341197175117767
Refined_SS_LSTM,16.794506378505794
Hybrid_LSTM,15.83712359455262
Ultimate_Hybrid,12.799436022643333
