,mean,std,min,25%,50%,75%,max
x_t,-1.843041292298078,7.852233779862485,-17.299359236883795,-8.100337138337258,-3.178220061077522,3.6921256924684553,19.563111255034688
y_t,-1.877375324492383,8.781790926119749,-22.876344760484862,-8.163096978896922,-2.5555214672478543,3.22876707452713,27.183571793361278
z_t,24.175386609895828,7.986239493491494,0.9617370222693076,18.584724096280254,24.30886377488769,29.83988515658504,47.83439935573168
x_next,-1.858031681013537,7.861055136252933,-17.299359236883795,-8.114466323881583,-3.215900386569839,3.6921256924684553,19.563111255034688
