,mean,std,min,25%,50%,75%,max
x_t,-2.3048276928125886,7.743285275462604,-17.299359391929993,-8.345598177925844,-3.939983715984113,2.9866988725763535,19.56311125503468
y_t,-2.297511026557415,8.676634255092093,-22.87634508017114,-8.447816100293787,-3.224906789772348,2.4123968198170007,27.18357179336127
z_t,24.259250786083957,7.952734180321479,0.9617370222693078,18.625186025394644,24.365992847942195,29.911175541392257,47.83439935573168
x_next,-2.3026403141491514,7.744585566946972,-17.299359391929993,-8.345598177925844,-3.939983715984113,3.0010701870263254,19.56311125503468
