feature,importance
x_t,0.7700368750730942
y_t,0.22978066863569124
z_t,0.00018245629121441836
