feature,importance
x_t,0.7700170881073424
y_t,0.22980874225756745
z_t,0.00017416963509027573
