x_t,y_t,z_t,x_next
1,1,1,1.28761040887484
1.00319391790821,1.12985285557939,0.992050301281533,1.34592538268881
1.01256820674373,1.25994612376591,0.984889694177896,1.4096485677221
1.02785320795998,1.39108911352052,0.978558912910149,1.47889248844942
1.04883096081496,1.5240544991943,0.973112345736305,1.55379770109839
1.07533105871459,1.65958492211663,0.968617921405159,1.63453195898993
1.1072270166178,1.79839902544761,0.965157343598238,1.72128954565334
1.14443309397027,1.94119698835912,0.962826642485063,1.81429075315076
1.1869015360535,2.08866559467256,0.961737022188421,1.91378148442438
1.23462018124347,2.24148290107868,0.962015993808954,2.02003295745823
1.28761040887484,2.40032251897565,0.963808788895211,2.1333414882384
1.34592538268881,2.56585756455923,0.96728005861157,2.25402832869138
1.4096485677221,2.73876428348552,0.972615865186885,2.38243953405256
1.47889248844942,2.91972537586733,0.980025982130729,2.51894583187707
1.55379770109839,3.10943303867831,0.989746522877817,2.66394246151215
1.63453195898993,3.30859171993513,1.00204291966296,2.81784894912378
1.72128954565334,3.51792058665817,1.01721328354149,2.9811087786166
1.81429075315076,3.73815569871776,1.03559217725385,3.15418891302168
1.91378148442438,3.97005186684059,1.0575548378936,3.33757911406843
2.02003295745823,4.21438416422199,1.08352188785068,3.53179099952545
2.1333414882384,4.47194905351377,1.11396457857889,3.73735676882001
2.25402832869138,4.74356507641626,1.14941061393098,3.95482751595759
2.38243953405256,5.03007303983641,1.19045059892487,4.18477103681899
2.51894583187707,5.33233561694754,1.23774516570915,4.42776902425104
2.66394246151215,5.65123626159109,1.29203282430539,4.68441352819386
2.81784894912378,5.98767731558807,1.35413858555412,4.95530254075395
2.9811087786166,6.34257716449588,1.42498339979722,5.24103454866558
3.15418891302168,6.71686627065966,1.50559444744407,5.54220187583303
3.33757911406843,7.11148188242318,1.59711630662983,5.85938261758641
3.53179099952545,7.5273611845895,1.70082300733629,6.19313094902298
3.73735676882001,7.96543261929111,1.81813095877031,6.54396557302591
3.95482751595759,8.4266050633989,1.95061270704995,6.91235605662968
4.18477103681899,8.9117545059707,2.100011440857,7.29870680216166
4.42776902425104,9.42170782560765,2.26825610695145,7.70333838536222
4.68441352819386,9.95722321552904,2.45747693624984,8.12646601692277
4.95530254075395,10.5189667583669,2.67002109233376,8.56817490646637
5.24103454866558,11.1074846143938,2.90846804640844,9.02839237436776
5.54220187583303,11.7231702497896,3.1756441546446,9.50685660951528
5.85938261758641,12.3662261046315,3.47463575564962,10.0030821136122
6.19313094902298,13.0366191005511,3.80879991300934,10.5163220382934
6.54396557302591,13.7340294229061,4.18177170087417,11.0455278346235
6.91235605662968,14.4577920762236,4.59746666936956,11.5893068897964
7.29870680216166,15.2068308676924,5.06007683481008,12.1458792068465
7.70333838536222,15.9795846225913,5.57405820937159,12.713034555509
8.12646601692277,16.7739257974089,6.14410753323346,13.288091995902
8.56817490646637,17.5870720582818,6.77512551682654,13.867864166368
9.02839237436776,18.4154920099733,7.47216360072441,14.4486292271976
9.50685660951528,19.2548069124539,8.24035091053909,15.0261138156431
10.0030821136122,20.0996912676581,9.08479794233198,15.595490719833
10.5163220382934,20.9437762870924,10.0104735582038,16.1513951437025
11.0455278346235,21.779561581974,11.022052150785,16.687963427416
11.5893068897964,22.5983419048191,12.1237283824145,17.1988974719312
12.1458792068465,23.390157488411,13.3189981778167,17.6775574076611
12.713034555509,24.1437780247029,14.6104063046625,18.117083580776
13.288091995902,24.8467318961568,15.9992631892638,18.5105470589243
13.867864166368,25.4853929507684,17.485337176819,18.8511256668408
14.4486292271976,26.0451377114733,19.0665318538921,19.1323000059695
15.0261138156431,26.5105846530935,20.7385631228836,19.3480613907094
15.595490719833,26.8659248791722,22.4946554149881,19.4931214156541
16.1513951437025,27.0953494405019,24.3252811605318,19.5631112560912
16.687963427416,27.1835717974992,26.2179722357423,19.5547581689431
17.1988974719312,27.1164357141986,28.1572339459523,19.4660271510644
17.6775574076611,26.8815884748996,30.1245926213774,19.2962174673797
18.117083580776,26.4691883103921,32.09880411663,19.0460066626397
18.5105470589243,25.8726035469366,34.0562428486271,18.7174384398705
18.8511256668408,25.0890521749354,35.9714790313476,18.3138550004657
19.1323000059695,24.1201249724592,37.8180356574771,17.8397785788247
19.3480613907094,22.9721355142361,39.5692980341487,17.3007505352844
19.4931214156541,21.6562473777115,41.1995294081795,16.7031389852069
19.5631112560912,20.1883431944982,42.6849290419443,16.0539274316499
19.5547581689431,18.5886209620143,44.004657254106,15.3604970601967
19.4660271510644,16.8809281769904,45.141747681978,14.6304144362749
19.2962174673797,15.0918706608847,46.083832174645,13.8712345287854
19.0460066626397,13.2497565693382,46.8236183423092,13.0903266258429
18.7174384398705,11.3834533559489,47.3590822731132,12.294728093821
18.3138550004657,9.52124360341479,47.6933662373047,11.4910284287582
17.8397785788247,7.68976349490724,47.8343993629834,10.685283821303
17.3007505352844,5.91309597937514,47.7942842877098,9.88296063319162
16.7031389852069,4.21207112366648,47.5885111633199,9.08890500361705
16.0539274316499,2.60380272409587,47.2350703677057,8.30733484827628
15.3604970601967,1.10146601071856,46.7535360515917,7.54185029218377
14.6304144362749,-0.285700177080337,46.1641857127802,6.79545847690073
13.8712345287854,-1.55219974223791,45.4872080573883,6.07060893477157
13.0903266258429,-2.69593740134103,44.7420354834673,5.36923613307247
12.294728093821,-3.71777557099567,43.9468208625424,4.6928062613828
11.4910284287582,-4.62103567949811,43.1180632505362,4.04236590249978
10.685283821303,-5.41098409841006,42.2703749647397,3.41859068415527
9.88296063319162,-6.09433498181529,41.4163737819769,2.82183248685739
9.08890500361705,-6.67879369521132,40.5666790501935,2.25216423815496
8.30733484827628,-7.17265567782064,39.7299884547609,1.70942157457555
7.54185029218377,-7.58446868092259,38.9132126727259,1.19324103384676
6.79545847690073,-7.92275961516297,38.1216474570234,0.703094558059956
6.07060893477157,-8.19582334834608,37.3591656943409,0.238320333462601
5.36923613307247,-8.41156768448201,36.6284155258575,-0.201849950864186
4.6928062613828,-8.57740710665996,35.9310141064662,-0.618267225305209
4.04236590249978,-8.70019721617581,35.267729847419,-1.01184430969964
3.41859068415527,-8.78620199280947,34.6386484308935,-1.38353806180669
2.82183248685739,-8.84108651046356,34.043320189797,-1.73433413333248
2.25216423815496,-8.86992861431938,33.4808880974102,-2.06523405740432
1.70942157457555,-8.87724405098256,32.9501966093562,-2.37724439610228
1.19324103384676,-8.86702054511431,32.4498826027058,-2.67136770892213
0.703094558059956,-8.84275720427109,31.9784499165499,-2.94859510409798
0.238320333462601,-8.80750651441632,31.5343294027962,-3.20990016812636
-0.201849950864186,-8.76391684532638,31.115926345336,-3.45623408343111
-0.618267225305209,-8.71427400620961,30.7216571223987,-3.68852176509065
-1.01184430969964,-8.66054084556022,30.349976837134,-3.9076588680911
-1.38353806180669,-8.60439426924489,29.9993994844993,-4.11450953359715
-1.73433413333248,-8.54725931192438,29.668512032871,-4.30990475973879
-2.06523405740432,-8.49034012135356,29.3559836214257,-4.4946412971596
-2.37724439610228,-8.43464786552447,29.0605708975977,-4.66948098307925
-2.67136770892213,-8.38102565191881,28.7811203436311,-4.83515043997765
-2.94859510409798,-8.33017063799485,28.5165683076465,-4.99234107356226
-3.20990016812636,-8.28265353223863,28.2659393177625,-5.14170931519693
-3.45623408343111,-8.23893571513051,28.0283431498097,-5.28387706176337
-3.68852176509065,-8.19938420998736,27.8029710253884,-5.41943227273984
-3.9076588680911,-8.16428472613095,27.5890912386695,-5.54892969025995
-4.11450953359715,-8.13385299032755,27.3860444436522,-5.6728916530879
-4.30990475973879,-8.10824456531828,27.1932387802748,-5.79180897991667
-4.4946412971596,-8.08756333771147,27.010144974005,-5.90614190125218
-4.66948098307925,-8.0718688382101,26.836291509555,-6.01632102247178
-4.83515043997765,-8.06118254193685,26.6712599493314,-6.12274830351214
-4.99234107356226,-8.05549328014513,26.5146804462755,-6.22579804311415
-5.14170931519693,-8.05476187757975,26.3662274833522,-6.3258178576871
-5.28387706176337,-8.05892511701033,26.2256158574407,-6.4231296467013
-5.41943227273984,-8.06789911926418,26.0925969154422,-6.51803053811827
-5.54892969025995,-8.08158221581196,25.9669550425544,-6.61079380876
-5.6728916530879,-8.09985738100655,25.8485043968422,-6.70166977573187
-5.79180897991667,-8.12259428236004,25.7370858800377,-6.79088665607715
-5.90614190125218,-8.14965099966372,25.632564331582,-6.87865139277433
-6.01632102247178,-8.18087545720451,25.5348259310195,-6.96515044566947
-6.12274830351214,-8.21610660769823,25.4437757927259,-7.05055054670571
-6.22579804311415,-8.2551754017406,25.3593357364327,-7.13499942134386
-6.3258178576871,-8.29790557247063,25.2814422169512,-7.21862647561841
-6.4231296467013,-8.34411426165709,25.210044396786,-7.30154345064392
-6.51803053811827,-8.39361251047332,25.14510234588,-7.38384504645605
-6.61079380876,-8.44620563574383,25.0865853534681,-7.46560951730649
-6.70166977573187,-8.50169351036259,25.0344703378977,-7.54689923850515
-6.79088665607715,-8.55987076483876,24.9887403412447,-7.62776125213213
-6.87865139277433,-8.62052692547224,24.9493830965947,-7.70822779464618
-6.96515044566947,-8.68344650348522,24.9163896573487,-7.78831680757265
-7.05055054670571,-8.74840904854112,24.8897530785407,-7.86803243560617
-7.13499942134386,-8.81518917858211,24.8694671405818,-7.94736551134267
-7.21862647561841,-8.88355659802761,24.8555251092156,-8.02629404023997
-7.30154345064392,-8.95327611552209,24.8479185243605,-8.10478368729069
-7.38384504645605,-9.02410767179063,24.8466360127646,-8.182788266592
-7.46560951730649,-9.0958063878553,24.851662120604,-8.2602502338742
-7.54689923850515,-9.16812264322036,24.8629761654621,-8.33710119273798
-7.62776125213213,-9.24080219307089,24.8805511019378,-8.41326242448888
-7.70822779464618,-9.31358633301063,24.904352403353,-8.48864543644656
-7.78831680757265,-9.38621212083543,24.9343369588996,-8.56315252775838
-7.86803243560617,-9.45841266335591,24.9704519889266,-8.63667738528618
-7.94736551134267,-9.52991747355673,25.0126339852574,-8.70910571845854
-8.02629404023997,-9.60045290649504,25.0608076745123,-8.7803159257255
-8.10478368729069,-9.66974267913427,25.114885014232,-8.85017978764086
-8.182788266592,-9.73750848215744,25.1747642258862,-8.91856320476611
-8.2602502338742,-9.80347068272327,25.2403288776401,-8.98532698002628
-8.33710119273798,-9.86734912354517,25.3114470208066,-9.05032763816507
-8.41326242448888,-9.92886402133706,25.3879703922304,-9.11341827310623
-8.48864543644656,-9.98773696841041,25.4697336910034,-9.17444944593429
-8.56315252775838,-10.0436920271035,25.556553944046,-9.23327012087494
-8.63667738528618,-10.0964569197137,25.648229968955,-9.28972863014224
-8.70910571845854,-10.1457643121059,25.7445419504954,-9.3436736600865
-8.7803159257255,-10.1913531879066,25.845251139599,-9.3949552765586
-8.85017978764086,-10.2329702898882,25.9500996851897,-9.44342597036311
-8.91856320476611,-10.2703716323444,26.058810613993,-9.48894170503079
-8.98532698002628,-10.3033240716695,26.171087972587,-9.53136297260983
-9.05032763816507,-10.3316069227867,26.2866171378788,-9.57055585845732
-9.11341827310623,-10.3550135886688,26.4050652944153,-9.60639309382771
-9.17444944593429,-10.3733532062077,26.5260821050529,-9.63875507261918
-9.23327012087494,-10.386452284004,26.6493005748963,-9.66753085673338
-9.28972863014224,-10.3941563076865,26.7743381053676,-9.69261914725885
-9.3436736600865,-10.3963312846762,26.9007977277383,-9.71392918697491
-9.3949552765586,-10.3928652197884,27.0282695458893,-9.73138161577395
-9.44342597036311,-10.3836694962507,27.1563323704096,-9.7449092714769
-9.48894170503079,-10.3686801276535,27.2845555137835,-9.754457889061
-9.53136297260983,-10.3478588670787,27.4125007517905,-9.75998673009881
-9.57055585845732,-10.3211941525643,27.5397244586437,-9.76146911963762
-9.60639309382771,-10.288701866104,27.6657798805989,-9.75889287724427
-9.63875507261918,-10.2504258853433,27.7902194833147,-9.75226064451704
-9.66753085673338,-10.2064384155755,27.9125974284975,-9.74159010471636
-9.69261914725885,-10.1568400827765,28.0324721371209,-9.72691408756427
-9.71392918697491,-10.1017597875472,28.1494088337111,-9.70828055858851
-9.73138161577395,-10.0413543089588,28.2629821237208,-9.68575249520055
-9.7449092714769,-9.97580763431523,28.3727786040966,-9.65940764775578
-9.754457889061,-9.90533006084459,28.478399332149,-9.62933818942223
-9.75998673009881,-9.83015703948123,28.5794622613184,-9.59565025822481
-9.76146911963762,-9.75054776846566,28.6756045762568,-9.55846339830303
-9.75889287724427,-9.66678357111226,28.7664848578724,-9.51790990748857
-9.75226064451704,-9.57916607504885,28.8517850761722,-9.4741340957742
-9.74159010471636,-9.48801519055628,28.9312124101516,-9.42729146635893
-9.72691408756427,-9.39366692755621,29.0045008432087,-9.37754782740767
-9.70828055858851,-9.29647108092808,29.0714125184848,-9.32507834614373
-9.68575249520055,-9.19678881794188,29.1317388432479,-9.27006655794299
-9.65940764775578,-9.0949901792315,29.1853013422425,-9.21270333605297
-9.62933818942223,-8.99145154001743,29.2319522421397,-9.15318583726028
-9.59565025822481,-8.88655305850617,29.2715747861416,-9.09171643236039
-9.55846339830303,-8.78067614944455,29.3040832823493,-9.02850163375534
-9.51790990748857,-8.67420101107946,29.3294228941139,-8.96375103365917
-9.4741340957742,-8.56750422660363,29.3475691837203,-8.89767625522178
-9.42729146635893,-8.46095647588696,29.3585274208007,-8.83048993033113
-9.37754782740767,-8.35492037821123,29.3623316715248,-8.76240471005935
-9.32507834614373,-8.24974849064795,29.3590436902518,-8.69363232060263
-9.27006655794299,-8.14578148184348,29.3487516378023,-8.62438266813906
-9.21270333605297,-8.04334648639306,29.3315686462559,-8.55486299349717
-9.15318583726028,-7.94275565828039,29.3076312581598,-8.48527708398843
-9.09171643236039,-7.84430492857314,29.2770977607657,-8.41582455220152
-9.02850163375534,-7.74827297346984,29.2401464437083,-8.34670018112354
-8.96375103365917,-7.65492039492412,29.1969738092518,-8.27809332782175
-8.89767625522178,-7.56448910249334,29.1477927510285,-8.21018739439189
-8.83048993033113,-7.47720189535803,29.0928307291741,-8.14315937786582
-8.76240471005935,-7.39326223796446,29.0323279564284,-8.07717947551128
-8.69363232060263,-7.31285422022385,28.9665356246033,-8.0124107503278
-8.62438266813906,-7.23614268690096,28.8957141842299,-7.94900887585228
-8.55486299349717,-7.16327351470221,28.8201316885814,-7.88712192960484
-8.48527708398843,-7.09437403352671,28.7400622118853,-7.82689023566532
-8.41582455220152,-7.02955357520742,28.6557843648141,-7.76844628590863
-8.34670018112354,-6.96890412833139,28.5675799122963,-7.71191468335694
-8.27809332782175,-6.91250107388818,28.4757324860777,-7.65741214463871
-8.21018739439189,-6.86040400720377,28.3805264003818,-7.60504755358996
-8.14315937786582,-6.81265761881814,28.2822455996635,-7.55492202151371
-8.07717947551128,-6.76929260612523,28.1811727019959,-7.50712902536215
-8.0124107503278,-6.73032662259161,28.0775881394797,-7.46175452499532
-7.94900887585228,-6.69576524896786,27.9717694354722,-7.41887715230624
-7.88712192960484,-6.66560294798831,27.8639905695722,-7.37856838225111
-7.82689023566532,-6.63982402664734,27.754521419543,-7.34089274851172
-7.76844628590863,-6.61840358138867,27.6436273482399,-7.30590805613655
-7.71191468335694,-6.60130839238531,27.5315688275654,-7.27366560824672
-7.65741214463871,-6.58849781846585,27.4186011587753,-7.24421044420568
-7.60504755358996,-6.57992461716575,27.3049743010652,-7.21758156681126
-7.55492202151371,-6.57553573550085,27.1909326901045,-7.19381219012365
-7.50712902536215,-6.57527304966524,27.0767152198761,-7.17292995822356
-7.46175452499532,-6.57907403118791,26.9625551711,-7.15495718913984
-7.41887715230624,-6.58687238832815,26.848680278709,-7.13991107780724
-7.37856838225111,-6.59859860532249,26.7353127750572,-7.12780392429898
-7.34089274851172,-6.61418046889792,26.6226695000398,-7.11864331564294
-7.30590805613655,-6.63354348552379,26.510962038876,-7.11243232834395
-7.27366560824672,-6.65661128546697,26.4003968544881,-7.10916968431329
-7.24421044420568,-6.68330592242577,26.2911754893094,-7.10884992292644
-7.21758156681126,-6.71354815713807,26.1834947089198,-7.11146352382688
-7.19381219012365,-6.7472576435694,26.0775467384708,-7.1169970453896
-7.17292995822356,-6.78435309954071,25.9735194069017,-7.1254332134415
-7.15495718913984,-6.82475238526036,25.8715963943733,-7.13675101921708
-7.13991107780724,-6.86837257052629,25.7719573666385,-7.15092577710058
-7.12780392429898,-6.91512991424064,25.6747782130535,-7.16792917686164
-7.11864331564294,-6.96493983738169,25.580231163293,-7.18772931197241
-7.11243232834395,-7.01771681510989,25.4884849964088,-7.21029068708105
-7.10916968431329,-7.07337426528674,25.3997051332275,-7.23557421371816
-7.10884992292644,-7.13182436213543,25.3140538054094,-7.26353718065119
-7.11146352382688,-7.1929778557489,25.2316901080429,-7.29413321233973
-7.1169970453896,-7.25674381505037,25.1527701212145,-7.32731220917214
-7.1254332134415,-7.32302939023523,25.0774469183619,-7.36302027161526
-7.13675101921708,-7.39173949994558,25.0058706200482,-7.40119961058332
-7.15092577710058,-7.46277654177337,24.9381883635944,-7.44178844664788
-7.16792917686164,-7.5360400455423,24.8745442679347,-7.48472089291828
-7.18772931197241,-7.61142633237305,24.8150793644412,-7.52992683336009
-7.21029068708105,-7.68882815810399,24.7599314657641,-7.57733179071953
-7.23557421371816,-7.76813432768744,24.7092350397068,-7.6268567838867
-7.26353718065119,-7.84922933916578,24.6631209961908,-7.67841819162847
-7.29413321233973,-7.93199298245891,24.6217164698758,-7.7319276033048
-7.32731220917214,-8.01629997571912,24.5851445449674,-7.78729167531197
-7.36302027161526,-8.10201958834358,24.5535239259586,-7.84441199683294
-7.40119961058332,-8.18901526768839,24.5269685931316,-7.90318494753462
-7.44178844664788,-8.27714430805861,24.5055873764486,-7.96350157921265
-7.48472089291828,-8.36625750084893,24.4894835087791,-8.02524750653529
-7.52992683336009,-8.45619883957651,24.478754127384,-8.08830280210804
-7.57733179071953,-8.54680524470184,24.4734897109756,-8.15254193133132
-7.6268567838867,-8.63790630677302,24.4737735000992,-8.21783369780288
-7.67841819162847,-8.72932410448484,24.4796808474036,-8.28404121024908
-7.7319276033048,-8.82087303808935,24.4912785294162,-8.35102190112234
-7.78729167531197,-8.91235972644752,24.50862403105,-8.41862756115664
-7.84441199683294,-9.00358298041029,24.53176476576,-8.48670441329243
-7.90318494753462,-9.09433380940482,24.5607372786829,-8.55509324870876
-7.96350157921265,-9.18439552804986,24.5955664166531,-8.62362958509166
-8.02524750653529,-9.27354394118357,24.6362644551799,-8.69214388139208
-8.08830280210804,-9.36154758741379,24.682830223861,-8.7604618242906
-8.15254193133132,-9.44816810996836,24.7352482115603,-8.82840463994034
-8.21783369780288,-9.53316071126493,24.7934876547834,-8.89578948058037
-8.28404121024908,-9.61627469232135,24.8575016438894,-8.96242988191859
-8.35102190112234,-9.69725413634068,24.9272262375775,-9.02813625805354
-8.41862756115664,-9.77583868221549,25.0025795913158,-9.09271647039608
-8.48670441329243,-9.85176440212767,25.0834611334195,-9.15597647066842
-8.55509324870876,-9.92476483273355,25.1697507883686,-9.21772098887447
-8.62362958509166,-9.99457209371356,25.2613082502856,-9.27775428093768
-8.69214388139208,-10.0609181196212,25.357972344168,-9.33588094995307
-8.7604618242906,-10.1235360440948,25.4595604823194,-9.39190681466856
-8.82840463994034,-10.1821616518728,25.5658682083476,-9.44563981287342
-8.89578948058037,-10.2365349457467,25.6766688790442,-9.496890967608
-8.96242988191859,-10.2864018340095,25.7917134887736,-9.54547539141462
-9.02813625805354,-10.3315158692076,25.9107306254889,-9.59121330465817
-9.09271647039608,-10.3716400654509,26.0334266052091,-9.63393108197573
-9.15597647066842,-10.4065487916448,26.159485799239,-9.67346232086325
-9.21772098887447,-10.4360296856163,26.2885711340689,-9.70964890426357
-9.27775428093768,-10.4598855811586,26.420324790939,-9.74234204258527
-9.33588094995307,-10.4779364488964,26.5543691388406,-9.77140331352739
-9.39190681466856,-10.4900213103194,26.6903078752526,-9.7967056696868
-9.44563981287342,-10.4960000815307,26.8277273591558,-9.81813437969673
-9.496890967608,-10.4957553546317,26.9661981937406,-9.83558793485807
-9.54547539141462,-10.4891940794832,27.1052770283139,-9.84897888852777
-9.59121330465817,-10.4762491000731,27.2445085357682,-9.8582345986883
-9.63393108197573,-10.4568805371069,27.3834275962782,-9.86329789642399
-9.67346232086325,-10.4310769908198,27.5215616869841,-9.86412765341868
-9.70964890426357,-10.3988565309672,27.6584334198801,-9.86069923734934
-9.74234204258527,-10.3602674531502,27.79356318447,-9.8530048547365
-9.77140331352739,-10.3153887852537,27.9264719526278,-9.84105377458746
-9.7967056696868,-10.2643305207359,28.0566841774547,-9.82487242601891
-9.81813437969673,-10.2072335774902,28.183730669171,-9.80450436788835
-9.83558793485807,-10.144269460121,28.3071515578709,-9.78001013183263
-9.84897888852777,-10.0756396145324,28.4264992539718,-9.75146693732742
-9.8582345986883,-10.0015745098808,28.5413412775405,-9.71896828214248
-9.86329789642399,-9.92233241583898,28.6512630597082,-9.68262341231941
-9.86412765341868,-9.83819789225437,28.7558706192145,-9.64255667780325
-9.86069923734934,-9.7494800221797,28.8547930543649,-9.59890678297532
-9.8530048547365,-9.65651040594748,28.9476848436957,-9.55182593893334
-9.84105377458746,-9.55964092136219,29.0342279439269,-9.50147892760131
-9.82487242601891,-9.45924129231161,29.1141336322734,-9.44804208964082
-9.80450436788835,-9.35569649662464,29.1871440754198,-9.39170224726607
-9.78001013183263,-9.24940405534997,29.253033608385,-9.33265557494635
-9.75146693732742,-9.14077122154455,29.3116097201077,-9.27110643289634
-9.71896828214248,-9.0302121182086,29.3627137306337,-9.20726617151675
-9.68262341231941,-8.91814485934997,29.4062211564328,-9.14135192264072
-9.64255667780325,-8.80498869384693,29.4420417673723,-9.07358538861802
-9.59890678297532,-8.69116121214454,29.4701193445732,-9.00419164123437
-9.55182593893334,-8.57707564279027,29.490431151339,-8.93339794486292
-9.50147892760131,-8.46313827281624,29.5029871348414,-8.86143261092243
-9.44804208964082,-8.34974602237506,29.507828876583,-8.78852389208694
-9.39170224726607,-8.23728419772253,29.5050283152054,-8.7148989258537
-9.33265557494635,-8.12612444508769,29.4946862686731,-8.64078273477162
-9.27110643289634,-8.01662292461478,29.4769307865601,-8.56639729549607
-9.20726617151675,-7.90911870988652,29.4519153570051,-8.49196067137092
-9.14135192264072,-7.80393242565865,29.4198170028341,-8.41768621570037
-9.07358538861802,-7.70136512708125,29.3808342920344,-8.34378184916704
-9.00419164123437,-7.60169742113128,29.3351852927823,-8.27044942229534
-8.93339794486292,-7.50518882816867,29.2831055060404,-8.19788414763901
-8.86143261092243,-7.41207737339298,29.2248457971429,-8.12627410465711
-8.78852389208694,-7.32257939429623,29.160670352393,-8.05579982779415
-8.7148989258537,-7.23688955622805,29.0908546796679,-7.98663397121225
-8.64078273477162,-7.15518106166284,29.0156836733979,-7.91894102947823
-8.56639729549607,-7.07760603612235,28.9354497713209,-7.85287713695774
-8.49196067137092,-7.00429606644783,28.8504512027058,-7.78858993760955
-8.41768621570037,-6.93536287330107,28.7609903436821,-7.72621849151167
-8.34378184916704,-6.87089910886013,28.6673721851609,-7.66589326145207
-8.27044942229534,-6.81097925338532,28.5699029394021,-7.60773613928803
-8.19788414763901,-6.75566058373311,28.4688887643084,-7.55186050632564
-8.12627410465711,-6.7049842040722,28.3646346080397,-7.49837136789611
-8.05579982779415,-6.65897612979625,28.2574431926185,-7.44736547711874
-7.98663397121225,-6.61764838977915,28.1476141331649,-7.39893153961034
-7.91894102947823,-6.5810001323098,28.0354431534166,-7.35315039999763
-7.85287713695774,-6.54901874987108,27.9212214335356,-7.31009528463196
-7.78858993760955,-6.52168097153021,27.8052350888783,-7.26983203988226
-7.72621849151167,-6.49895392560836,27.6877647072278,-7.23241939191265
-7.66589326145207,-6.48079619161408,27.5690850274697,-7.19790921998417
-7.60773613928803,-6.46715877139773,27.4494646978721,-7.16634681932715
-7.55186050632564,-6.45798604095952,27.3291660778044,-7.13777119123744
-7.49837136789611,-6.45321662970669,27.2084451949923,-7.11221529861559
-7.44736547711874,-6.45278423129002,27.0875516642451,-7.08970635650325
-7.39893153961034,-6.45661837646667,26.9667287661182,-7.07026607136638
-7.35315039999763,-6.46464509723507,26.8462134947135,-7.05391091843086
-7.31009528463196,-6.4767875723875,26.7262366980147,-7.04065235791514
-7.26983203988226,-6.49296665015805,26.6070232393617,-7.03049708654696
-7.23241939191265,-6.51310135432432,26.4887921691721,-7.02344722682413
-7.19790921998417,-6.53710927219067,26.3717569681755,-7.01950054408786
-7.16634681932715,-6.564906921331,26.2561257351481,-7.0186506021611
-7.13777119123744,-6.59641000752699,26.1421014780283,-7.02088694188092
-7.11221529861559,-6.63153366053915,26.0298823062987,-7.02619519963587
-7.08970635650325,-6.67019256767786,25.9196617415266,-7.03455724104711
-7.07026607136638,-6.71230109013439,25.8116289026049,-7.04595124422174
-7.05391091843086,-6.75777328046801,25.7059688133792,-7.06035178203242
-7.04065235791514,-6.80652289106377,25.6028625706457,-7.07772987230522
-7.03049708654696,-6.85846328781508,25.5024876268711,-7.09805300717555
-7.02344722682413,-6.91350736041004,25.4050179362569,-7.12128516789052
-7.01950054408786,-6.97156734486714,25.3106241954637,-7.14738680797347
-7.0186506021611,-7.03255464927407,25.2194739553596,-7.17631482582286
-7.02088694188092,-7.09637959470849,25.1317318110739,-7.20802251131516
-7.02619519963587,-7.16295117040866,25.0475594704776,-7.24245947470199
-7.03455724104711,-7.23217670606663,24.9671158774546,-7.27957155916872
-7.04595124422174,-7.30396156480464,24.8905572385844,-7.31930073458107
-7.06035178203242,-7.37820876642606,24.8180370586706,-7.36158497488961
-7.07772987230522,-7.4548186203924,24.7497061266416,-7.40635812508656
-7.09805300717555,-7.53368832480662,24.6857124511123,-7.45354975119027
-7.12128516789052,-7.6147115423345,24.6262011921807,-7.50308498066315
-7.14738680797347,-7.69777799090118,24.5713145045674,-7.55488433920095
-7.17631482582286,-7.78277298507731,24.5211913829189,-7.60886357123727
-7.20802251131516,-7.86957701469353,24.4759674326425,-7.66493346613199
-7.24245947470199,-7.95806528985044,24.435774598834,-7.72299968046576
-7.27957155916872,-8.04810730054272,24.4007408667691,-7.78296255387563
-7.31930073458107,-8.13956639674512,24.3709898771351,-7.84471694490499
-7.36158497488961,-8.23229934858925,24.3466405260833,-7.90815206259353
-7.40635812508656,-8.32615596147281,24.3278064922207,-7.97315130918611
-7.45354975119027,-8.42097868698298,24.3145957069329,-8.03959215229633
-7.50308498066315,-8.51660226482155,24.3071097961119,-8.10734599831704
-7.55488433920095,-8.61285342119914,24.3054434368101,-8.17627809694633
-7.60886357123727,-8.70955057317041,24.3096836818302,-8.24624748287803
-7.66493346613199,-8.80650360777224,24.3199092327396,-8.31710692894037
-7.72299968046576,-8.9035137112516,24.3361896406887,-8.38870294991092
-7.78296255387563,-9.00037323729767,24.3585844872649,-8.46087585278712
-7.84471694490499,-9.09686567853488,24.3871425041488,-8.53345980959693
-7.90815206259353,-9.19276569283362,24.4219006446722,-8.60628299959794
-7.97315130918611,-9.28783920690783,24.4628831400763,-8.67916780854667
-8.03959215229633,-9.38184364159978,24.5101005071043,-8.75193105957708
-8.10734599831704,-9.47452820744875,24.563548532855,-8.82438433181807
-8.17627809694633,-9.56563431185082,24.6232072581543,-8.89633434199236
-8.24624748287803,-9.65489610419513,24.6890399380308,-8.96758337032205
-8.31710692894037,-9.74204110656077,24.7609920104567,-9.03792977906088
-8.38870294991092,-9.8267909841309,24.8389900907245,-9.10716860311144
-8.46087585278712,-9.90886246659301,24.922940981758,-9.17509219349056
-8.53345980959693,-9.98796836331603,25.0127307282029,-9.24149094384283
-8.60628299959794,-10.0638187358223,25.1082237396429,-9.30615409593836
-8.67916780854667,-10.1361222260828,25.2092619787667,-9.36887060299345
-8.75193105957708,-10.2045874734095,25.3156642336275,-9.42943005145703
-8.82438433181807,-10.2689246927461,25.4272255165642,-9.48762365907962
-8.89633434199236,-10.3288473923699,25.5437165818359,-9.54324532657064
-8.96758337032205,-10.3840741676404,25.6648835750103,-9.59609272221973
-9.03792977906088,-10.4343306279303,25.7904478650361,-9.64596841591782
-9.10716860311144,-10.4793514292236,25.9201060560112,-9.69268104996476
-9.17509219349056,-10.5188823558085,26.0535301777023,-9.73604652557766
-9.24149094384283,-10.5526824707568,26.1903681001686,-9.77588918566526
-9.30615409593836,-10.5805263169041,26.330244185594,-9.81204301010293
-9.36887060299345,-10.6022061224232,26.4727601644753,-9.84435279697809
-9.42943005145703,-10.6175339827846,26.6174962454003,-9.87267529721979
-9.48762365907962,-10.6263440145006,26.7640125008531,-9.89688031251311
-9.54324532657064,-10.6284944431341,26.9118505066167,-9.91685174692818
-9.59609272221973,-10.6238695714305,27.06053520452,-9.93248857449493
-9.64596841591782,-10.6123816210834,27.2095770254656,-9.94370571967949
-9.69268104996476,-10.5939724117857,27.3584742614034,-9.95043485314989
-9.73604652557766,-10.5686148403258,27.5067156505458,-9.95262507153207
-9.77588918566526,-10.5363141258652,27.653783128069,-9.95024345543943
-9.81204301010293,-10.4971088041466,27.7991547897008,-9.94327550375129
-9.84435279697809,-10.4510714397636,27.9423080144606,-9.93172543104394
-9.87267529721979,-10.3983090328349,28.0827226530423,-9.91561632294593
-9.89688031251311,-10.3389631083245,28.2198843085188,-9.89499014651681
-9.91685174692818,-10.2732094638884,28.3532876984456,-9.86990761551463
-9.93248857449493,-10.2012575771264,28.4824399748562,-9.84044790871375
-9.94370571967949,-10.1233496815162,28.6068639786519,-9.80670824520111
-9.95043485314989,-10.0397594847246,28.7261014629746,-9.76880332067076
-9.95262507153207,-9.95079055695819,28.8397161605044,-9.72686461156592
-9.95024345543943,-9.85677442121111,28.9472966564356,-9.68103955642244
-9.94327550375129,-9.75806833884239,29.0484590758212,-9.63149062395923
-9.93172543104394,-9.6550528294326,29.1428495218875,-9.57839427796766
-9.91561632294593,-9.54812895600162,29.2301462305132,-9.5219398537967
-9.89499014651681,-9.43771541748419,29.3100614144298,-9.46232835883807
-9.86990761551463,-9.32424548777141,29.3823427789217,-9.39977121175875
-9.84044790871375,-9.20816383161657,29.4467746981828,-9.33448893575416
-9.80670824520111,-9.08992325426319,29.503179033714,-9.26670982198306
-9.76880332067076,-8.9699814237636,29.551415592733,-9.19666857394033
-9.72686461156592,-8.84879761306256,29.591382228945,-9.12460495097756
-9.68103955642244,-8.72682950696361,29.623014595007,-9.0507624226945
-9.63149062395923,-8.60453011201087,29.6462855607289,-8.97538684763457
-9.57839427796766,-8.48234480516036,29.6612043163557,-8.89872519056015
-9.5219398537967,-8.36070856060455,29.6678151843201,-8.8210242880241
-9.46232835883807,-8.24004338178407,29.66619616617,-8.74252966901063
-9.39977121175875,-8.1207559652737,29.6564572561114,-8.66348444167727
-9.33448893575416,-8.0032356173873,29.6387385550906,-8.58412825171353
-9.26670982198306,-7.88785243939505,29.6132082215492,-8.50469632385164
-9.19666857394033,-7.77495578590038,29.5800602900692,-8.42541858458698
-9.12460495097756,-7.6648730055974,29.5395123980602,-8.34651886772174
-9.0507624226945,-7.55790846250586,29.4918034503827,-8.26821420626871
-8.97538684763457,-7.45434283382033,29.4371912561396,-8.1907142194993
-8.89872519056015,-7.35443267627125,29.3759501723542,-8.11422058549531
-8.8210242880241,-7.25841024753762,29.3083687807195,-8.03892659230287
-8.74252966901063,-7.1664835624553,29.2347476216935,-7.96501677706088
-8.66348444167727,-7.07883667014207,29.1553970090881,-7.89266665484771
-8.58412825171353,-6.99563013333113,29.0706349418095,-7.8220425071002
-8.50469632385164,-6.91700168708194,28.9807851398526,-7.75330124796993
-8.42541858458698,-6.84306705235927,28.8861752075783,-7.68659037167648
-8.34651886772174,-6.77392087556571,28.7871349335736,-7.62204793560906
-8.26821420626871,-6.70963778566343,28.6839947302573,-7.5598026201255
-8.1907142194993,-6.65027353938586,28.5770842352304,-7.49997383826192
-8.11422058549531,-6.59586622791759,28.466731061654,-7.44267186803691
-8.03892659230287,-6.54643752285928,28.3532596859432,-7.38799806530045
-7.96501677706088,-6.50199396360283,28.236990484777,-7.33604505943442
-7.89266665484771,-6.46252824539476,28.1182389345836,-7.28689702972798
-7.8220425071002,-6.42802048737219,27.9973149168182,-7.24062995818085
-7.75330124796993,-6.3984395030751,27.8745221548981,-7.19731193844234
-7.68659037167648,-6.37374402266674,27.7501578042746,-7.15700347090066
-7.62204793560906,-6.35388385810361,27.6245121011267,-7.11975778323025
-7.5598026201255,-6.33880104785601,27.4978681443813,-7.08562114982423
-7.49997383826192,-6.32843090096744,27.3705017820467,-7.05463320845593
-7.44267186803691,-6.32270300038349,27.2426815168515,-7.02682728663434
-7.38799806530045,-6.32154212685262,27.114668582511,-7.00223070230421
-7.33604505943442,-6.32486909146367,26.9867169717825,-6.98086508136099
-7.28689702972798,-6.33260152540543,26.8590736215954,-6.96274663364473
-7.24062995818085,-6.34465454135798,26.7319785648839,-6.94788644739694
-7.19731193844234,-6.36094137188279,26.6056651703441,-6.93629073456758
-7.15700347090066,-6.38137387061905,26.4803603928905,-6.92796109076691
-7.11975778323025,-6.40586299212136,26.3562850405244,-6.92289470376802
-7.08562114982423,-6.43431914319242,26.2336540892218,-6.92108457445707
-7.05463320845593,-6.46665250888125,26.112676959378,-6.92251967967903
-7.02682728663434,-6.50277326246603,25.9935578637805,-6.92718515073252
-7.00223070230421,-6.54259174938259,25.8764960790696,-6.93506239011834
-6.98086508136099,-6.58601856528178,25.7616863004941,-6.94612919864198
-6.96274663364473,-6.6329646114455,25.6493188970064,-6.96035985106628
-6.94788644739694,-6.68334105332868,25.539580249438,-6.9777251643508
-6.93629073456758,-6.7370592597895,25.4326529812166,-6.99819253525647
-6.92796109076691,-6.79403065676137,25.3287162598512,-7.02172594979548
-6.92289470376802,-6.85416656367728,25.2279459939722,-7.04828597907263
-6.92108457445707,-6.91737795227174,25.1305150892017,-7.077829739327
-6.92251967967903,-6.98357519942311,25.0365935936032,-7.11031083847075
-6.92718515073252,-7.05266775932312,24.9463489008392,-7.14567929663355
-6.93506239011834,-7.12456384725857,24.8599458392086,-7.1838814443277
-6.94612919864198,-7.19917004054486,24.7775468008413,-7.22485980396347
-6.96035985106628,-7.27639089985892,24.6993117800477,-7.26855295077366
-6.9777251643508,-7.35612852160468,24.6253984053708,-7.31489535460616
-6.99819253525647,-7.43828209683842,24.5559619280581,-7.36381721096033
-7.02172594979548,-7.52274744165499,24.4911551464611,-7.41524425404654
-7.04828597907263,-7.60941649784335,24.4311283270933,-7.46909755730447
-7.077829739327,-7.69817685480609,24.3760290325352,-7.52529333219545
-7.11031083847075,-7.78891121906489,24.3260019388358,-7.58374270906159
-7.14567929663355,-7.88149692045192,24.2811885854684,-7.64435152143413
-7.1838814443277,-7.9758053918191,24.2417270637718,-7.70702009105127
-7.22485980396347,-8.07170165440581,24.2077516809537,-7.77164300322823
-7.26855295077366,-8.16904383544046,24.1793925300476,-7.8381089028153
-7.31489535460616,-8.26768266192613,24.1567750309238,-7.90630029252824
-7.36381721096033,-8.3674610099466,24.1400194048262,-7.97609333664401
-7.41524425404654,-8.46821346142015,24.1292400708477,-8.04735770100374
-7.46909755730447,-8.56976588385325,24.1245450142319,-8.11995640061917
-7.52529333219545,-8.67193507958251,24.1260350641409,-8.19374567173742
-7.58374270906159,-8.77452844592723,24.1338031196086,-8.26857489384643
-7.64435152143413,-8.87734370711658,24.1479333303602,-8.34428653016553
-7.70702009105127,-8.98016871612302,24.1685001893569,-8.42071611132669
-7.77164300322823,-9.08278129666837,24.195567595224,-8.49769228393836
-7.8381089028153,-9.18494919374382,24.2291878561788,-8.57503689078272
-7.90630029252824,-9.28643010325886,24.2694006277122,-8.65256511092962
-7.97609333664401,-9.38697177654258,24.3162318324004,-8.73008568164184
-8.04735770100374,-9.48631226390555,24.3696925319762,-8.80740116338907
-8.11995640061917,-9.58418025462069,24.4297777600076,-8.88430828037332
-8.19374567173742,-9.68029552553996,24.4964653555425,-8.96059835375469
-8.26857489384643,-9.77436955368705,24.569714778219,-9.0360577944667
-8.34428653016553,-9.86610624555621,24.649465918773,-9.1104686741478
-8.42071611132669,-9.95520280078851,24.7356379423107,-9.18360939607242
-8.49769228393836,-10.0413507600253,24.8281281584788,-9.25525544185864
-8.57503689078272,-10.1242371831056,24.9268109310938,-9.32518018623473
-8.65256511092962,-10.2035459741298,25.0315366664863,-9.39315581022888
-8.73008568164184,-10.2789594009448,25.1421308895737,-9.4589542928404
-8.80740116338907,-10.3501597430216,25.2583934114155,-9.52234846793598
-8.88430828037332,-10.4168310832265,25.3800976333585,-9.58311314711537
-8.96059835375469,-10.4786612771219,25.5069900079878,-9.64102631587915
-9.0360577944667,-10.5353440385701,25.6387896548222,-9.69587038275517
-9.1104686741478,-10.5865811350699,25.7751881668496,-9.74743345978316
-9.18360939607242,-10.6320847122851,25.9158496465854,-9.79551068033392
-9.25525544185864,-10.6715797077815,26.0604109649594,-9.83990554330114
-9.32518018623473,-10.7048063024539,26.208482252967,-9.88043126361288
-9.39315581022888,-10.7315224302455,26.3596476791862,-9.91691209876419
-9.4589542928404,-10.7515063024569,26.5134665063247,-9.94918466364707
-9.52234846793598,-10.764558899333,26.6694744228868,-9.9770992110712
-9.58311314711537,-10.7705064021047,26.8271851599773,-10.0005208458677
-9.64102631587915,-10.7692025405185,26.9860924224068,-10.0193306624309
-9.69587038275517,-10.7605308161798,27.1456721121505,-10.0334268083232
-9.74743345978316,-10.7444065452062,27.3053848091045,-10.0427254384678
-9.79551068033392,-10.7207787010314,27.4646785264277,-10.0471615447721
-9.83990554330114,-10.6896315167135,27.6229917293481,-10.0466896631526
-9.88043126361288,-10.6509858108942,27.7797565817781,-10.0412844365748
-9.91691209876419,-10.6048999988707,27.9344023415304,-10.0309410251975
-9.94918466364707,-10.5514707697536,28.0863589411806,-10.0156753568944
-9.9770992110712,-10.4908333986035,28.2350607059514,-9.99552421442305
-10.0005208458677,-10.4231616755853,28.3799501145224,-9.9705451545299
-10.0193306624309,-10.3486674508144,28.5204815598266,-9.9408162591292
-10.0334268083232,-10.2675997677541,28.6561251392333,-9.90643572039264
-10.0427254384678,-10.1802435930926,28.7863703528394,-9.86752126440896
-10.0471615447721,-10.0869181735441,28.9107296355387,-9.82420942062595
-10.0466896631526,-9.98797500403905,29.0287417485959,-9.77665464691863
-10.0412844365748,-9.883795442309,29.1399749418107,-9.72502831914737
-10.0309410251975,-9.77478799857831,29.2440298401399,-9.6695176004052
-10.0156753568944,-9.66138534180211,29.3405420155789,-9.61032420345826
-9.99552421442305,-9.54404106154213,29.4291842150941,-9.54766306224873
-9.9705451545299,-9.42322622079462,29.509668221196,-9.48176092913623
-9.9408162591292,-9.2994257615053,29.5817463131755,-9.41285491526517
-9.90643572039264,-9.17313480875084,29.645212317715,-9.34119099270185
-9.86752126440896,-9.04485492916377,29.6999022414732,-9.26702247245769
-9.82420942062595,-8.91509039718407,29.7456944867082,-9.19060847828516
-9.77665464691863,-8.78434452208405,29.78250965847,-9.11221243114294
-9.72502831914737,-8.65311607895195,29.8103099776417,-9.03210055973246
-9.6695176004052,-8.52189589755695,29.829098321841,-8.95054045153383
-9.61032420345826,-8.39116364722059,29.8389169201048,-8.86779965983362
-9.54766306224873,-8.26138485570405,29.8398457338655,-8.78414437390992
-9.48176092913623,-8.13300819356393,29.832000560391,-8.69983816409977
-9.41285491526517,-8.00646304943074,29.8155308980927,-8.61514080944755
-9.34119099270185,-7.88215741614884,29.7906176163506,-8.53030721466048
-9.26702247245769,-7.76047609625197,29.7574704678415,-8.44558642657254
-9.19060847828516,-7.64177923643367,29.7163254902425,-8.36122074650898
-9.11221243114294,-7.52640118999094,29.6674423348459,-8.27744494102159
-9.03210055973246,-7.41464970237945,29.61110156206,-8.19448555255627
-8.95054045153383,-7.30680540993046,29.5476019411783,-8.11256031727204
-8.86779965983362,-7.20312163740611,29.4772577927245,-8.03187767901609
-8.78414437390992,-7.10382447404734,29.4003963970584,-7.95263639185023
-8.69983816409977,-7.00911310412882,29.3173555013308,-7.8750252189829
-8.61514080944755,-6.91916037182965,29.2284809430681,-7.79922272765081
-8.53030721466048,-6.83411355534433,29.134124410126,-7.72539714914182
-8.44558642657254,-6.75409532152777,29.0346413615285,-7.65370632190007
-8.36122074650898,-6.67920483282557,28.9303891087416,-7.58429771748125
-8.27744494102159,-6.60951897394577,28.8217250669315,-7.51730850395038
-8.19448555255627,-6.54509368633587,28.7090051762121,-7.45286568936533
-8.11256031727204,-6.4859653758005,28.5925825119245,-7.3910863105163
-8.03187767901609,-6.43215236585824,28.4728060672573,-7.33207764790246
-7.95263639185023,-6.38365637294496,28.35001969421,-7.27593751750489
-7.8750252189829,-6.34046400444144,28.2245612125548,-7.22275453992784
-7.79922272765081,-6.30254823516797,28.0967616959508,-7.17260849707457
-7.72539714914182,-6.26986984407171,27.9669448745548,-7.12557064467725
-7.65370632190007,-6.24237883436467,27.8354266804548,-7.08170410158821
-7.58429771748125,-6.22001578157824,27.7025149525445,-7.0410641901687
-7.51730850395038,-6.20271310670806,27.5685092017614,-7.00369883408455
-7.45286568936533,-6.19039631109632,27.4337005181039,-6.96964891013903
-7.3910863105163,-6.18298508715458,27.298371575272,-6.9389486361294
-7.33207764790246,-6.1803943797718,27.1627966587336,-6.91162591777995
-7.27593751750489,-6.18253534254531,27.0272418641283,-6.88770271364664
-7.22275453992784,-6.18931619841771,26.8919652309618,-6.86719536165147
-7.17260849707457,-6.20064303395132,26.7572170566303,-6.85011491229925
-7.12557064467725,-6.21642046322144,26.6232401300428,-6.83646742106757
-7.08170410158821,-6.23655224927084,26.4902701041874,-6.82625424171559
-7.0410641901687,-6.26094178630453,26.3585358056905,-6.81947228065541
-7.00369883408455,-6.28949254582645,26.2282596319598,-6.81611423568259
-6.96964891013903,-6.32210839330328,26.0996579073362,-6.81616881339145
-6.9389486361294,-6.35869386620178,25.9729412819926,-6.81962090517194
-6.91162591777995,-6.39915433983602,25.8483151062232,-6.82645176270442
-6.88770271364664,-6.44339615012744,25.7259798159463,-6.83663911378772
-6.86719536165147,-6.49132662408574,25.6061312991817,-6.85015728425851
-6.85011491229925,-6.54285406095227,25.4889612580524,-6.86697726308575
-6.83646742106757,-6.5978876445234,25.3746575443441,-6.88706676010798
-6.82625424171559,-6.65633729742612,25.2634044873034,-6.91039022701022
-6.81947228065541,-6.71811348678893,25.1553831912961,-6.93690884924148
-6.81611423568259,-6.78312697472738,25.0507718041012,-6.96658052080645
-6.81616881339145,-6.85128852177641,24.9497457784596,-6.99935978016362
-6.81962090517194,-6.92250855752242,24.8524780635535,-7.03519773081204
-6.82645176270442,-6.99669678866979,24.7591393201506,-7.07404193295605
-6.83663911378772,-7.07376180593856,24.6698980343201,-7.11583626999963
-6.85015728425851,-7.15361061308116,24.5849206612161,-7.16052079724118
-6.86697726308575,-7.23614817577976,24.5043716716945,-7.20803156667059
-6.88706676010798,-7.32127689534258,24.4284135957914,-7.25830043111223
-6.91039022701022,-7.40889609817364,24.3572070086562,-7.31125483640907
-6.93690884924148,-7.49890148441234,24.2909104570296,-7.36681759233624
-6.96658052080645,-7.59118455676777,24.2296803710101,-7.4249066311482
-6.99935978016362,-7.68563206328259,24.1736708805903,-7.48543476244008
-7.03519773081204,-7.78212538925289,24.1230336170799,-7.54830940825608
-7.07404193295605,-7.8805399884318,24.077917438403,-7.61343234275383
-7.11583626999963,-7.9807447811098,24.0384680900162,-7.68069943032447
-7.16052079724118,-8.08260156565169,24.0048278331738,-7.7500003546549
-7.20803156667059,-8.18596445681735,23.977134971918,-7.82121836957613
-7.25830043111223,-8.2906793031332,23.9555233458075,-7.89423005157162
-7.31125483640907,-8.39658316341202,23.9401217461781,-7.96890505989343
-7.36681759233624,-8.50350378741303,23.9310532468496,-8.04510593504811
-7.4249066311482,-8.61125912733627,23.9284344991888,-8.12268790681372
-7.48543476244008,-8.71965691942296,23.9323749254687,-8.20149872992662
-7.54830940825608,-8.82849427992015,23.9429758527371,-8.28137857394032
-7.61343234275383,-8.93755738146348,23.9603295921027,-8.36215993676399
-7.68069943032447,-9.04662120218956,23.9845184176866,-8.44366760502144
-7.7500003546549,-9.1554493243966,24.0156135085971,-8.52571868689825
-7.82121836957613,-9.26379385141924,24.0536738214101,-8.60812268570763
-7.89423005157162,-9.37139541245997,24.098744885586,-8.69068163664559
-7.96890505989343,-9.47798325557307,24.1508575743552,-8.77319033710853
-8.04510593504811,-9.5832754929598,24.2100268186581,-8.85543663350537
-8.12268790681372,-9.6869794586405,24.2762502727069,-8.93720178623161
-8.20149872992662,-9.7887921910007,24.349506976233,-9.01826094175319
-8.28137857394032,-9.88840109790235,24.4297559931998,-9.09838368304374
-8.36215993676399,-9.98548476171614,24.5169350409257,-9.17733466058966
-8.44366760502144,-10.079713896835,24.6109591522402,-9.25487433794415
-8.52571868689825,-10.1707525150191,24.7117193671381,-9.33075983058863
-8.60812268570763,-10.2582592517014,24.8190814657631,-9.40474582898947
-8.69068163664559,-10.3418888564245,24.9328847868001,-9.47658561884514
-8.77319033710853,-10.4212939044684,25.0529411472141,-9.54603220040113
-8.85543663350537,-10.4961266731658,25.1790338663192,-9.6128394919899
-8.93720178623161,-10.5660411760757,25.3109169402219,-9.67676360123706
-9.01826094175319,-10.6306953983918,25.4483143994523,-9.73756417492419
-9.09838368304374,-10.6897536882725,25.5909198497138,-9.7950058133557
-9.17733466058966,-10.7428892634693,25.7383962263224,-9.84885953454364
-9.25487433794415,-10.7897868673681,25.890375813259,-9.89890426243456
-9.33075983058863,-10.8301455332101,26.0464605276313,-9.94492834392809
-9.40474582898947,-10.8636814048432,26.2062224829999,-9.98673107404274
-9.47658561884514,-10.8901306054733,26.3692048633914,-10.0241242099811
-9.54603220040113,-10.909252123203,26.5349231346014,-10.0569334397789
-9.6128394919899,-10.9208306743891,26.7028665897683,-10.0849998126575
-9.67676360123706,-10.9246794808949,26.8725002174717,-10.1081811045726
-9.73756417492419,-10.9206429449697,27.0432669234632,-10.1263530899587
-9.7950058133557,-10.9085991683985,27.2145900979971,-10.139410700704
-9.84885953454364,-10.8884622739644,27.3858765139659,-10.1472690734816
-9.89890426243456,-10.8601844692268,27.5565195068387,-10.1498644520664
-9.94492834392809,-10.823757826785,27.7259024538043,-10.147154932759
-9.98673107404274,-10.7792157323863,27.893402515361,-10.1391210428139
-10.0241242099811,-10.7266339632223,28.0583946011358,-10.1257661422229
-10.0569334397789,-10.6661313624085,28.2202554626153,-10.1071166383625
-10.0849998126575,-10.5978700858923,28.3783679381773,-10.0832220093189
-10.1081811045726,-10.5220553951248,28.53212528388,-10.054154633514
-10.1263530899587,-10.4389349824947,28.6809354997059,-10.0200094266212
-10.139410700704,-10.3487978430868,28.8242255721228,-9.98090329014326
-10.1472690734816,-10.2519726662857,28.9614456598165,-9.93697437691667
-10.1498644520664,-10.1488257762277,29.0920730926962,-9.88838118372791
-10.147154932759,-10.0397586428749,29.2156161330861,-9.83530148307809
-10.1391210428139,-9.92520500047119,29.3316174479376,-9.77793110813591
-10.1257661422229,-9.80562759223683,29.4396572594508,-9.71648260724914
-10.1071166383625,-9.68151460195785,29.5393561090431,-9.6511837859055
-10.0832220093189,-9.55337581864422,29.6303772010139,-9.58227615528083
-10.054154633514,-9.42173859325709,29.7124282950224,-9.5100133081533
-10.0200094266212,-9.28714364829032,29.7852631261537,-9.43465924098857
-9.98090329014326,-9.15014080481891,29.8486823400606,-9.35648664349683
-9.93697437691667,-9.0112846842662,29.9025339401079,-9.27577517606031
-9.88838118372791,-8.87113045388288,29.9467132511194,-9.19280975377808
-9.83530148307809,-8.73022967498393,29.9811624136549,-9.10787885568216
-9.77793110813591,-8.58912631084041,30.0058694314598,-9.02127287617066
-9.71648260724914,-8.44835294714943,30.0208668020722,-8.93328253584507
-9.6511837859055,-8.30842727166202,30.0262297669411,-8.84419736375282
-9.58227615528083,-8.16984885293903,30.0220742227001,-8.75430426264482
-9.5100133081533,-8.03309625187564,30.0085543404599,-8.66388616863238
-9.43465924098857,-7.89862448858139,29.9858599392494,-8.57322081205753
-9.35648664349683,-7.76686288340316,29.9542136658968,-8.48257958781485
-9.27577517606031,-7.63821328177746,29.9138680311807,-8.39222654200089
-9.19280975377808,-7.51304866446798,29.8651023510196,-8.30241746951508
-9.10787885568216,-7.39171213881363,29.8082196407819,-8.21339912791851
-9.02127287617066,-7.27451630004807,29.7435435075953,-8.12540856653271
-8.93328253584507,-7.1617429462178,29.6714150849508,-8.03867257620446
-8.84419736375282,-7.05364312489959,29.5921900432737,-7.95340724314375
-8.75430426264482,-6.95043748380129,29.5062357109313,-7.86981760492535
-8.66388616863238,-6.85231689891338,29.4139283334438,-7.788097413715
-8.57322081205753,-6.75944335077346,29.3156504914544,-7.70842899782599
-8.48257958781485,-6.67195101654906,29.211788699647,-7.63098319579381
-8.39222654200089,-6.58994754427024,29.1027312045651,-7.55591938286447
-8.30241746951508,-6.51351547363391,28.9888659782756,-7.48338557630412
-8.21339912791851,-6.44271377339829,28.8705789183681,-7.41351858318822
-8.12540856653271,-6.37757947390921,28.7482522523882,-7.34644423478957
-8.03867257620446,-6.31812935482265,28.6222631618621,-7.28227765239525
-7.95340724314375,-6.2643616600642,28.4929825970303,-7.22112355549945
-7.86981760492535,-6.2162578215182,28.3607742759006,-7.16307663078759
-7.788097413715,-6.17378417949994,28.2259938760756,-7.10822188298789
-7.70842899782599,-6.1368936580081,28.0889884101715,-7.05663507160637
-7.63098319579381,-6.10552738242362,27.9500957304007,-7.00838309097837
-7.55591938286447,-6.079616258538,27.8096441962661,-6.96352443924791
-7.48338557630412,-6.05908245007832,27.66795249581,-6.92210961115623
-7.41351858318822,-6.04384077125011,27.525329532781,-6.88418157386747
-7.34644423478957,-6.03380001354795,27.3820744741262,-6.84977615519726
-7.28227765239525,-6.02886412617829,27.2384768655739,-6.8189225067377
-7.22112355549945,-6.02893334397456,27.0948168010791,-6.79164347176117
-7.16307663078759,-6.03390517165323,26.9513652391523,-6.76795602104832
-7.10822188298789,-6.04367528346294,26.8083842521395,-6.74787158670315
-7.05663507160637,-6.05813831287269,26.6661274717131,-6.73139645879499
-7.00838309097837,-6.07718853289729,26.5248404096024,-6.71853207745192
-6.96352443924791,-6.10072044875398,26.3847609659957,-6.70927537541337
-6.92210961115623,-6.12862927505085,26.2461198023489,-6.70361903009225
-6.88418157386747,-6.1608113368057,26.1091408732725,-6.70155173624584
-6.84977615519726,-6.1971643642863,25.9740418242635,-6.7030584185341
-6.8189225067377,-6.2375877122664,25.8410345220478,-6.70812042776507
-6.79164347176117,-6.28198249434276,25.7103254511226,-6.71671571041515
-6.76795602104832,-6.33025163376448,25.5821162256358,-6.72881892923408
-6.74787158670315,-6.38229985854711,25.4566039621888,-6.74440158036571
-6.73139645879499,-6.43803359973186,25.3339817589156,-6.76343204890412
-6.71853207745192,-6.49736086457863,25.2144390323204,-6.78587565968292
-6.70927537541337,-6.56019100404199,25.0981619416479,-6.8116946804396
-6.70361903009225,-6.62643447253846,24.9853336922501,-6.84084829954807
-6.70155173624584,-6.69600249092608,24.876134879493,-6.87329257942395
-6.7030584185341,-6.76880669952704,24.7707437577668,-6.90898036876677
-6.70812042776507,-6.84475873997893,24.6693364907733,-6.94786119875197
-6.71671571041515,-6.92376980760138,24.5720873770288,-6.9898811441815
-6.72881892923408,-7.00575017288777,24.4791690018828,-7.03498265876225
-6.74440158036571,-7.09060864386208,24.3907523994961,-7.08310439034942
-6.76343204890412,-7.1782520375655,24.3070071155925,-7.13418096693015
-6.78587565968292,-7.26858457424525,24.2281012734316,-7.18814276260319
-6.8116946804396,-7.36150729674818,24.1542015610576,-7.24491564785648
-6.84084829954807,-7.45691742879285,24.0854731738739,-7.30442071414423
-6.87329257942395,-7.55470773472729,24.0220797228528,-7.36657398877048
-6.90898036876677,-7.65476587112572,23.9641830498089,-7.4312861390968
-6.94786119875197,-7.7569736986539,23.9119430256936,-7.49846215677428
-6.9898811441815,-7.86120663084397,23.8655172556942,-7.56800104850779
-7.03498265876225,-7.96733293738081,23.8250607280446,-7.63979551711451
-7.08310439034942,-8.07521307856303,23.7907254131867,-7.71373163774718
-7.13418096693015,-8.18469904565945,23.7626597562384,-7.78968855593558
-7.18814276260319,-8.29563369196718,23.7410081356438,-7.86753818064678
-7.24491564785648,-8.40785012309777,23.7259102228704,-7.94714489342554
-7.30442071414423,-8.52117107918542,23.7175002600592,-8.02836529296745
-7.36657398877048,-8.63540836684322,23.7159062878978,-8.11104794731358
-7.4312861390968,-8.7503623482626,23.721249254988,-8.19503318424116
-7.49846215677428,-8.86582145028584,23.7336420712561,-8.28015293312176
-7.56800104850779,-8.98156176734515,23.7531885819111,-8.36623059263642
-7.63979551711451,-9.0973467264141,23.7799824328364,-8.45308095765598
-7.71373163774718,-9.21292681762173,23.8141058938883,-8.54051021887383
-7.78968855593558,-9.32803945326893,23.8556285889417,-8.62831600866505
-7.86753818064678,-9.4424089117577,23.9046061434908,-8.71628752439103
-7.94714489342554,-9.55574639404241,23.9610787969092,-8.80420574995378
-8.02836529296745,-9.6677502417643,24.0250699369763,-8.89184374297437
-8.11104794731358,-9.77810627497136,24.0965845831719,-8.97896701565499
-8.19503318424116,-9.88648828464632,24.175607855468,-9.06533403152632
-8.28015293312176,-9.99255872270073,24.2621034026727,-9.15069679514377
-8.36623059263642,-10.0959695464195,24.3560118218404,-9.23480153695062
-8.45308095765598,-10.196363251259,24.457249104308,-9.31738952568454
-8.54051021887383,-10.2933741335652,24.5657051019191,-9.3981979897716
-8.62831600866505,-10.3866297353373,24.6812420395602,-9.4769611427866
-8.71628752439103,-10.4757524926412,24.8036931171467,-9.55341131539405
-8.80420574995378,-10.5603616334824,24.9328612147143,-9.62728020416832
-8.89184374297437,-10.6400752669559,25.0685177150868,-9.6983002194824
-8.97896701565499,-10.7145126696505,25.2104014938621,-9.76620592188529
-9.06533403152632,-10.7832968012943,25.3582181095644,-9.83073553825585
-9.15069679514377,-10.8460570091125,25.5116392030264,-9.89163255972587
-9.23480153695062,-10.9024318770271,25.6703021416372,-9.94864739726479
-9.31738952568454,-10.9520722506247,25.8338099607979,-10.0015390792049
-9.3981979897716,-10.9946443921782,26.0017316116797,-10.0500769651991
-9.4769611427866,-11.029833219518,26.1736025381215,-10.0940424777188
-9.55341131539405,-11.0573455989282,26.3489256052996,-10.1332308191416
-9.62728020416832,-11.076913665296,26.5271724218646,-10.167452654156
-9.6983002194824,-11.0882981207848,26.7077850513333,-10.1965357215113
-9.76620592188529,-11.0912914499578,26.8901781174287,-10.2203263788578
-9.83073553825585,-11.085721006078,27.07374130076,-10.2386910452001
-9.89163255972587,-11.0714519234839,27.2578422503762,-10.2515175134614
-9.94864739726479,-11.0483897985824,27.441829878472,-10.2587161151391
-10.0015390792049,-11.0164830800972,27.6250380184727,-10.260220727978
-10.0500769651991,-10.9757251148811,27.806789391962,-10.2559895988737
-10.0940424777188,-10.9261558089805,27.9863998981666,-10.2460059703961
-10.1332308191416,-10.8678628531648,28.1631831554661,-10.2302784989851
-10.167452654156,-10.8009824703316,28.3364552486155,-10.2088414568627
-10.1965357215113,-10.7256996605259,28.5055395704146,-10.1817547120031
-10.2203263788578,-10.6422479127326,28.6697717788535,-10.1491034836109
-10.2386910452001,-10.5509083666328,28.8285047663361,-10.1109978754945
-10.2515175134614,-10.4520084214995,28.9811135457997,-10.0675721924228
-10.2587161151391,-10.3459198136377,29.1269999764493,-10.0189840483428
-10.260220727978,-10.2330561504647,29.2655973138717,-9.96541327855882
-10.2559895988737,-10.1138699480072,29.3963744648333,-9.90706067094851
-10.2460059703961,-9.9888492038771,29.518839893236,-9.84414653393415
-10.2302784989851,-9.85851355636782,29.6325451165527,-9.77690912159642
-10.2088414568627,-9.72341008809164,29.7370877413435,-9.70560293661656
-10.1817547120031,-9.58410883088685,29.8321139978766,-9.63049693482557
-10.1491034836109,-9.44119804579963,29.9173207366667,-9.55187265528386
-10.1109978754945,-9.2952793532663,29.9924568629543,-9.47002229967657
-10.0675721924228,-9.14696278770207,30.0573241983168,-9.38524678510498
-10.0189840483428,-8.99686185389478,30.1117777686727,-9.29785379359408
-9.96541327855882,-8.84558866007499,30.1557255293357,-9.20815584058997
-9.90706067094851,-8.69374919924637,30.1891275482482,-9.116468383461
-9.84414653393415,-8.54193884543764,30.2119946782308,-9.02310799046947
-9.77690912159642,-8.39073812584595,30.2243867582381,-8.9283905844687
-9.70560293661656,-8.24070881923841,30.2264103890076,-8.83262977902772
-9.63049693482557,-8.09239042676088,30.2182163369944,-8.73613531860038
-9.55187265528386,-7.94629704969044,30.1999966231645,-8.63921163310349
-9.47002229967657,-7.80291469899454,30.1719813558156,-8.5421565155728
-9.38524678510498,-7.66269905286494,30.1344353682897,-8.44525993196278
-9.29785379359408,-7.52607366882609,30.0876547218417,-8.34880296112022
-9.20815584058997,-7.39342864825766,30.0319631321486,-8.25305686874797
-9.116468383461,-7.26511974313432,29.9677083752495,-8.15828231421924
-9.02310799046947,-7.14146788761911,29.8952587266065,-8.06472869230867
-8.9283905844687,-7.0227591298755,29.8149994749583,-7.97263360655506
-8.83262977902772,-6.9092449344728,29.7273295581136,-7.88222245907312
-8.73613531860038,-6.80114282321284,29.632658352363,-7.79370815804595
-8.63921163310349,-6.69863731868198,29.5314026450717,-7.70729094424938
-8.5421565155728,-6.60188115292726,29.4239838147895,-7.62315831632796
-8.44525993196278,-6.5109967003871,29.3108252423513,-7.54148504174328
-8.34880296112022,-6.42607759747687,29.1923499550071,-7.46243326880607
-8.25305686874797,-6.34719050414025,29.068978515674,-7.38615271042463
-8.15828231421924,-6.27437698215511,28.9411271534998,-7.31278088338981
-8.06472869230867,-6.20765544970816,28.809206143159,-7.24244343484106
-7.97263360655506,-6.14702317770446,28.6736184286156,-7.17525448873564
-7.88222245907312,-6.0924582906446,28.5347584644108,-7.11131705605051
-7.79370815804595,-6.04392176763522,28.3930112701467,-7.05072347774787
-7.70729094424938,-6.00135940518043,28.2487517061296,-6.99355587289896
-7.62315831632796,-5.96470371181957,28.1023439330558,-6.9398866494171
-7.54148504174328,-5.93387573313062,27.9541410234152,-6.88977896873681
-7.46243326880607,-5.90878680355393,27.8044847578033,-6.84328728744604
-7.38615271042463,-5.88934016958244,27.6537055590709,-6.80045782118173
-7.31278088338981,-5.87543252368565,27.502122513053,-6.76132909017485
-7.24244343484106,-5.866955429116,27.3500435599352,-6.72593236385435
-7.17525448873564,-5.86379658899332,27.1977657218089,-6.69429218971362
-7.11131705605051,-5.86584104992859,27.0455754305633,-6.66642680338177
-7.05072347774787,-5.87297222286767,26.8937489504796,-6.642348623512
-6.99355587289896,-5.88507283361547,26.7425527716915,-6.62206461758205
-6.9398866494171,-5.90202571578956,26.5922441676637,-6.60557674641157
-6.88977896873681,-5.92371451410067,26.4430716356333,-6.59288228153049
-6.84328728744604,-5.95002425525378,26.2952755193773,-6.58397418434897
-6.80045782118173,-5.98084182733875,26.1490884784464,-6.57884137437941
-6.76132909017485,-6.0160563394296,26.0047361329421,-6.57746903142245
-6.72593236385435,-6.05555940194271,25.8624375367216,-6.57983881414694
-6.69429218971362,-6.09924529034765,25.7224058158459,-6.58592907782674
-6.66642680338177,-6.14701105242661,25.5848486238552,-6.59571504363144
-6.642348623512,-6.19875649424187,25.4499687520577,-6.60916892887579
-6.62206461758205,-6.25438413683107,25.3179645532657,-6.62626006221122
-6.60557674641157,-6.3137990467109,25.1890305024409,-6.64695493521437
-6.59288228153049,-6.37690865887705,25.0633575829412,-6.67121724912329
-6.58397418434897,-6.44362247609097,24.941133777709,-6.6990079042324
-6.57884137437941,-6.51385177196273,24.8225444146387,-6.73028496687213
-6.57746903142245,-6.58750918083732,24.7077725728207,-6.76500360431093
-6.57983881414694,-6.66450829391287,24.5969993819285,-6.80311597629592
-6.58592907782674,-6.74476316077796,24.4904043311531,-6.84457110934984
-6.59571504363144,-6.82818778489054,24.3881655184022,-6.88931472886977
-6.60916892887579,-6.91469556143608,24.2904598511498,-6.93728906544033
-6.62626006221122,-7.00419867585711,24.1974632336204,-6.98843263703366
-6.64695493521437,-7.0966074947181,24.1093506622741,-7.04267999646594
-6.67121724912329,-7.19182988473157,24.0262963213541,-7.09996145950811
-6.6990079042324,-7.28977055612051,23.9484735879161,-7.16020281109047
-6.73028496687213,-7.39033033211688,23.8760550021853,-7.22332498238027
-6.76500360431093,-7.493405435176,23.8092121861083,-7.28924371947366
-6.80311597629592,-7.59888674223135,23.748115674097,-7.35786923143109
-6.84457110934984,-7.70665901329183,23.6929347207869,-7.42910582066817
-6.88931472886977,-7.81660014734147,23.6438370038248,-7.50285151752469
-6.93728906544033,-7.9285803850608,23.6009882766637,-7.57899769605027
-6.98843263703366,-8.04246155440381,23.5645519536702,-7.65742869120604
-7.04267999646594,-8.15809629918593,23.5346885873545,-7.73802143126941
-7.09996145950811,-8.27532731187912,23.5115553071259,-7.82064506014141
-7.16020281109047,-8.39398661734989,23.4953051393891,-7.90516058478657
-7.22332498238027,-8.51389483867922,23.4860862500817,-7.99142054797249
-7.28924371947366,-8.63486052889684,23.4840411179712,-8.07926870924252
-7.35786923143109,-8.75667953846541,23.4893055750004,-8.16853977416086
-7.42910582066817,-8.87913441401009,23.5020077935863,-8.25905916602192
-7.50285151752469,-9.00199389541931,23.5222671622793,-8.35064282730508
-7.57899769605027,-9.12501246080821,23.5501930503931,-8.44309709313125
-7.65742869120604,-9.24792995786941,23.5858835169923,-8.53621863197143
-7.73802143126941,-9.37047136175332,23.6294238983645,-8.62979443876665
-7.82064506014141,-9.49234661593252,23.6808853115535,-8.7236019223776
-7.90516058478657,-9.61325061211438,23.7403231013434,-8.81740909084513
-7.99142054797249,-9.73286333169414,23.8077751814013,-8.91097481151161
-8.07926870924252,-9.85085011482496,23.8832603260359,-9.00404918450698
-8.16853977416086,-9.96686211808412,23.9667764219137,-9.09637403857524
-8.25905916602192,-10.0805369775207,24.0582986559448,-9.18768353395205
-8.35064282730508,-10.1914996413234,24.1577776955812,-9.27770487919366
-8.44309709313125,-10.299363434241,24.2651378762661,-9.36615919095972
-8.53621863197143,-10.4037313704543,24.380275390981,-9.45276247949663
-8.62979443876665,-10.5041976701486,24.5030565297384,-9.53722675888453
-8.7236019223776,-10.6003495318383,24.6333160023613,-9.61926128197595
-8.81740909084513,-10.6917691834061,24.7708553553755,-9.69857391156771
-8.91097481151161,-10.7780361528597,24.9154415172071,-9.77487260947074
-9.00404918450698,-10.8587297917168,25.0668055216156,-9.84786703737683
-9.09637403857524,-10.9334320632474,25.2246414394454,-9.91727025173435
-9.18768353395205,-11.0017305568752,25.3886055419764,-9.98280049786543
-9.27770487919366,-11.0632216940041,25.5583157381774,-10.0441830762659
-9.36615919095972,-11.1175141475062,25.7333513411176,-10.1011522673015
-9.45276247949663,-11.1642324276452,25.9132531788332,-10.1534532853402
-9.53722675888453,-11.203020586992,26.0975240840618,-10.2008442478781
-9.61926128197595,-11.2335460063915,26.2856297876359,-10.243098139193
-9.69857391156771,-11.2555032316272,26.4770002636391,-10.280004740566
-9.77487260947074,-11.2686178009395,26.6710315267543,-10.3113724950472
-9.84786703737683,-11.2726500028085,26.867087899477,-10.3370302773222
-9.91727025173435,-11.267398494518,27.0645047365448,-10.3568290594396
-9.98280049786543,-11.2527037391943,27.2625916375119,-10.3706434336527
-10.0441830762659,-11.228451181606,27.4606361145894,-10.3783729654419
-10.1011522673015,-11.1945741048735,27.6579077028499,-10.3799433574353
-10.1534532853402,-11.1510560926094,27.8536624582822,-10.3753074070096
-10.2008442478781,-11.0979330478791,28.0471478154915,-10.3644457354139
-10.243098139193,-11.0352947068715,28.2376077652782,-10.3473672753154
-10.280004740566,-10.9632856012383,28.4242882861725,-10.324109506277
-10.3113724950472,-10.8821054215788,28.6064429438085,-10.2947384318414
-10.3370302773222,-10.7920087645141,28.7833385606293,-10.259348296146
-10.3568290594396,-10.6933042294181,28.9542609396451,-10.2180610422859
-10.3706434336527,-10.5863528615112,29.1185205158173,-10.1710255191918
-10.3783729654419,-10.4715659494015,29.2754578343718,-10.11841644712
-10.3799433574353,-10.3494022039469,29.4244487761973,-10.0604331569702
-10.3753074070096,-10.2203643358014,29.5649094677867,-9.99729812169197
-10.3644457354139,-10.0849950856256,29.6963007774337,-9.92925530105033
-10.3473672753154,-9.94387276431736,29.8181323265189,-9.85656832384613
-10.324109506277,-9.79760637102002,29.9299659542472,-9.77951853369296
-10.2947384318414,-9.64683036711929,30.0314185836621,-9.69840292590566
-10.259348296146,-9.49219919068078,30.1221644492987,-9.61353200389479
-10.2180610422859,-9.33438160087127,30.201936659798,-9.52522758368956
-10.1710255191918,-9.17405494524667,30.2705280826972,-9.43382057485339
-10.11841644712,-9.01189943956155,30.3277915523718,-9.33964876526543
-10.0604331569702,-8.84859255354091,30.3736394157905,-9.24305463631747
-9.99729812169197,-8.68480358724405,30.4080424439092,-9.14438323091315
-9.92925530105033,-8.52118851697425,30.4310281481719,-9.04398009826425
-9.85656832384613,-8.35838518203129,30.4426785519985,-8.9421893340164
-9.77951853369296,-8.19700887362366,30.443127475755,-8.83935173258466
-9.69840292590566,-8.03764837649058,30.4325574004432,-8.73580306581499
-9.61353200389479,-7.88086250231918,30.4111959801042,-8.63187249933587
-9.52522758368956,-7.72717714227163,30.3793122756653,-8.52788115732126
-9.43382057485339,-7.57708285423447,30.3372127837425,-8.42414083799219
-9.33964876526543,-7.43103298915143,30.2852373330498,-8.32095288418636
-9.24305463631747,-7.28944235027447,30.2237549190564,-8.21860720941055
-9.14438323091315,-7.15268636861591,30.1531595393834,-8.11738147834659
-9.04398009826425,-7.02110077070255,30.0738660942645,-8.01754044322768
-8.9421893340164,-6.89498170663613,29.9863064034163,-7.91933542373505
-8.83935173258466,-6.7745863010948,29.89092538636,-7.82300392317393
-8.73580306581499,-6.66013358560102,29.7881774456731,-7.7287693782358
-8.63187249933587,-6.55180576743652,29.678523085222,-7.63684103936917
-8.52788115732126,-6.44974978689102,29.5624257921889,-7.54741395577801
-8.42414083799219,-6.35407911802999,29.4403491935726,-7.4606690620807
-8.32095288418636,-6.26487575960352,29.3127545021637,-7.37677337171621
-8.21860720941055,-6.18219237764884,29.1800982525851,-7.2958802415131
-8.11738147834659,-6.10605455819366,29.0428303273885,-7.21812970563375
-8.01754044322768,-6.03646312217467,28.9013922781675,-7.14364889324564
-7.91933542373505,-5.97339646923724,28.7562159181449,-7.07255246617516
-7.82300392317393,-5.9168129099268,28.6077221719291,-7.00494313013917
-7.7287693782358,-5.8666529796299,28.456320171169,-6.94091216315474
-7.63684103936917,-5.82284168228626,28.3024065976152,-6.88053996453896
-7.54741395577801,-5.78529064428215,28.1463652197552,-6.82389664848091
-7.4606690620807,-5.75390018238904,27.9885666105518,-6.77104260073907
-7.37677337171621,-5.72856125906235,27.8293680651102,-6.72202910106478
-7.2958802415131,-5.70915728789184,27.6691136503349,-6.67689886794464
-7.21812970563375,-5.69556583434269,27.5081343663389,-6.63568667953716
-7.14364889324564,-5.68766016729616,27.3467484760292,-6.59841988818666
-7.07255246617516,-5.68531064471467,27.1852618629393,-6.56511901750045
-7.00494313013917,-5.68838600935389,27.0239685128605,-6.53579823129273
-6.94091216315474,-5.69675447625937,26.8631510577589,-6.51046588725113
-6.88053996453896,-5.71028474346376,26.7030813192534,-6.48912495340942
-6.82389664848091,-5.72884681513115,26.5440209839536,-6.47177349991998
-6.77104260073907,-5.75231273355155,26.386222178035,-6.45840505809641
-6.72202910106478,-5.78055715349391,26.2299282047898,-6.44900903834874
-6.67689886794464,-5.81345782515068,26.0753741309488,-6.4435710288694
-6.63568667953716,-5.8508959351417,25.9227875381061,-6.4420731296489
-6.59841988818666,-5.89275637232567,25.7723890986618,-6.44449419138946
-6.56511901750045,-5.93892785613871,25.6243933103735,-6.45081005656971
-6.53579823129273,-5.98930301502162,25.479009042687,-6.46099374196102
-6.51046588725113,-6.04377832690346,25.3364402295141,-6.47501558179203
-6.48912495340942,-6.10225403363243,25.1968863783992,-6.49284335107948
-6.47177349991998,-6.16463392148795,25.0605431989658,-6.51444231977757
-6.45840505809641,-6.23082509159694,24.9276030673055,-6.53977530175129
-6.44900903834874,-6.30073760473672,24.7982555782887,-6.56880263891296
-6.4435710288694,-6.37428412695199,24.6726879570119,-6.60148216201837
-6.4420731296489,-6.45137945864052,24.5510855250329,-6.63776911491621
-6.44449419138946,-6.53194007162575,24.4336320540912,-6.67761603036783
-6.45081005656971,-6.61588354339008,24.3205101338029,-6.72097258803165
-6.46099374196102,-6.70312799178028,24.2119014673183,-6.76778542280447
-6.47501558179203,-6.79359144085014,24.1079871271375,-6.81799790644896
-6.49284335107948,-6.8871911537451,24.0089477853803,-6.87154990050283
-6.51444231977757,-6.98384294918942,23.9149638575238,-6.9283774687037
-6.53977530175129,-7.08346044690921,23.8262156402844,-6.98841256963619
-6.56880263891296,-7.18595433474209,23.7428833570941,-7.0515827197647
-6.60148216201837,-7.29123155457961,23.6651471691606,-7.1178106247563
-6.63776911491621,-7.39919450854341,23.5931871279739,-7.18701380018757
-6.67761603036783,-7.50974022198213,23.5271830409638,-7.25910416207377
-6.72097258803165,-7.62275948227344,23.4673143087534,-7.33398760096759
-6.76778542280447,-7.7381359972977,23.413759652598,-7.4115635539883
-6.81799790644896,-7.85574549338207,23.366696790961,-7.49172454997546
-6.87154990050283,-7.97545485884055,23.3263020383545,-7.57435576053456
-6.9283774687037,-8.09712125307578,23.2927497932692,-7.65933455372615
-6.98841256963619,-8.22059122589296,23.2662119812769,-7.74653003612739
-7.0515827197647,-8.34569987556099,23.2468573657619,-7.83580262350323
-7.1178106247563,-8.47226998133324,23.2348507808262,-7.92700362287245
-7.18701380018757,-8.60011120763533,23.2303522768093,-8.01997482581679
-7.25910416207377,-8.72901932268175,23.2335161217611,-8.11454815373037
-7.33398760096759,-8.85877545691517,23.2444897446439,-8.21054533320373
-7.4115635539883,-8.98914545405061,23.2634125391837,-8.30777760711503
-7.49172454997546,-9.11987925657793,23.2904145518848,-8.40604552431209
-7.57435576053456,-9.25071039419498,23.3256150958798,-8.50513878760564
-7.65933455372615,-9.3813555848874,23.3691212112619,-8.60483616215191
-7.74653003612739,-9.51151442085866,23.4210260422216,-8.7049054907771
-7.83580262350323,-9.64086921195684,23.4814071228227,-8.80510380302675
-7.92700362287245,-9.76908498163662,23.550324529139,-8.90517750945944
-8.01997482581679,-9.89580960222382,23.6278189783146,-9.00486272819646
-8.11454815373037,-10.0206741450342,23.7139098481597,-9.10388573799466
-8.21054533320373,-10.1432934364202,23.8085931073814,-9.20196355209176
-8.30777760711503,-10.2632668046289,23.9118392297659,-9.29880462815926
-8.40604552431209,-10.3801790965501,24.0235910818514,-9.39410973645907
-8.50513878760564,-10.4936019575202,24.1437617867742,-9.48757297310394
-8.60483616215191,-10.6030953437047,24.2722326324215,-9.57888291992595
-8.7049054907771,-10.7082093441476,24.4088510406344,-9.66772395452139
-8.80510380302675,-10.8084863117094,24.5534286094759,-9.75377771916376
-8.90517750945944,-10.9034632502,24.7057392861507,-9.83672473277067
-9.00486272819646,-10.9926745203227,24.8655177146568,-9.91624614144937
-9.10388573799466,-11.0756548556211,25.0324577864452,-9.99202558979404
-9.20196355209176,-11.1519426499749,25.2062114366346,-10.0637512137882
-9.29880462815926,-11.2210835046987,25.3863877340561,-10.1311177311318
-9.39410973645907,-11.2826340399374,25.572552324019,-10.193828611016
-9.48757297310394,-11.3361659305381,25.7642272475359,-10.2515982993857
-9.57888291992595,-11.3812701109789,25.9608911844244,-10.3041544680176
-9.66772395452139,-11.4175611162684,26.16198015508,-10.3512402747578
-9.75377771916376,-11.4446815162017,26.3668887333488,-10.3926165957107
-9.83672473277067,-11.4623063785532,26.5749717815263,-10.4280642038467
-9.91624614144937,-11.4701476938747,26.7855467353023,-10.457385851741
-9.99202558979404,-11.4679586799989,26.9978964347434,-10.4804082328823
-10.0637512137882,-11.4555379128736,27.2112725283645,-10.4969837972258
-10.1311177311318,-11.4327331895846,27.4248994302871,-10.5069923809772
-10.193828611016,-11.3994450538222,27.6379788126901,-10.5103426235956
-10.2515982993857,-11.3556298963956,27.8496945993253,-10.5069731478539
-10.3041544680176,-11.3013025554971,28.0592183936132,-10.4968534811991
-10.3512402747578,-11.2365383533298,28.2657153222475,-10.4799846998021
-10.3926165957107,-11.1614744979269,28.4683502008343,-10.4563997802087
-10.4280642038467,-11.0763107980202,28.6662939586123,-10.4261636504464
-10.457385851741,-10.9813096457595,28.8587301977619,-10.389372936568
-10.4804082328823,-10.8767952475672,29.0448618011654,-10.3461554061523
-10.4969837972258,-10.7631520733959,29.2239175213047,-10.2966691155726
-10.5069923809772,-10.6408225346802,29.3951584066959,-10.2411012729968
-10.5103426235956,-10.5103039073812,29.5578839620464,-10.179666833937
-10.5069731478539,-10.3721445370121,29.7114379425852,-10.1126068506159
-10.4968534811991,-10.2269393772597,29.8552136853522,-10.0401866003123
-10.4799846998021,-10.0753249205321,29.9886588916803,-9.96269352112456
-10.4563997802087,-9.91797360979511,30.1112797718555,-9.88043498615114
-10.4261636504464,-9.75558782025566,30.2226444893272,-9.79373594897757
-10.389372936568,-9.58889351279751,30.322385852609,-9.70293649434968
-10.3461554061523,-9.41863366769665,30.4102032195936,-9.6083893278055
-10.2966691155726,-9.2455616105266,30.48586359629,-9.5104572386622
-10.2411012729968,-9.07043434285928,30.549201929329,-9.40951056856155
-10.179666833937,-8.89400598802142,30.6001206086518,-9.3059247165469
-10.1126068506159,-8.71702145692444,30.6385882129849,-9.20007770931286
-10.0401866003123,-8.54021043111035,30.664637545517,-9.09234786256997
-9.96269352112456,-8.36428174999737,30.6783630201753,-8.98311155643561
-9.88043498615114,-8.18991827729123,30.6799174697293,-8.87274114450154
-9.79373594897757,-8.01777230820529,30.6695084554874,-8.76160301295783
-9.70293649434968,-7.84846156467859,30.647394164106,-8.65005580406548
-9.6083893278055,-7.68256581082923,30.6138789797509,-8.53844881062201
-9.5104572386622,-7.52062410746869,30.5693088224677,-8.42712054966399
-9.40951056856155,-7.36313270903738,30.5140663401691,-8.31639751751393
-9.3059247165469,-7.21054359398314,30.4485660389613,-8.20659312624923
-9.20007770931286,-7.06326360760577,30.3732494309274,-8.09800682113175
-9.09234786256997,-6.92165418603829,30.2885802715216,-7.99092337575635
-8.98311155643561,-6.78603162138196,30.1950399506314,-7.88561235131567
-8.87274114450154,-6.65666782116668,30.0931230924827,-7.78232771541615
-8.76160301295783,-6.53379151017987,29.9833334105032,-7.68130761347516
-8.65005580406548,-6.41758981816537,29.8661798564225,-7.58277428493456
-8.53844881062201,-6.30821019827888,29.7421730853433,-7.48693409829754
-8.42712054966399,-6.20576261391664,29.6118222608262,-7.3939777037796
-8.31639751751393,-6.11032194103712,29.4756322064035,-7.3040803002393
-8.20659312624923,-6.02193053302552,29.3341009061782,-7.21740198200111
-8.09800682113175,-5.94060089468966,29.1877173547901,-7.13408816431651
-7.99092337575635,-5.86631841592309,29.03695975068,-7.0542700944564
-7.88561235131567,-5.79904412024043,28.8822940060821,-6.97806538963646
-7.78232771541615,-5.73871739330539,28.7241725608695,-6.9055786466568
-7.68130761347516,-5.68525866674203,28.563033483417,-6.83690207614311
-7.58277428493456,-5.63857200792656,28.3992998478152,-6.77211614736506
-7.48693409829754,-5.59854759561731,28.2333793311932,-6.71129028919888
-7.3939777037796,-5.56506408548451,28.065664022623,-6.65448353683935
-7.3040803002393,-5.53799082808762,27.8965304468791,-6.60174525862954
-7.21740198200111,-5.51718991309811,27.7263397333822,-6.55311578386118
-7.13408816431651,-5.50251807959799,27.5554379139296,-6.50862712153517
-7.0542700944564,-5.49382845011668,27.3841563893103,-6.46830354903023
-6.97806538963646,-5.49097207152358,27.2128124367255,-6.43216229920825
-6.9055786466568,-5.49379934129799,27.0417098334559,-6.40021409377828
-6.83690207614311,-5.50216120736523,26.8711395558014,-6.3724637766385
-6.77211614736506,-5.51591025838824,26.7013804603741,-6.34891078788324
-6.71129028919888,-5.5349016229092,26.5327001107119,-6.3295497217948
-6.65448353683935,-5.55899374240347,26.365355481498,-6.3143707368206
-6.60174525862954,-5.58804898793556,26.1995938376017,-6.30336002702501
-6.55311578386118,-5.62193415542511,26.0356534414133,-6.29650016574818
-6.50862712153517,-5.66052082074704,25.8737644321861,-6.29377047909262
-6.46830354903023,-5.70368559740164,25.7141495117625,-6.29514732609222
-6.43216229920825,-5.75131025532368,25.5570247947966,-6.30060436477519
-6.40021409377828,-5.80328177792362,25.4026004534836,-6.31011277143509
-6.3724637766385,-5.85949227493303,25.2510815123878,-6.32364139873271
-6.34891078788324,-5.91983886490796,25.1026684495286,-6.34115692534071
-6.3295497217948,-5.98422341666532,24.9575579122867,-6.36262392218414
-6.3143707368206,-6.05255227943837,24.8159432675378,-6.38800491254178
-6.30336002702501,-6.12473588079748,24.6780152316135,-6.41726036727826
-6.29650016574818,-6.20068832536738,24.5439623615506,-6.45034866399193
-6.29377047909262,-6.28032687301343,24.413971590887,-6.48722601630588
-6.29514732609222,-6.36357142091667,24.2882286602082,-6.52784634131696
-6.30060436477519,-6.45034388734324,24.1669185473232,-6.57216111099244
-6.31011277143509,-6.54056758122415,24.0502258376176,-6.62011914841101
-6.32364139873271,-6.63416651746186,23.9383350400659,-6.67166639053914
-6.34115692534071,-6.73106467884695,23.8314308858765,-6.7267456223478
-6.36262392218414,-6.83118527523714,23.7296985366858,-6.78529616131018
-6.38800491254178,-6.93444991587724,23.6333237822959,-6.84725352080198
-6.41726036727826,-7.04077780648774,23.5424931547644,-6.91254903714244
-6.45034866399193,-7.15008486347499,23.45739399507,-6.98110945944289
-6.48722601630588,-7.26228283251953,23.3782144718084,-7.05285652536505
-6.52784634131696,-7.37727837608467,23.3051435047545,-7.12770649830279
-6.57216111099244,-7.49497211402578,23.2383706588206,-7.20556968483995
-6.62011914841101,-7.61525769032315,23.1780859330167,-7.2863499429281
-6.67166639053914,-7.73802076509841,23.124479484572,-7.369944155388
-6.7267456223478,-7.86313804580471,23.0777412841042,-7.45624170733591
-6.78529616131018,-7.99047628014493,23.0380606468159,-7.54512395457966
-6.84725352080198,-8.11989124350946,23.0056257174625,-7.63646367645467
-6.91254903714244,-8.25122676308635,22.980622818174,-7.73012455384135
-6.98110945944289,-8.38431369980966,22.9632357046802,-7.82596064526471
-7.05285652536505,-8.51896899857013,22.9536447341825,-7.92381587410993
-7.12770649830279,-8.65499473740383,22.9520258706299,-8.02352356343007
-7.20556968483995,-8.79217720974268,22.9585496251804,-8.12490598829096
-7.2863499429281,-8.93028609013682,22.9733798385461,-8.2277739672864
-7.369944155388,-9.06907361906934,22.9966723319074,-8.33192652957239
-7.45624170733591,-9.2082738926843,23.028573468937,-8.43715063044445
-7.54512395457966,-9.34760224806151,23.0692185330089,-8.54322093389255
-7.63646367645467,-9.48675473038395,23.1187300110956,-8.64989970457702
-7.73012455384135,-9.62540772079485,23.177215751902,-8.75693678833645
-7.82596064526471,-9.76321770308199,23.2447669599223,-8.86406968709467
-7.92381587410993,-9.89982117850984,23.3214561184991,-8.97102377819847
-8.02352356343007,-10.0348348046297,23.4073347897522,-9.07751266289768
-8.12490598829096,-10.1678557358717,23.5024312934688,-9.1832386472246
-8.2277739672864,-10.2984621775498,23.6067483430289,-9.2878933812841
-8.33192652957239,-10.4262142305793,23.7202606111165,-9.39115867016973
-8.43715063044445,-10.5506550110765,23.8429122348443,-9.4927074508196
-8.54322093389255,-10.6713120388098,23.97461433886,-9.59220493834318
-8.64989970457702,-10.7876989756065,24.1152425806074,-9.68930995332998
-8.75693678833645,-10.8993177062185,24.2646347305757,-9.78367643406571
-8.86406968709467,-11.0056607218317,24.4225883668302,-9.87495512370934
-8.97102377819847,-11.1062138883826,24.5888587181544,-9.96279542941346
-9.07751266289768,-11.200459581902,24.7631566842828,-10.0468474383791
-9.1832386472246,-11.28788015169,24.9451470978125,-10.1267640898665
-9.2878933812841,-11.3679617299116,25.1344472801821,-10.2022034807244
-9.39115867016973,-11.4401983760162,25.3306259534719,-10.2728312847093
-9.4927074508196,-11.5040965262766,25.5332025461154,-10.3383232622784
-9.59220493834318,-11.5591796876194,25.7416469532948,-10.3983678284808
-9.68930995332998,-11.6049933568618,25.9553798024521,-10.4526686533152
-9.78367643406571,-11.6411101062478,26.1737732821895,-10.5009472626867
-9.87495512370934,-11.6671347737447,26.396152562551,-10.5429456010338
-9.96279542941346,-11.6827096807565,26.6217978480442,-10.5784285196319
-10.0468474383791,-11.687519787826,26.8499470754972,-10.607186145423
-10.1267640898665,-11.6812977223381,27.0797992892383,-10.6290360986134
-10.2022034807244,-11.6638285690544,27.3105186878824,-10.6438255242837
-10.2728312847093,-11.6349543370652,27.5412393296808,-10.6514328952425
-10.3383232622784,-11.5945780003303,27.7710704727202,-10.6517695550347
-10.3983678284808,-11.5426670119573,27.9991024938139,-10.6447809719362
-10.4526686533152,-11.4792562092258,28.2244133374214,-10.6304476789602
-10.5009472626867,-11.4044500171885,28.4460754280125,-10.6087858796976
-10.5429456010338,-11.3184238787724,28.6631629489195,-10.5798477056386
-10.5784285196319,-11.2214248437916,28.8747593925727,-10.5437211165965
-10.607186145423,-11.1137712712544,29.0799652436246,-10.5005294427953
-10.6290360986134,-10.9958516197775,29.2779056894101,-10.4504305735907
-10.6438255242837,-10.8681223018936,29.467738249421,-10.3936158041694
-10.6514328952425,-10.7311046204623,29.6486601636016,-10.3303083578017
-10.6517695550347,-10.5853808139281,29.8199154166939,-10.2607616069337
-10.6447809719362,-10.4315892624933,29.9808012743862,-10.1852570214973
-10.6304476789602,-10.2704189255468,30.1306742151896,-10.1041018771665
-10.6087858796976,-10.1026030995125,30.2689551523114,-10.0176267597792
-10.5798477056386,-9.92891260186319,30.3951338547959,-9.92618290471544
-10.5437211165965,-9.75014849878925,30.5087724954197,-9.83013941163665
-10.5005294427953,-9.56713450918379,30.6095082709856,-9.72988037563689
-10.4504305735907,-9.38070921869044,30.6970550643535,-9.6258019755796
-10.3936158041694,-9.19171824251704,30.7712041380022,-9.51830955923677
-10.3303083578017,-9.00100647411713,30.8318238708513,-9.40781476290421
-10.2607616069337,-8.80941055160059,30.8788585709753,-9.2947327005356
-10.1852570214973,-8.61775166506545,30.9123264161736,-9.17947925423642
-10.1041018771665,-8.42682881626055,30.9323165915529,-9.06246849431542
-10.0176267597792,-8.23741262761342,30.9389857078253,-8.94411025351714
-9.92618290471544,-8.05023978129626,30.9325535955782,-8.82480787539786
-9.83013941163665,-7.86600815130163,30.913298579089,-8.70495615188642
-9.72988037563689,-7.68537267312686,30.8815523382739,-8.58493946335727
-9.6258019755796,-7.50894197726208,30.8376944691186,-8.46513012764945
-9.51830955923677,-7.3372757948458,30.7821468516371,-8.34588696214783
-9.40781476290421,-7.17088312711956,30.7153679303028,-8.22755405942968
-9.2947327005356,-7.01022115512576,30.6378470053882,-8.11045977582551
-9.17947925423642,-6.85569485279603,30.5500986251398,-7.99491592508498
-9.06246849431542,-6.70765725542117,30.452657158674,-7.88121716746822
-8.94411025351714,-6.56641032630785,30.3460716191768,-7.76964058570851
-8.82480787539786,-6.4322063582046,30.2309007939712,-7.66044543845379
-8.70495615188642,-6.30524984150024,30.1077087256008,-7.55387308037668
-8.58493946335727,-6.18569972733311,29.9770605806711,-7.45014702409771
-8.46513012764945,-6.07367201612173,29.8395189259196,-7.34947313689204
-8.34588696214783,-5.96924260232473,29.6956404241363,-7.25203996572729
-8.22755405942968,-5.87245030977957,29.5459729527424,-7.15801916197062
-8.11045977582551,-5.78330005078983,29.3910531442943,-7.06756598892775
-7.99491592508498,-5.70176605649524,29.2314043316792,-6.98081992610938
-7.88121716746822,-5.62779511566752,29.0675348784429,-6.89790531730254
-7.76964058570851,-5.56130978837183,28.8999368708727,-6.81893207401623
-7.66044543845379,-5.50221155388425,28.7290851504553,-6.74399643610333
-7.55387308037668,-5.45038384418203,28.5554366667618,-6.67318171479104
-7.45014702409771,-5.40569493931635,28.379430095611,-6.60655912103972
-7.34947313689204,-5.36800071762014,28.2014857030241,-6.54418851482165
-7.25203996572729,-5.33714723385923,28.0220054467684,-6.48611925189367
-7.15801916197062,-5.31297309206415,27.8413732611062,-6.43239091778291
-7.06756598892775,-5.29531163621461,27.6599554776314,-6.38303415306625
-6.98081992610938,-5.28399295676051,27.4781014235244,-6.33807134857844
-6.89790531730254,-5.27884565625288,27.2961441018457,-6.29751742720047
-6.81893207401623,-5.27969846345395,27.11440094551,-6.26138047580527
-6.74399643610333,-5.2863816243814,26.9331747004583,-6.22966246550863
-6.67318171479104,-5.29872810299902,26.7527542562396,-6.20235981408958
-6.60655912103972,-5.31657463748493,26.5734156346506,-6.17946401747223
-6.54418851482165,-5.3397625658634,26.3954228592103,-6.16096214695997
-6.48611925189367,-5.36813855879976,26.2190289746967,-6.14683737145524
-6.43239091778291,-5.40155513238031,26.0444769197599,-6.13706939145631
-6.38303415306625,-5.43987107814439,25.8720005297696,-6.13163484166473
-6.33807134857844,-5.4829517148483,25.7018253773176,-6.13050765971011
-6.29751742720047,-5.53066904808689,25.5341697368687,-6.13365937118559
-6.26138047580527,-5.58290180674549,25.3692453633176,-6.14105937852067
-6.22966246550863,-5.63953536642159,25.2072583989729,-6.15267514783122
-6.20235981408958,-5.70046160530785,25.0484100887896,-6.16847239495231
-6.17946401747223,-5.76557863346343,24.8928975990782,-6.18841519578777
-6.16096214695997,-5.83479048810202,24.740914677308,-6.21246605618346
-6.14683737145524,-5.90800671075748,24.5926523656104,-6.24058595131148
-6.13706939145631,-5.98514189691026,24.4482996056433,-6.27273428878501
-6.13163484166473,-6.06611515650049,24.3080438400392,-6.30886886140775
-6.13050765971011,-6.15084952866374,24.1720715603211,-6.34894572794451
-6.13365937118559,-6.23927135265122,24.0405687960931,-6.39291906239832
-6.14105937852067,-6.33130956222799,23.9137215930603,-6.44074096517668
-6.15267514783122,-6.42689497866801,23.7917164018743,-6.49236121406659
-6.16847239495231,-6.52595950523974,23.6747404632102,-6.54772699639601
-6.18841519578777,-6.62843533908634,23.5629821104698,-6.60678258322609
-6.21246605618346,-6.73425409637987,23.4566310376254,-6.66946896999674
-6.24058595131148,-6.84334592735054,23.3558785193025,-6.73572348714855
-6.27273428878501,-6.95563859831966,23.2609175509195,-6.80547935774634
-6.30886886140775,-7.07105651098334,23.1719429634476,-6.87866523668144
-6.34894572794451,-7.18951974117452,23.0891514437958,-6.95520471051146
-6.39291906239832,-7.31094298560593,23.0127415057008,-7.03501576034748
-6.44074096517668,-7.43523453876244,22.9429133925974,-7.11801021536948
-6.49236121406659,-7.56229520745401,22.8798688783101,-7.20409316153079
-6.54772699639601,-7.69201720802211,22.8238110252003,-7.29316234075458
-6.60678258322609,-7.82428307389127,22.7749438135531,-7.38510754062176
-6.66946896999674,-7.95896449290708,22.7334717011808,-7.47980995135708
-6.73572348714855,-8.09592120074185,22.6995990842793,-7.57714154087902
-6.80547935774634,-8.23499981392088,22.6735296176027,-7.67696441914246
-6.87866523668144,-8.37603269472903,22.6554654724215,-7.77913020095174
-6.95520471051146,-8.51883683638517,22.6456064177855,-7.88347940778131
-7.03501576034748,-8.66321272924244,22.6441488072904,-7.98984087573033
-7.11801021536948,-8.80894331412327,22.6512844323484,-8.09803119368754
-7.20409316153079,-8.95579293369068,22.6671991918592,-8.20785420854637
-7.29316234075458,-9.10350636123092,22.6920716787257,-8.31910056778061
-7.38510754062176,-9.25180792286429,22.7260715607706,-8.43154732467797
-7.47980995135708,-9.40040067316316,22.7693578242977,-8.54495764689095
-7.57714154087902,-9.54896571955098,22.8220768908351,-8.65908060632018
-7.67696441914246,-9.69716167209161,22.8843605184057,-8.77365106443359
-7.77913020095174,-9.84462422891923,22.9563236050599,-8.88838970256942
-7.88347940778131,-9.99096597700533,23.0380618323201,-9.00300318323396
-7.98984087573033,-10.1357763879898,23.1296491353646,-9.11718444868638
-8.09803119368754,-10.2786220285962,23.2311350950105,-9.23061319255636
-8.20785420854637,-10.4190470667199,23.3425422041956,-9.34295651447536
-8.31910056778061,-10.5565740595156,23.4638630176971,-9.45386975819707
-8.43154732467797,-10.690705031751,23.5950572744672,-9.56299754120969
-8.54495764689095,-10.8209229300389,23.736048980524,-9.66997499560487
-8.65908060632018,-10.9466934502224,23.8867234663733,-9.77442922280653
-8.77365106443359,-11.0674672137079,24.0469245124419,-9.87598095950724
-8.88838970256942,-11.1826823824707,24.2164515661208,-9.97424645550658
-9.00300318323396,-11.2917677070914,24.3950570808897,-10.0688395533863
-9.11718444868638,-11.3941459697082,24.5824440594577,-10.1593739710031
-9.23061319255636,-11.4892378656301,24.7782638556388,-10.2454657671637
-9.34295651447536,-11.5764663131783,24.98211430125,-10.3267359722951
-9.45386975819707,-11.6552611716222,25.1935382111454,-10.402813361747
-9.56299754120969,-11.725064310604,25.4120223436306,-10.4733373427188
-9.66997499560487,-11.7853350294896,25.636996881752,-10.5379609191421
-9.77442922280653,-11.8355557603368,25.8678355068598,-10.5963537076962
-9.87598095950724,-11.8752379997038,26.1038561137209,-10.6482049559949
-9.97424645550658,-11.9039283873835,26.3443222289202,-10.693226524887
-10.0688395533863,-11.9212148391452,26.5884451676724,-10.7311557871014
-10.1593739710031,-11.9267326590878,26.8353869781524,-10.7617583927299
-10.2454657671637,-11.9201705080179,27.0842641895026,-10.7848308577232
-10.3267359722951,-11.9012761249464,27.3341523677271,-10.8002029342963
-10.402813361747,-11.8698616796606,27.5840914721741,-10.8077397119317
-10.4733373427188,-11.8258086338281,27.8330919807839,-10.8073434116827
-10.5379609191421,-11.7690719918653,28.0801417243441,-10.7989548375107
-10.5963537076962,-11.6996838330833,28.3242133860541,-10.7825544544018
-10.6482049559949,-11.6177560085625,28.5642725560217,-10.7581630691477
-10.693226524887,-11.5234819143316,28.799286246692,-10.7258420968682
-10.7311557871014,-11.417137255092,29.0282317396602,-10.6856934041161
-10.7617583927299,-11.2990797396163,29.2501056123283,-10.6378587274937
-10.7848308577232,-11.1697476747847,29.4639327983031,-10.5825186748587
-10.8002029342963,-11.0296574299745,29.6687755480594,-10.5198913241834
-10.8077397119317,-10.8793997927279,29.8637420964436,-10.4502304427118
-10.8073434116827,-10.7196352490806,30.0479948873471,-10.373823356008
-10.7989548375107,-10.5510882535587,30.2207581993363,-10.2909885026226
-10.7825544544018,-10.3745405779306,30.3813250289982,-10.2020727152398
-10.7581630691477,-10.1908238511481,30.529063103024,-10.1074482731998
-10.7258420968682,-10.0008114234434,30.6634199093604,-10.0075097741287
-10.6856934041161,-9.80540970422466,30.7839266606632,-9.90267087402142
-10.6378587274937,-9.60554913563067,30.8902011287751,-9.79336094552771
-10.5825186748587,-9.40217497095696,30.9819493160759,-9.68002170343067
-10.5198913241834,-9.19623802944672,31.0589659573276,-9.56310384449937
-10.4502304427118,-8.98868559613634,31.1211338730655,-9.44306374616316
-10.373823356008,-8.78045262777588,31.1684222216867,-9.32036026457394
-10.2909885026226,-8.57245341371229,31.2008837212741,-9.1954516689362
-10.2020727152398,-8.36557382462365,31.2186509330895,-9.06879274383567
-10.1074482731998,-8.16066426285184,31.2219317159639,-8.94083208640779
-10.0075097741287,-7.95853340662896,31.211003974084,-8.81200961998509
-9.90267087402142,-7.7599428176041,31.1862098296767,-8.6827543406367
-9.79336094552771,-7.56560245763673,31.1479493568026,-8.55348230792107
-9.68002170343067,-7.37616713766639,31.0966740130141,-8.42459488634823
-9.56310384449937,-7.19223389936703,31.0328799023657,-8.29647723973085
-9.44306374616316,-7.01434030987034,30.9571009966101,-8.16949707795245
-9.32036026457394,-6.8429636316786,30.8699024311792,-8.04400364791137
-9.1954516689362,-6.67852081442736,30.7718739818242,-7.92032696053971
-9.06879274383567,-6.52136924229043,30.6636238132408,-7.79877724219256
-8.94083208640779,-6.3718081611703,30.5457725767011,-7.67964459810099
-8.81200961998509,-6.23008070302629,30.4189479185794,-7.56319887527
-8.6827543406367,-6.09637642077657,30.2837794465637,-7.44968970271386
-8.55348230792107,-5.97083424599065,30.1408941857974,-7.33934669012516
-8.42459488634823,-5.85354578283595,29.9909125435953,-7.23237977781028
-8.29647723973085,-5.74455885484529,29.8344447893544,-7.12897971665702
-8.16949707795245,-5.64388122200184,29.672088048621,-7.02931864610044
-8.04400364791137,-5.55148440106932,29.504423791905,-6.93355077521438
-7.92032696053971,-5.4673075119006,29.3320157997779,-6.84181314597835
-7.79877724219256,-5.39126110102774,29.1554085734924,-6.75422643509936
-7.67964459810099,-5.32323089337437,28.9751261611039,-6.67089583254044
-7.56319887527,-5.26308141483868,28.7916713720555,-6.59191193579015
-7.44968970271386,-5.21065945869305,28.605525329685,-6.51735165781982
-7.33934669012516,-5.16579736009913,28.417147319218,-6.44727918416717
-7.23237977781028,-5.12831608391935,28.2269749103682,-6.38174686008924
-7.12897971665702,-5.09802806823682,28.0354243231997,-6.32079616634512
-7.02931864610044,-5.07473982846989,27.8428909603291,-6.26445855932825
-6.93355077521438,-5.05825435379346,27.6497501115414,-6.21275642256386
-6.84181314597835,-5.04837323813447,27.4563578148714,-6.16570384037321
-6.75422643509936,-5.0448985647692,27.263051767282,-6.12330749550026
-6.67089583254044,-5.04763460510306,27.0701523589218,-6.08556736219954
-6.59191193579015,-5.05638923552946,26.8779637553493,-6.05247751996185
-6.51735165781982,-5.07097518821639,26.6867749684152,-6.0240267721538
-6.44727918416717,-5.09121107127862,26.4968610440192,-6.00019934839352
-6.38174686008924,-5.11692221023581,26.3084841132715,-5.98097544122879
-6.32079616634512,-5.14794130872613,26.1218946079312,-5.96633179505933
-6.26445855932825,-5.18410894655464,25.9373322681502,-5.95624215621398
-6.21275642256386,-5.22527391509581,25.7550273236655,-5.95067773644535
-6.16570384037321,-5.27129343574382,25.575201441477,-5.94960758644782
-6.12330749550026,-5.32203321087449,25.3980688361914,-5.9529989226299
-6.08556736219954,-5.3773674125627,25.2238371506245,-5.96081742535638
-6.05247751996185,-5.43717850050458,25.0527084637768,-5.97302744180776
-6.0240267721538,-5.50135700939628,24.8848801128525,-5.98959218443634
-6.00019934839352,-5.56980118547807,24.720545584152,-6.01047384260007
-5.98097544122879,-5.64241660474898,24.5598952616556,-6.03563365742644
-5.96633179505933,-5.71911565822241,24.4031172159083,-6.06503195737655
-5.95624215621398,-5.79981703204663,24.2503978684465,-6.09862811488266
-5.95067773644535,-5.88444506993751,24.1019226776899,-6.13638049057992
-5.94960758644782,-5.97292912852331,23.9578767282251,-6.1782462993257
-5.9529989226299,-6.06520285083572,23.8184453022803,-6.22418144229054
-5.96081742535638,-6.16120339833316,23.6838144019945,-6.27414029816094
-5.97302744180776,-6.2608706578966,23.5541712066026,-6.32807544656547
-5.98959218443634,-6.36414636550137,23.429704512592,-6.38593737398763
-6.01047384260007,-6.47097324086978,23.3106050942614,-6.44767411124342
-6.03563365742644,-6.58129403298038,23.1970660346718,-6.51323083795
-6.06503195737655,-6.69505056030689,23.0892830003894,-6.58254944985051
-6.09862811488266,-6.81218270845129,22.9874544463971,-6.65556806553292
-6.13638049057992,-6.93262736687934,22.8917817888444,-6.73222051663322
-6.1782462993257,-7.05631737992347,22.8024694877875,-6.8124357818235
-6.22418144229054,-7.18318039770628,22.7197250803101,-6.89613738832531
-6.27414029816094,-7.31313775753658,22.6437591429713,-6.98324279222796
-6.32807544656547,-7.4461032880206,22.5747851546383,-7.07366270216472
-6.38593737398763,-7.58198209533883,22.5130193128271,-7.16730040194977
-6.44767411124342,-7.72066934611235,22.4586802182396,-7.26405103505772
-6.51323083795,-7.86204896953518,22.4119884904669,-7.36380086408984
-6.58254944985051,-8.00599241360683,22.3731662730743,-7.46642654101584
-6.65556806553292,-8.15235731029237,22.3424365976545,-7.57179434111096
-6.73222051663322,-8.30098618734185,22.3200226779441,-7.67975941146631
-6.8124357818235,-8.45170515813646,22.3061470060091,-7.79016503736096
-6.89613738832531,-8.6043226007014,22.3010303657062,-7.90284189973353
-6.98324279222796,-8.75862790614537,22.3048906681901,-8.01760738176146
-7.07366270216472,-8.91439019282942,22.3179416106586,-8.13426491420877
-7.16730040194977,-9.07135712258992,22.3403912296024,-8.25260335267438
-7.26405103505772,-9.22925375566698,22.3724401980876,-8.37239643793409
-7.36380086408984,-9.38778147359469,22.4142800124575,-8.49340233768589
-7.46642654101584,-9.54661704659207,22.466090970266,-8.61536326531236
-7.57179434111096,-9.70541178739197,22.5280399260956,-8.73800521948744
-7.67975941146631,-9.86379087173561,22.6002779289866,-8.86103786333517
-7.79016503736096,-10.0213528605781,22.68293761615,-8.98415453334206
-7.90284189973353,-10.1776694003318,22.7761304375213,-9.10703240747891
-8.01760738176146,-10.3322851822556,22.8799437479591,-9.22933287116207
-8.13426491420877,-10.4847181952182,22.9944376902426,-9.35070207145281
-8.25260335267438,-10.6344602586549,23.1196419659748,-9.47077167905323
-8.37239643793409,-10.7809779128918,23.2555525116028,-9.58915987580719
-8.49340233768589,-10.923713711065,23.4021280581737,-9.70547258837518
-8.61536326531236,-11.0620878962283,23.5592866570322,-9.81930496498037
-8.73800521948744,-11.195500520735,23.7269022190338,-9.93024310572629
-8.86103786333517,-11.3233340640032,23.9048010896972,-10.0378660451263
-8.98415453334206,-11.4449565329068,24.0927587194579,-10.1417479880225
-9.10703240747891,-11.559725047425,24.2904965166224,-10.2414607952297
-9.22933287116207,-11.6669899724764,24.4976789444191,-10.336576699871
-9.35070207145281,-11.7660995733827,24.7139109172953,-10.4266712396376
-9.47077167905323,-11.8564051620788,24.9387355982744,-10.5113263800663
-9.58915987580719,-11.9372667293188,25.1716326682083,-10.5901337982177
-9.70547258837518,-12.0080590360902,25.4120171651506,-10.6626982889042
-9.81930496498037,-12.0681781059869,25.6592389608594,-10.7286412593519
-9.93024310572629,-12.1170480545317,25.9125829635507,-10.7876042580391
-10.0378660451263,-12.1541281646019,26.1712701169565,-10.8392524911911
-10.1417479880225,-12.1789201272008,26.434459261159,-10.8832782721496
-10.2414607952297,-12.190975335289,26.7012499196023,-10.9194043453563
-10.336576699871,-12.1899021024014,26.9706860400443,-10.9473870266045
-10.4266712396376,-12.1753726769607,27.2417607174206,-10.9670191070071
-10.5113263800663,-12.1471299051084,27.5134218999715,-10.9781324641298
-10.5901337982177,-12.1049933928438,27.7845790562442,-10.9806003261973
-10.6626982889042,-12.0488650177695,28.0541107513517,-10.9743391445023
-10.7286412593519,-11.9787336480401,28.3208730812037,-10.9593100334079
-10.7876042580391,-11.8946789186365,28.5837088496152,-10.9355197452993
-10.8392524911911,-11.7968739440019,28.8414573773996,-10.903021156451
-10.8832782721496,-11.6855868517349,29.0929647990106,-10.8619132492775
-10.9194043453563,-11.561181046919,29.3370946759007,-10.8123405864708
-10.9473870266045,-11.4241141484212,29.5727387376533,-10.7544922827622
-10.9670191070071,-11.2749355619789,29.798827571884,-10.6886004901559
-10.9781324641298,-11.1142826832831,30.0143410607512,-10.6149384221543
-10.9806003261973,-10.9428757702875,30.2183183485044,-10.5338179514239
-10.9743391445023,-10.7615115482879,30.4098671499836,-10.4455868232682
-10.9593100334079,-10.5710556486485,30.5881722128695,-10.3506255339516
-10.9355197452993,-10.3724340122645,30.7525027655593,-10.2493439281961
-10.903021156451,-10.1666234164549,30.9022188054459,-10.1421775739199
-10.8619132492775,-9.95464130696787,31.03677611042,-10.0295839744702
-10.8123405864708,-9.73753513416944,31.1557298882602,-9.91203867922143
-10.7544922827622,-9.5163714036191,31.2587370129698,-9.79003135253475
-10.6886004901559,-9.29222465572637,31.3455568327235,-9.66406185881817
-10.6149384221543,-9.06616658694986,31.4160505695359,-9.53463641795161
-10.5338179514239,-8.83925551626838,31.470179364719,-9.40226388083116
-10.4455868232682,-8.61252638592742,31.5080010554179,-9.26745216945336
-10.3506255339516,-8.38698146551158,31.529665794924,-9.13070492002203
-10.2493439281961,-8.16358190417765,31.5354106522168,-8.99251836123121
-10.1421775739199,-7.94324024851143,31.5255533436528,-8.85337845336896
-10.0295839744702,-7.72681401412525,31.5004852615879,-8.71375830738819
-9.91203867922143,-7.5151003689872,31.4606639709028,-8.57411589678239
-9.79003135253475,-7.30883195670144,31.4066053450867,-8.43489206915285
-9.66406185881817,-7.10867385957953,31.338875509138,-8.29650885928235
-9.53463641795161,-6.91522167523731,31.2580827476433,-8.15936810053461
-9.40226388083116,-6.72900065732576,31.1648695237249,-8.0238503247175
-9.26745216945336,-6.55046585136685,31.059904738919,-7.89031394037302
-9.13070492002203,-6.38000314082935,30.943876346302,-7.75909467349016
-8.99251836123121,-6.21793110666631,30.8174844101498,-7.63050525487539
-8.85337845336896,-6.06450359550854,30.6814346858904,-7.50483533668173
-8.71375830738819,-5.9199128873885,30.5364327747851,-7.38235161414426
-8.57411589678239,-5.78429335298176,30.3831788892766,-7.26329812860713
-8.43489206915285,-5.65772549254601,30.2223632478018,-7.14789673987437
-8.29650885928235,-5.54024025221565,30.0546621034131,-7.03634774383573
-8.15936810053461,-5.431823520348,29.8807343968692,-6.92883060378083
-8.0238503247175,-5.33242071741132,29.7012190092446,-6.82550478631842
-7.89031394037302,-5.2419413922128,29.5167325870982,-6.72651069157449
-7.75909467349016,-5.16026376349738,29.3278678984435,-6.63197062699401
-7.63050525487539,-5.08723914712908,29.1351926793481,-6.54198984517363
-7.50483533668173,-5.02269620710195,28.939248930617,-6.45665762052595
-7.38235161414426,-4.96644500050584,28.740552607601,-6.3760483061981
-7.26329812860713,-4.91828077261007,28.5395936489416,-6.30022246818203
-7.14789673987437,-4.8779875104261,28.3368363113522,-6.22922791633779
-7.03634774383573,-4.84534119935612,28.1327197708358,-6.16310083930067
-6.92883060378083,-4.82011278518776,27.9276589168818,-6.10186677824923
-6.82550478631842,-4.80207086575175,27.7220453150692,-6.04554172418482
-6.72651069157449,-4.79098409004813,27.5162483356461,-5.99413300560045
-6.63197062699401,-4.7866232461592,27.3106163458995,-5.94764032557832
-6.54198984517363,-4.78876312218785,27.1054779861501,-5.90605653993206
-6.45665762052595,-4.79718407036287,26.9011435291652,-5.86936860086135
-6.3760483061981,-4.81167332609592,26.6979061789389,-5.83755825268392
-6.30022246818203,-4.83202612895711,26.4960434981245,-5.81060283012187
-6.22922791633779,-4.85804656556838,26.2958186803509,-5.7884758794438
-6.16310083930067,-4.88954828592464,26.0974819649893,-5.77114780501998
-6.10186677824923,-4.92635496306485,25.901271836538,-5.75858641366227
-6.04554172418482,-4.9683006430841,25.7074163893903,-5.75075740462855
-5.99413300560045,-5.0152299066995,25.5161344216025,-5.74762483078818
-5.94764032557832,-5.06699789692239,25.3276367234072,-5.74915145274571
-5.90605653993206,-5.12347025069479,25.1421270602896,-5.7552990831745
-5.86936860086135,-5.18452286203785,24.9598033421234,-5.7660288457935
-5.83755825268392,-5.25004161373577,24.7808585373541,-5.78130137819801
-5.81060283012187,-5.31992194853163,24.6054816885948,-5.80107700374447
-5.7884758794438,-5.3940684244155,24.4338587552661,-5.82531581384978
-5.77114780501998,-5.47239414160314,24.2661734956918,-5.85397772236978
-5.75858641366227,-5.55482014516731,24.1026082332724,-5.8870224621717
-5.75075740462855,-5.64127474768388,23.94334460876,-5.92440951161493
-5.74762483078818,-5.73169279436971,23.7885642763976,-5.96609799830415
-5.74915145274571,-5.82601490499258,23.6384495363642,-6.01204652596641
-5.7552990831745,-5.92418662842608,23.4931839490437,-6.06221295953054
-5.7660288457935,-6.02615759529025,23.3529528746142,-6.11655417147671
-5.78130137819801,-6.13188060101563,23.2179439829017,-6.1750257120022
-5.80107700374447,-6.24131065202606,23.0883477161674,-6.23758146019837
-5.82531581384978,-6.35440399614448,22.9643576897707,-6.30417320453973
-5.85397772236978,-6.4711170728998,22.8461710621295,-6.3747501800509
-5.8870224621717,-6.59140546473818,22.7339888409076,-6.44925857261201
-5.92440951161493,-6.71522278806796,22.6280161328611,-6.52764094831142
-5.96609799830415,-6.8425195371457,22.5284623496329,-6.60983566919473
-6.01204652596641,-6.97324192494661,22.4355413325974,-6.69577624084452
-6.06221295953054,-7.10733062883768,22.3494714212665,-6.78539062550902
-6.11655417147671,-7.24471954969612,22.270475453157,-6.87860052735418
-6.1750257120022,-7.38533449917833,22.1987806606534,-6.97532060940119
-6.23758146019837,-7.52909184651279,22.1346185155094,-7.0754577147615
-6.30417320453973,-7.67589716751481,22.078224443079,-7.17891002598572
-6.3747501800509,-7.82564378542915,22.0298374512673,-7.28556620778102
-6.44925857261201,-7.97821137274479,21.989699653433,-7.39530454743466
-6.52764094831142,-8.13346443367848,21.9580556278391,-7.50799204495145
-6.60983566919473,-8.29125083515951,21.9351517068541,-7.62348353266465
-6.69577624084452,-8.45140029195759,21.9212350424363,-7.74162078153986
-6.78539062550902,-8.61372283617452,21.9165525850456,-7.86223160806239
-6.87860052735418,-8.77800734421229,21.9213498511206,-7.98512903478823
-6.97532060940119,-8.94402000585308,21.9358695027942,-8.11011046513608
-7.0754577147615,-9.11150291211886,21.9603497953763,-8.23695690478412
-7.17891002598572,-9.28017263761537,21.9950227253525,-8.36543227470264
-7.28556620778102,-9.44971891599963,22.0401120670412,-8.49528278963104
-7.39530454743466,-9.61980344323473,22.0958311250688,-8.62623642993787
-7.50799204495145,-9.79005875622622,22.1623802619782,-8.75800255652255
-7.62348353266465,-9.96008731292122,22.2399442579339,-8.89027166036024
-7.74162078153986,-10.1294607516959,22.3286893485758,-9.02271526062293
-7.86223160806239,-10.2977193536982,22.4287601092525,-9.15498599886484
-7.98512903478823,-10.464371804344,22.5402761115851,-9.28671794363529
-8.11011046513608,-10.6288952513624,22.663328321088,-9.417527114957
-8.23695690478412,-10.7907356850596,22.797975373109,-9.54701225002394
-8.36543227470264,-10.9493087436739,22.9442396714297,-9.6747558412142
-8.49528278963104,-11.1040009557105,23.1021033191313,-9.80032545608836
-8.62623642993787,-11.2541714237737,23.2715040084064,-9.92327534934932
-8.75800255652255,-11.39915405756,23.4523308660706,-10.0431483784479
-8.89027166036024,-11.5382603788939,23.6444202907668,-10.1594782246944
-9.02271526062293,-11.6707828794116,23.847551896138,-10.271791923237
-9.15498599886484,-11.7959990067531,24.0614446174987,-10.3796126963273
-9.28671794363529,-11.9131757946643,24.2857530620674,-10.4824630720693
-9.417527114957,-12.0215751355277,24.5200641859614,-10.5798682711217
-9.54701225002394,-12.1204596581867,24.7638944149774,-10.671359832898
-9.6747558412142,-12.2090992383169,25.0166872993927,-10.756479445952
-9.80032545608836,-12.2867780775739,25.2778118178656,-10.8347829392778
-9.92327534934932,-12.3528023079535,25.5465614241668,-10.9058443832338
-10.0431483784479,-12.4065080388764,25.8221539496469,-10.9692602487397
-10.1594782246944,-12.4472697478698,26.1037324527644,-11.0246535562505
-10.271791923237,-12.4745089159212,26.3903671045867,-11.0716779516498
-10.3796126963273,-12.4877027675324,26.6810581906861,-11.1100216377007
-10.4824630720693,-12.4863929621154,26.97474027617,-11.1394110910259
-10.5798682711217,-12.470194074797,27.270287572845,-11.1596144906664
-10.671359832898,-12.4388016847185,27.5665205169119,-11.1704447936417
-10.756479445952,-12.3919998839785,27.8622135373219,-11.1717623926084
-10.8347829392778,-12.3296680164021,28.1561039626501,-11.1634772972655
-10.9058443832338,-12.2517864589422,28.4469019780847,-11.1455507902048
-10.9692602487397,-12.1584412688244,28.7333015302091,-11.1179965176569
-11.0246535562505,-12.0498275255496,29.0139920128264,-11.0808809867612
-11.0716779516498,-11.9262512304014,29.2876705633805,-11.0343234530902
-11.1100216377007,-11.78812964639,29.5530547580065,-10.9784951949884
-11.1394110910259,-11.6359899949841,29.8088954796855,-10.9136181842678
-11.1596144906664,-11.4704664715559,30.0539896995333,-10.8399631755831
-11.1704447936417,-11.2922955772656,30.2871929289116,-10.7578472489238
-11.1717623926084,-11.1023098095125,30.5074310840282,-10.6676308507039
-11.1634772972655,-10.901429799753,30.7137115106032,-10.5697143885642
-11.1455507902048,-10.6906550301584,30.9051329353096,-10.4645344429386
-11.1179965176569,-10.4710533008028,31.0808941343668,-10.352559664474
-11.0808809867612,-10.2437491535624,31.240301141293,-10.2342864304203
-11.0343234530902,-10.0099114878808,31.3827728528955,-10.1102343350752
-10.9784951949884,-9.77074062465094,31.5078449348751,-9.98094158933712
-10.9136181842678,-9.52745508683509,31.6151719737471,-9.84696040249267
-10.8399631755831,-9.28127836931519,31.7045278682223,-9.70885241574111
-10.7578472489238,-9.03342596507305,31.7758044990809,-9.56718425184953
-10.6676308507039,-8.7850929009296,31.8290087599227,-9.42252323902504
-10.5697143885642,-8.53744201445192,31.8642580703696,-9.27543335986273
-10.4645344429386,-8.29159317543594,31.8817745269346,-9.12647146837829
-10.352559664474,-8.04861362200831,31.8818778738091,-8.97618380994926
-10.2342864304203,-7.80950954443542,31.8649774955489,-8.82510287073316
-10.1102343350752,-7.57521901082677,31.831563645777,-8.67374457504098
-9.98094158933712,-7.34660628967958,31.7821981306061,-8.52260584142688
-9.84696040249267,-7.12445758614285,31.7175046629418,-8.37216250109103
-9.70885241574111,-6.90947817330299,31.6381590948276,-8.22286757574654
-9.56718425184953,-6.70229086780498,31.5448797204677,-8.07514990677501
-9.42252323902504,-6.5034357715496,31.4384178235731,-7.9294131226281
-9.27543335986273,-6.31337117859628,31.3195486203896,-7.7860349252071
-9.12647146837829,-6.1324755290174,31.1890627253386,-7.64536667546612
-8.97618380994926,-5.96105027931069,31.0477582407615,-7.5077332546476
-8.82510287073316,-5.79932355187153,30.8964335468176,-7.37343317834804
-8.67374457504098,-5.64745442358469,30.7358808430159,-7.24273893732326
-8.52260584142688,-5.50553771531994,30.5668804698978,-7.11589753494926
-8.37216250109103,-5.37360914945181,30.3901960185955,-6.99313119479772
-8.22286757574654,-5.25165075087376,30.2065702178332,-6.87463822424217
-8.07514990677501,-5.13959637596953,30.0167215734432,-6.7605939983249
-7.9294131226281,-5.03733726579904,29.8213417230984,-6.65115203207863
-7.7860349252071,-4.94472753740079,29.6210934547135,-6.54644514876448
-7.64536667546612,-4.86158952629503,29.4166093361437,-6.44658669947475
-7.5077332546476,-4.78771892896174,29.2084908942441,-6.35167180066982
-7.37343317834804,-4.72288969217926,28.997308285647,-6.26177863919796
-7.24273893732326,-4.66685859535889,28.7836004008838,-6.17696973213385
-7.11589753494926,-4.61936950961883,28.567875328967,-6.0972932176353
-6.99313119479772,-4.58015730963691,28.3506111228034,-6.02278411815793
-6.87463822424217,-4.54895144997478,28.1322568318219,-5.95346555542588
-6.7605939983249,-4.5254791603414,27.9132337418499,-5.88934996585124
-6.65115203207863,-4.50946828503884,27.6939367418019,-5.83044023649634
-6.54644514876448,-4.50064981206348,27.4747358336029,-5.77673080310997
-6.44658669947475,-4.49876003362552,27.255977727963,-5.72820872423988
-6.35167180066982,-4.50354239443249,27.0379874342322,-5.68485461070152
-6.26177863919796,-4.51474908111942,26.821069949178,-5.6466436154535
-6.17696973213385,-4.53214226863769,26.6055118734708,-5.61354624775062
-6.0972932176353,-4.55549518092677,26.3915830434002,-5.5855291883452
-6.02278411815793,-4.58459284721117,26.1795381345381,-5.56255602561719
-5.95346555542588,-4.61923270865668,25.9696181788214,-5.54458789649822
-5.88934996585124,-4.65922496250155,25.7620520730317,-5.53158411533771
-5.83044023649634,-4.70439279847163,25.5570580062741,-5.52350268090714
-5.77673080310997,-4.75457241563909,25.3548447882882,-5.52030075614395
-5.72820872423988,-4.80961294125134,25.1556132149631,-5.52193507903646
-5.68485461070152,-4.86937621498461,24.9595571981181,-5.52836228695188
-5.6466436154535,-4.93373644069969,24.7668650211273,-5.53953921266794
-5.61354624775062,-5.00257977794685,24.5777203617762,-5.55542309923518
-5.5855291883452,-5.07580381594066,24.3923033656763,-5.57597175205932
-5.56255602561719,-5.15331698622294,24.2107915949419,-5.6011436550341
-5.54458789649822,-5.23503791508303,24.0333609409885,-5.63089800547066
-5.53158411533771,-5.32089469123067,23.8601864884834,-5.66519470025533
-5.52350268090714,-5.41082411729092,23.6914433005092,-5.70399428026373
-5.52030075614395,-5.50477087652205,23.5273071840629,-5.74725779565288
-5.52193507903646,-5.60268667653114,23.3679553847671,-5.79494663341856
-5.52836228695188,-5.70452935546674,23.2135672396023,-5.84702229330813
-5.53953921266794,-5.81026192486569,23.0643247951649,-5.90344609107266
-5.55542309923518,-5.91985160479696,22.9204133652431,-5.96417883254702
-5.57597175205932,-6.03326880247316,22.7820220551874,-6.02918042042865
-5.6011436550341,-6.15048605071034,22.6493442419638,-6.09840940317876
-5.63089800547066,-6.27147693231889,22.5225779990511,-6.17182249406703
-5.66519470025533,-6.39621493447685,22.4019264841641,-6.24937400647191
-5.70399428026373,-6.52467227839012,22.287598275039,-6.33101526409627
-5.74725779565288,-6.65681871964025,22.1798076434633,-6.41669394690316
-5.79494663341856,-6.79262026737746,22.0787747829726,-6.50635337672261
-5.84702229330813,-6.93203789924588,21.9847259691508,-6.59993178405628
-5.90344609107266,-7.07502620426069,21.8978936432725,-6.69736147780187
-5.96417883254702,-7.22153197042389,21.8185164363598,-6.7985680211352
-6.02918042042865,-7.37149276383546,21.7468390944396,-6.90346931871057
-6.09840940317876,-7.52483539187302,21.6831123109602,-7.01197468331476
-6.17182249406703,-7.68147438520164,21.6275924777005,-7.12398387312102
-6.24937400647191,-7.84131038453901,21.5805412789564,-7.23938606041482
-6.33101526409627,-8.00422849220732,21.5422252145614,-7.35805882473907
-6.41669394690316,-8.17009661665351,21.5129149323362,-7.47986707673223
-6.50635337672261,-8.33876370355783,21.4928844385536,-7.60466199577978
-6.59993178405628,-8.51005805100869,21.4824101491367,-7.73227997561311
-6.69736147780187,-8.68378547672999,21.4817697058858,-7.86254154403592
-6.7985680211352,-8.85972760468016,21.4912406932303,-7.9952503418739
-6.90346931871057,-9.0376400650766,21.5110990178899,-8.13019212678454
-7.01197468331476,-9.21725076858291,21.5416171910629,-8.26713381540759
-7.12398387312102,-9.3982582374291,21.583062267077,-8.4058226246415
-7.23938606041482,-9.5803299566808,21.6356935760689,-8.54598529804505
-7.35805882473907,-9.763100903285,21.6997602164178,-8.68732743329455
-7.47986707673223,-9.94617214119699,21.775498176728,-8.82953296403207
-7.60466199577978,-10.1291096195038,21.8631273013884,-8.97226381183727
-7.73227997561311,-10.3114431958265,21.9628478749284,-9.11515971464545
-7.86254154403592,-10.4926658753802,22.0748369463745,-9.25783827155782
-7.9952503418739,-10.6722333826475,22.199244429639,-9.39989524793171
-8.13019212678454,-10.8495640936737,22.3361888528893,-9.54090514316304
-8.26713381540759,-11.0240393440234,22.4857529235174,-9.68042205521079
-8.4058226246415,-11.1950042220641,22.6479788869268,-9.81798086112611
-8.54598529804505,-11.3617688976734,22.822863657681,-9.95309874613177
-8.68732743329455,-11.5236104931641,23.0103538565888,-10.0852770887258
-8.82953296403207,-11.6797755920003,23.2103407872435,-10.2140037153914
-8.97226381183727,-11.8294834500441,23.4226553930378,-10.3387555321024
-9.11515971464545,-11.9719299168959,23.6470632931247,-10.4590015319704
-9.25783827155782,-12.1062920934011,23.8832600103564,-10.5742061702788
-9.39989524793171,-12.2317337985679,24.1308664822304,-10.6838330908408
-9.54090514316304,-12.347411831565,24.3894249545153,-10.7873491804544
-9.68042205521079,-12.4524830192771,24.6583954025517,-10.8842289111891
-9.81798086112611,-12.5461120133401,24.9371526040388,-10.9739589280294
-9.95309874613177,-12.6274798301644,25.2249839985774,-11.0560428262126
-10.0852770887258,-12.6957930327646,25.5210884732835,-11.130006054026
-10.2140037153914,-12.750293477667,25.8245762002386,-11.1954008688374
-10.3387555321024,-12.7902684999736,26.1344696566697,-11.2518112665137
-10.4590015319704,-12.8150613911387,26.4497059387912,-11.2988577985667
-10.5742061702788,-12.824081997681,26.7691404617445,-11.3362021889311
-10.6838330908408,-12.8168172493137,27.0915521162832,-11.3635516629014
-10.7873491804544,-12.7928414031651,27.415649930692,-11.3806628976402
-10.8842289111891,-12.7518257646556,27.7400812364546,-11.3873455102576
-10.9739589280294,-12.6935476508548,28.0634413117215,-11.3834650062538
-11.0560428262126,-12.61789834893,28.384284429536,-11.3689451196676
-11.130006054026,-12.5248898294083,28.7011361946098,-11.3437694879078
-11.1954008688374,-12.4146599869073,29.0125070093123,-11.3079826177473
-11.2518112665137,-12.2874762024865,29.3169064653155,-11.2616901140964
-11.2988577985667,-12.1437370533746,29.6128584157264,-11.205058159336
-11.3362021889311,-11.983972036743,29.8989164503893,-11.1383122479192
-11.3635516629014,-11.8088392167859,30.1736794788981,-11.0617351975532
-11.3806628976402,-11.6191207587685,30.4358070916074,-10.9756644739066
-11.3873455102576,-11.4157163737993,30.6840343676246,-10.8804888812961
-11.3834650062538,-11.1996347532247,30.9171858044048,-10.7766446845936
-11.3689451196676,-10.9719831318203,31.1341880555291,-10.6646112386046
-11.3437694879078,-10.7339551742014,31.3340811897983,-10.5449062096931
-11.3079826177473,-10.4868174289529,31.5160282213296,-10.4180804803011
-11.2616901140964,-10.2318946373225,31.6793227063426,-10.2847128301875
-11.205058159336,-9.97055421555377,31.8233942557615,-10.1454044886974
-11.1383122479192,-9.70419025288016,31.9478118711977,-10.0007736503333
-11.0617351975532,-9.43420737535057,32.0522850741763,-9.85145004146304
-10.9756644739066,-9.16200482150388,32.1366628586555,-9.69806962012558
-10.8804888812961,-8.88896106513176,32.2009305561399,-9.54126948187544
-10.7766446845936,-8.61641929192089,32.2452047569504,-9.38168303629244
-10.6646112386046,-8.34567400217504,32.2697264778357,-9.21993550842933
-10.5449062096931,-8.07795896908941,32.274852804201,-9.05663980878796
-10.4180804803011,-7.81443673391168,32.2610472635402,-8.89239280488755
-10.2847128301875,-7.55618976808358,32.228869204649,-8.72777201711211
-10.1454044886974,-7.3042133803558,32.1789624648469,-8.56333275184246
-10.0007736503333,-7.05941039606114,32.1120436052312,-8.3996056752818
-9.85145004146304,-6.8225875881326,32.0288899826262,-8.23709482364098
-9.69806962012558,-6.59445379653452,31.9303279092035,-8.0762760382049
-9.54126948187544,-6.3756196356793,31.8172211232929,-7.91759580711833
-9.38168303629244,-6.16659865993585,31.690459767186,-7.76147049109421
-9.21993550842933,-5.96780983387232,31.5509500348349,-7.60828590664183
-9.05663980878796,-5.77958113821875,31.3996046179955,-7.45839723818056
-8.89239280488755,-5.60215413367073,31.2373340457211,-7.31212924748759
-8.72777201711211,-5.43568930207643,31.0650389795852,-7.16977674639611
-8.56333275184246,-5.28027198695724,30.8836034972247,-7.03160529842986
-8.3996056752818,-5.1359187644554,30.6938893684556,-6.89785212505622
-8.23709482364098,-5.0025840857048,30.4967313060592,-6.76872717992142
-8.0762760382049,-4.8801670449423,30.2929331535281,-6.64441435687686
-7.91759580711833,-4.76851814577034,30.0832649549248,-6.52507280634456
-7.76147049109421,-4.66744595474076,29.8684608409442,-6.41083835010041
-7.60828590664183,-4.57672355015258,29.6492176574114,-6.30182493873605
-7.45839723818056,-4.49609468904764,29.4261942588535,-6.19812614607916
-7.31212924748759,-4.42527962477178,29.2000113879881,-6.09981671340689
-7.16977674639611,-4.36398054136176,28.9712520544822,-6.00695403540709
-7.03160529842986,-4.31188656033421,28.7404623322986,-5.91957970218681
-6.89785212505622,-4.26867832951673,28.5081525140655,-5.83772094895309
-6.76872717992142,-4.23403215063546,28.2747985520555,-5.76139212235559
-6.64441435687686,-4.20762365982918,28.0408437073256,-5.69059603539334
-6.52507280634456,-4.18913108115675,27.8067003507606,-5.62532536517589
-6.41083835010041,-4.17823807345182,27.5727519061362,-5.56556383433609
-6.30182493873605,-4.17463614381212,27.3393548385155,-5.51128752712087
-6.19812614607916,-4.17802670785985,27.1068406558786,-5.46246591962085
-6.09981671340689,-4.18812280595899,26.8755179760168,-5.41906302670849
-6.00695403540709,-4.20465045069234,26.6456744732673,-5.38103833969174
-5.91957970218681,-4.22734974292207,26.4175788785142,-5.34834775462044
-5.83772094895309,-4.25597563946318,26.1914828335858,-5.32094442122994
-5.76139212235559,-4.29029855764694,25.9676227511622,-5.29877947651931
-5.69059603539334,-4.33010468044277,25.7462214906489,-5.28180275936349
-5.62532536517589,-4.37519613626369,25.5274901156516,-5.26996340938095
-5.56556383433609,-4.42539096580992,25.3116293225701,-5.26321040532927
-5.51128752712087,-4.48052293955171,25.0988310662645,-5.26149305076914
-5.46246591962085,-4.54044127863393,24.8892798213918,-5.26476136333914
-5.41906302670849,-4.60501020707562,24.6831539882043,-5.27296641056948
-5.38103833969174,-4.67410845715923,24.4806270520798,-5.28606059059095
-5.34834775462044,-4.74762865553628,24.2818687706996,-5.30399782760881
-5.32094442122994,-4.82547664516548,24.0870462344821,-5.32673371610436
-5.29877947651931,-4.90757075922729,23.8963248730525,-5.3542256141341
-5.28180275936349,-4.99384100942684,23.7098694126414,-5.38643265783147
-5.26996340938095,-5.08422825950657,23.5278447484584,-5.42331572637145
-5.26321040532927,-5.17868333647646,23.3504167865752,-5.46483735973363
-5.26149305076914,-5.27716610386719,23.1777532249658,-5.51096160086569
-5.26476136333914,-5.37964451834136,23.0100242824524,-5.56165379058003
-5.27296641056948,-5.48609363291627,22.8474033967931,-5.61688031537624
-5.28606059059095,-5.59649457517537,22.6900678722997,-5.67660828082085
-5.30399782760881,-5.71083350681565,22.5381994852008,-5.74080514107519
-5.32673371610436,-5.82910053004963,22.3919850591178,-5.8094382768292
-5.3542256141341,-5.95128856925662,22.2516169954727,-5.88247449718935
-5.38643265783147,-6.0773922287542,22.1172937617101,-5.95987950707542
-5.42331572637145,-6.20740658846666,21.9892203460225,-6.04161730709196
-5.46483735973363,-6.34132597107626,21.8676086648183,-6.12764952370164
-5.51096160086569,-6.47914267587672,21.7526779193051,-6.21793471329359
-5.56165379058003,-6.62084563429706,21.6446549080162,-6.31242756629883
-5.61688031537624,-6.76641903785453,21.5437742809318,-6.41107809022654
-5.67660828082085,-6.91584091263819,21.4502787242168,-6.51383071227786
-5.74080514107519,-7.06908160246407,21.3644190830705,-6.62062332594569
-5.8094382768292,-7.22610223818413,21.2864544034504,-6.73138630535306
-5.88247449718935,-7.38685310204898,21.2166518730079,-6.84604141604527
-5.95987950707542,-7.55127193710819,21.1552866824848,-6.9645007473925
-6.04161730709196,-7.71928222348704,21.1026417555748,-7.08666551225849
-6.12764952370164,-7.89079131154567,21.0590073508324,-7.21242488749953
-6.21793471329359,-8.0656885928294,21.0246805530174,-7.34165475879843
-6.31242756629883,-8.24384351046579,20.9999645422301,-7.47421645806749
-6.41107809022654,-8.42510358837175,20.9851677782272,-7.60995550641878
-6.51383071227786,-8.60929238022766,20.9806028839697,-7.74870029736835
-6.62062332594569,-8.79620737253195,20.9865854237792,-7.89026084166957
-6.73138630535306,-8.98561791884579,21.0034323617203,-8.03442750572538
-6.84604141604527,-9.17726307344064,21.0314603099547,-8.18096978128261
-6.9645007473925,-9.37084957271482,21.0709835255736,-8.32963514896587
-7.08666551225849,-9.56604970805135,21.1223115205595,-8.48014800219131
-7.21242488749953,-9.7624994131965,21.1857465209077,-8.63220867339308
-7.34165475879843,-9.95979635332842,21.261580403253,-8.78549261961049
-7.47421645806749,-10.1574982041884,21.3500914726382,-8.93964976671344
-7.60995550641878,-10.3551211417503,21.4515407714746,-9.09430404028504
-7.74870029736835,-10.5521385190329,21.566168046869,-9.249053135555
-7.89026084166957,-10.747979891225,21.6941874387443,-9.40346856227073
-8.03442750572538,-10.9420303871943,21.8357826843392,-9.55709598054807
-8.18096978128261,-11.1336304784498,21.9911020861755,-9.7094558705642
-8.32963514896587,-11.3220762742469,22.1602531505427,-9.86004456914169
-8.48014800219131,-11.5066203852373,22.3432968762506,-10.0083357099795
-8.63220867339308,-11.6864733887167,22.5402418790394,-10.1537820837506
-8.78549261961049,-11.8608060331867,22.7510383289205,-10.2958179440135
-8.93964976671344,-12.0287522421355,22.9755717479154,-10.4338617736729
-9.09430404028504,-12.189412937831,23.2136568189701,-10.567319519335
-9.249053135555,-12.3418607742574,23.4650312908949,-10.6955882916026
-9.40346856227073,-12.4851458433812,23.729350093346,-10.8180605195646
-9.55709598054807,-12.6183023755567,24.006179782564,-10.934128537941
-9.7094558705642,-12.7403564257513,24.29499350182,-11.0431895675791
-9.86004456914169,-12.850334563728,24.5951665930764,-11.1446510429199
-10.0083357099795,-12.9472735416233,24.905973046288,-11.2379362245145
-10.1537820837506,-13.0302308649788,25.2265829519978,-11.3224900224673
-10.2958179440135,-13.09829618336,25.5560611390323,-11.3977849447959
-10.4338617736729,-13.1506033696467,25.8933671717515,-11.4633270752331
-10.567319519335,-13.1863431283132,26.2373568670154,-11.5186619741094
-10.6955882916026,-13.2047759361413,26.5867854734379,-11.5633803926329
-10.8180605195646,-13.2052450866422,26.9403126305295,-11.5971236867865
-10.934128537941,-13.1871895788169,27.2965091967691,-11.619588814213
-11.0431895675791,-13.1501565548203,27.6538659837314,-11.6305328073555
-11.1446510429199,-13.0938129855177,28.0108043951929,-11.6297766166986
-11.2379362245145,-13.0179562833903,28.3656889134837,-11.6172082319205
-11.3224900224673,-12.9225235230687,28.7168413181538,-11.5927850021565
-11.3977849447959,-12.8075989599979,29.0625564621417,-11.5565350933624
-11.4633270752331,-12.6734195598295,29.4011193744517,-11.5085580400292
-11.5186619741094,-12.5203782860903,29.7308233949059,-11.4490243695335
-11.5633803926329,-12.3490249408928,30.0499890037727,-11.3781742993882
-11.5971236867865,-12.1600644101363,30.3569829663112,-11.2963155297336
-11.619588814213,-11.9543522378534,30.6502373682654,-11.2038201747112
-11.6305328073555,-11.7328875204579,30.9282681273634,-11.1011208958163
-11.6297766166986,-11.4968031975188,31.1896925381904,-10.9887063195936
-11.6172082319205,-11.2473538931618,31.4332454335009,-10.8671158331154
-11.5927850021565,-10.9859015391385,31.6577935731216,-10.7369338665781
-11.5565350933624,-10.7138990811465,31.8623479163492,-10.5987837783456
-11.5085580400292,-10.4328726307871,32.0460734924122,-10.4533214617618
-11.4490243695335,-10.1444024734865,32.2082966536444,-10.3012287939169
-11.3781742993882,-9.85010337543885,32.3485095742654,-10.143207043762
-11.2963155297336,-9.55160464865852,32.4663719404332,-9.97997035091676
-11.2038201747112,-9.25053043197578,32.5617098605769,-9.81223937930118
-11.1011208958163,-8.9484806270053,32.6345121041728,-9.640735236097
-10.9887063195936,-8.64701290076321,32.6849238546527,-9.46617373718515
-10.8671158331154,-8.34762610759781,32.7132382210638,-9.28926008541181
-10.7369338665781,-8.05174543995615,32.7198858090004,-9.11068401413312
-10.5987837783456,-7.76070954438549,32.7054226898833,-8.93111543481347
-10.4533214617618,-7.47575976987893,32.6705171304072,-8.75120061399009
-10.3012287939169,-7.19803164611293,32.6159354537896,-8.57155889225582
-10.143207043762,-6.92854862066275,32.5425274003491,-8.39277994633947
-9.97997035091676,-6.66821802061,32.4512113379704,-8.21542158510192
-9.81223937930118,-6.41782914655079,32.3429596496767,-8.04000806153678
-9.640735236097,-6.17805335810368,32.2187845830431,-7.86702887562474
-9.46617373718515,-5.94944597281036,32.0797248110813,-7.69693803623938
-9.28926008541181,-5.73244977008534,31.9268329070456,-7.53015374685093
-9.11068401413312,-5.52739987358619,31.761163888897,-7.36705847564775
-8.93111543481347,-5.33452977607387,31.5837649439382,-7.20799937034911
-8.75120061399009,-5.15397826995204,31.3956664007655,-7.05328897803451
-8.57155889225582,-4.98579705318318,31.1978739759689,-6.90320622632446
-8.39277994633947,-4.82995879288006,30.9913622879289,-6.75799762583807
-8.21542158510192,-4.68636544623828,30.7770696002295,-6.61787865298414
-8.04000806153678,-4.55485665875024,30.5558937331302,-6.48303529074881
-7.86702887562474,-4.43521808077929,30.3286890631133,-6.35362567588278
-7.69693803623938,-4.32718947488266,30.0962645149929,-6.22978182008275
-7.53015374685093,-4.23047249391692,29.8593824452217,-6.11161140456927
-7.36705847564775,-4.1447380495053,29.6187583072013,-5.99919959788274
-7.20799937034911,-4.06963320767421,29.3750609922274,-5.89261085213328
-7.05328897803451,-4.00478756484925,29.128913743669,-5.79189074525084
-6.90320622632446,-3.9498190628871,28.8808955430234,-5.69706773109152
-6.75799762583807,-3.90433924435501,28.6315428685062,-5.60815488153314
-6.61787865298414,-3.86795793824826,28.381351736396,-5.52515158089553
-6.48303529074881,-3.84028741138559,28.1307799738141,-5.44804510063216
-6.35362567588278,-3.82094595857631,27.8802496337618,-5.37681219034692
-6.22978182008275,-3.80956098173957,27.6301494726917,-5.31142048981955
-6.11161140456927,-3.80577161845578,27.3808374941325,-5.2518299390381
-5.99919959788274,-3.80923089472018,27.13264349215,-5.19799404704189
-5.89261085213328,-3.819607460993,26.8858714985089,-5.14986112514506
-5.79189074525084,-3.83658699498019,26.6408022574757,-5.10737536090901
-5.69706773109152,-3.8598732040133,26.3976955259444,-5.07047788155992
-5.60815488153314,-3.88918858375489,26.1567923265733,-5.0391076709613
-5.52515158089553,-3.92427485117956,25.9183170802723,-5.01320242116997
-5.44804510063216,-3.96489319457412,25.6824796022608,-4.9926993154108
-5.37681219034692,-4.01082425569441,25.4494770024756,-4.97753569737352
-5.31142048981955,-4.06186799285892,25.2194954737015,-4.96764967903815
-5.2518299390381,-4.11784333592768,24.9927119148462,-4.96298067768485
-5.19799404704189,-4.1785877465681,24.7692955119874,-4.96346985983366
-5.14986112514506,-4.24395663658616,24.549409163408,-4.96906052039583
-5.10737536090901,-4.31382272637689,24.3332108135288,-4.97969840112876
-5.07047788155992,-4.38807528522348,24.1208547193973,-4.99533193095634
-5.0391076709613,-4.46661934286137,23.912492591609,-5.0159123988286
-5.01320242116997,-4.54937482640741,23.7082746929671,-5.04139407404573
-4.9926993154108,-4.63627565292633,23.5083508470189,-5.07173426190562
-4.97753569737352,-4.7272688024247,23.3128713803653,-5.10689328981786
-4.96764967903815,-4.82231334204012,23.1219880211429,-5.14683444458477
-4.96298067768485,-4.92137942886454,22.9358547340914,-5.19152385488723
-4.96346985983366,-5.02444729942355,22.754628509088,-5.2409303035089
-4.96906052039583,-5.131506226198,22.5784701151569,-5.29502499025312
-4.97969840112876,-5.24255345334779,22.4075448115282,-5.35378124519884
-4.99533193095634,-5.3575931195521,22.2420230219838,-5.41717417052848
-5.0159123988286,-5.47663515301696,22.0820809808825,-5.48518023090486
-5.04139407404573,-5.59969413388726,21.9279013486326,-5.55777679453581
-5.07173426190562,-5.7267881373674,21.7796737932826,-5.6349415983618
-5.10689328981786,-5.85793754592876,21.6375955432304,-5.71665216219778
-5.14683444458477,-5.99316380955968,21.5018719122803,-5.802885148923
-5.19152385488723,-6.13248817603968,21.3727167867752,-5.89361563794818
-5.2409303035089,-6.27593037967715,21.2503530751525,-5.98881636062863
-5.29502499025312,-6.42350725477712,21.1350131216367,-6.08845685691665
-5.35378124519884,-6.57523130834482,21.0269390701895,-6.19250255240903
-5.41717417052848,-6.73110923396456,20.9263831720408,-6.30091380979183
-5.48518023090486,-6.89114032481662,20.8336080376265,-6.41364484169137
-5.55777679453581,-7.05531484541751,20.7488868169553,-6.53064264417937
-5.6349415983618,-7.2236123100939,20.6725032909834,-6.65184576566243
-5.71665216219778,-7.39599965184745,20.6047518788969,-6.77718310007037
-5.802885148923,-7.57242936075363,20.5459375360837,-6.90657254415057
-5.89361563794818,-7.75283745952351,20.4963755120126,-7.0399196343381
-5.98881636062863,-7.93714144016263,20.4563910012154,-7.17711612657387
-6.08845685691665,-8.12523810349451,20.4263185954407,-7.31803849007698
-6.19250255240903,-8.31700125402359,20.4065015793839,-7.46254643234042
-6.30091380979183,-8.51227943072072,20.397291036947,-7.61048130204869
-6.41364484169137,-8.71089338676245,20.3990446636856,-7.76166456710475
-6.53064264417937,-8.91263372076337,20.412125458429,-7.91589623180585
-6.65184576566243,-9.11725822825835,20.4368999471261,-8.07295328177379
-6.77718310007037,-9.32448944604519,20.4737363403189,-8.23258820561818
-6.90657254415057,-9.5340120062242,20.5230020968531,-8.3945275367332
-7.0399196343381,-9.74547014462346,20.5850613940118,-8.55847050270279
-7.17711612657387,-9.95846521082295,20.6602719711369,-8.72408782271036
-7.31803849007698,-10.1725532756908,20.7489817580719,-8.89102064013625
-7.46254643234042,-10.3872429560384,20.8515249721879,-9.05887965114989
-7.61048130204869,-10.6019933508202,20.9682177495043,-9.22724449245091
-7.76166456710475,-10.8162123483917,21.0993534552846,-9.39566340221576
-7.91589623180585,-11.029255222084,21.2451973270951,-9.56365320358075
-8.07295328177379,-11.2404236471105,21.4059808340883,-9.73069965776341
-8.23258820561818,-11.4489652643886,21.5818955259967,-9.89625824296623
-8.3945275367332,-11.6540738194439,21.7730863968439,-10.0597553887014
-8.55847050270279,-11.8548899760851,21.9796449699741,-10.2205902088613
-8.72408782271036,-12.0505029567358,22.2016020178146,-10.3781367695974
-8.89102064013625,-12.2399530773496,22.438919975665,-10.5317469200115
-9.05887965114989,-12.4222352234673,22.6914852646164,-10.6807537054521
-9.22724449245091,-12.5963034392429,22.9591005486359,-10.8244753727056
-9.39566340221576,-12.7610766809498,23.2414770582458,-10.9622199660169
-9.56365320358075,-12.9154457884012,23.5382271689191,-11.0932904937955
-9.73069965776341,-13.0582817090377,23.8488574129695,-11.2169906348786
-9.89625824296623,-13.1884450509832,24.1727621046925,-11.3326309347971
-10.0597553887014,-13.3047969166516,24.5092178064339,-11.4395354251878
-10.2205902088613,-13.4062109971285,24.8573788550832,-11.5370485821411
-10.3781367695974,-13.4915868384256,25.216274194069,-11.6245425223645
-10.5317469200115,-13.559864158531,25.5848057450263,-11.7014243210243
-10.6807537054521,-13.6100380457277,25.961748549227,-11.7671433210518
-10.8244753727056,-13.6411748192595,26.3457528933252,-11.8211982936071
-10.9622199660169,-13.6524282881148,26.7353486118906,-11.8631443035061
-11.0932904937955,-13.6430560835405,27.1289517149266,-11.8925991290452
-11.2169906348786,-13.6124357144642,27.5248734452022,-11.9092490887232
-11.3326309347971,-13.5600799522602,27.9213318112939,-11.9128541355716
-11.4395354251878,-13.4856511278658,28.3164655738209,-11.9032520898517
-11.5370485821411,-13.3889739123053,28.708350586897,-11.8803618988836
-11.6245425223645,-13.2700461544163,29.0950183158057,-11.8441858338676
-11.7014243210243,-13.1290473689142,29.4744762704129,-11.7948105584534
-11.7671433210518,-12.9663445051109,29.8447300106926,-11.7324070313766
-11.8211982936071,-12.7824946818538,30.2038063057153,-11.6572292351322
-11.8631443035061,-12.5782446455504,30.5497769656361,-11.5696117504988
-11.8925991290452,-12.3545267961654,30.880782808724,-11.4699662286653
-11.9092490887232,-12.1124517265759,31.1950571932576,-11.3587768390571
-11.9128541355716,-11.8532973248562,31.4909485372306,-11.2365947946222
-11.9032520898517,-11.5784946029175,31.7669412494038,-11.1040320770456
-11.8803618988836,-11.2896105230942,32.0216745317892,-10.9617545006623
-11.8441858338676,-10.988328196361,32.2539585681952,-10.810474262639
-11.7948105584534,-10.6764249147294,32.4627876893451,-10.6509421394936
-11.7324070313766,-10.3557485514957,32.6473501973416,-10.4839394845486
-11.6572292351322,-10.0281929209885,32.8070346390469,-10.3102701784294
-11.5696117504988,-9.69567270031808,32.9414324329473,-10.1307526777406
-11.4699662286653,-9.36009854363996,33.0503368655823,-9.94621229513924
-11.3587768390571,-9.02335298291143,33.1337385928523,-9.75747382725913
-11.2365947946222,-8.68726766616851,33.1918178825542,-9.56535463429402
-11.1040320770456,-8.35360242350981,33.2249339235569,-9.37065825286861
-10.9617545006623,-8.02402657368292,33.2336116076126,-9.17416860656571
-10.810474262639,-7.70010278767663,33.218526232745,-8.97664485998224
-10.6509421394936,-7.38327374191363,33.1804866242968,-8.77881694436155
-10.4839394845486,-7.07485168079421,33.1204171729287,-8.58138176626957
-10.3102701784294,-6.77601091918852,33.0393392824087,-8.38500009583991
-10.1307526777406,-6.48778322892025,32.938352697731,-8.19029411805083
-9.94621229513924,-6.21105597242327,32.8186171472084,-7.99784561946275
-9.75747382725913,-5.94657278440508,32.6813346714,-7.80819477388823
-9.56535463429402,-5.69493655032092,32.527732964948,-7.62183948362243
-9.37065825286861,-5.456614392691,32.3590499850462,-7.43923522820391
-9.17416860656571,-5.23194435502417,32.1765200182697,-7.26079536921334
-8.97664485998224,-5.02114346385279,31.9813613345391,-7.08689185797919
-8.77881694436155,-4.82431685192699,31.7747654978915,-6.91785629207662
-8.58138176626957,-4.64146763816368,31.5578883504692,-6.75398126729426
-8.38500009583991,-4.47250728046725,31.3318426400141,-6.59552198076368
-8.19029411805083,-4.31726614394776,31.0976922228322,-6.44269803242229
-7.99784561946275,-4.17550405743872,30.8564477438902,-6.29569537971285
-7.80819477388823,-4.0469206638644,30.6090636732162,-6.15466839870573
-7.62183948362243,-3.93116540350831,30.3564365627634,-6.01974204188603
-7.43923522820391,-3.82784700233471,30.0994043799123,-5.89101402595818
-7.26079536921334,-3.7365423631999,29.8387467709217,-5.76855701911402
-7.08689185797919,-3.6568047943346,29.5751861101029,-5.65242085780771
-6.91785629207662,-3.58817152727926,29.3093891921602,-5.54263469815076
-6.75398126729426,-3.53017049986081,29.0419694360905,-5.43920910509767
-6.59552198076368,-3.48232641736174,28.7734894914507,-5.34213814019455
-6.44269803242229,-3.44416607942206,28.5044641341792,-5.25140126508387
-6.29569537971285,-3.41522300667471,28.2353633552687,-5.16696528382971
-6.15466839870573,-3.39504139571181,27.9666155420525,-5.08878605967733
-6.01974204188603,-3.38317947692176,27.6986107371316,-5.01681023732856
-5.89101402595818,-3.37921226158647,27.4317038703987,-4.95097680482661
-5.76855701911402,-3.38273375799346,27.1662178947085,-4.89121854749883
-5.65242085780771,-3.39335873782822,26.9024468913968,-4.83746343864594
-5.54263469815076,-3.41072402570375,26.6406590074378,-4.78963587002037
-5.43920910509767,-3.4344894293545,26.3810992296454,-4.74765781095082
-5.34213814019455,-3.46433832430059,26.1239920954292,-4.7114498682587
-5.25140126508387,-3.49997793257796,25.8695440916011,-4.68093222132536
-5.16696528382971,-3.54113935620638,25.6179460775234,-4.6560254791355
-5.08878605967733,-3.58757738382338,25.3693753374898,-4.63665144882305
-5.01681023732856,-3.63907011187922,25.123997666105,-4.62273380202873
-4.95097680482661,-3.69541840872734,24.8819691595965,-4.61419865861604
-4.89121854749883,-3.75644526021121,24.6434379417288,-4.61097509651877
-4.83746343864594,-3.8219949883758,24.4085457347765,-4.61299558278652
-4.78963587002037,-3.89193241424192,24.1774292901275,-4.62019632081749
-4.74765781095082,-3.96614193248796,23.9502217377275,-4.63251753413418
-4.7114498682587,-4.04452653954459,23.7270538104812,-4.64990368543182
-4.68093222132536,-4.12700683567519,23.5080549797224,-4.67230362711958
-4.6560254791355,-4.21351998403729,23.293354521837,-4.69967068504732
-4.63665144882305,-4.30401865365312,23.0830825018822,-4.7319626872201
-4.62273380202873,-4.39846995522418,22.8773706961074,-4.76914193832629
-4.61419865861604,-4.49685436371817,22.6763534644194,-4.81117512828039
-4.61097509651877,-4.5991646304035,22.480168575381,-4.85803318589028
-4.61299558278652,-4.7054046939421,22.2889579881728,-4.90969108389291
-4.62019632081749,-4.81558859134793,22.1028686015553,-4.96612758569984
-4.63251753413418,-4.92973935387502,21.9220529777826,-5.02732493021126
-4.64990368543182,-5.04788789718942,21.7466700380411,-5.0932684676685
-4.67230362711958,-5.17007190203551,21.5768857368007,-5.16394624128374
-4.69967068504732,-5.29633468143925,21.4128737175912,-5.23934849960468
-4.7319626872201,-5.42672401766753,21.2548159543765,-5.31946715516227
-4.76914193832629,-5.56129097813794,21.1029033718247,-5.40429518797625
-4.81117512828039,-5.70008870302062,20.95733644875,-5.49382596809121
-4.85803318589028,-5.84317114491332,20.8183258056417,-5.58805252356861
-4.90969108389291,-5.99059175970191,20.6860927694526,-5.6869667445388
-4.96612758569984,-6.1424021511725,20.5608699111699,-5.79055848819777
-5.02732493021126,-6.29865064934257,20.4429015546104,-5.89881464543067
-5.0932684676685,-6.45938080348741,20.3324442514386,-6.01171810004299
-5.16394624128374,-6.62462981454136,20.2297672083207,-6.1292466150729
-5.23934849960468,-6.79442687320944,20.1351526601074,-6.25137166187111
-5.31946715516227,-6.96879137901454,20.0488961838704,-6.37805710190649
-5.40429518797625,-7.14773109523875,19.9713069327593,-6.50925788096828
-5.49382596809121,-7.33124015546507,19.9027077736337,-6.64491851881922
-5.58805252356861,-7.5192969545394,19.8434353286851,-6.78497163672578
-5.6869667445388,-7.71186196233869,19.7938398824083,-6.92933629936796
-5.79055848819777,-7.90887531660137,19.754285131894,-7.0779163445756
-5.89881464543067,-8.11025439377185,19.7251478017018,-7.23059862669308
-6.01171810004299,-8.31589116217751,19.7068170058463,-7.38725115712383
-6.1292466150729,-8.52564944591179,19.6996934521049,-7.54772127962374
-6.25137166187111,-8.73936209930692,19.7041883419126,-7.71183368998959
-6.37805710190649,-8.95682795618991,19.7207219953096,-7.87938854870804
-6.50925788096828,-9.17780887283874,19.7497222051166,-8.05015951925279
-6.64491851881922,-9.40202645132069,19.7916221196666,-8.2238918421919
-6.78497163672578,-9.62915897174201,19.8468579158349,-8.40030050516349
-6.92933629936796,-9.85883806731936,19.9158658088982,-8.57906845138796
-7.0779163445756,-10.0906456018985,19.9990788494171,-8.75984492829309
-7.23059862669308,-10.3241105202145,20.0969229849945,-8.94224402993843
-7.38725115712383,-10.5587058338598,20.2098127494825,-9.12584343419181
-7.54772127962374,-10.7938458741978,20.3381463422438,-9.31018340683905
-7.71183368998959,-11.0288836972524,20.4823000050059,-9.49476614272684
-7.87938854870804,-11.2631089699713,20.6426220373326,-9.67905549203953
-8.05015951925279,-11.4957462467199,20.8194258982516,-9.86247712310923
-8.2238918421919,-11.7259538129482,21.0129829297921,-10.0444191922681
-8.40030050516349,-11.9528232556402,21.2235144183823,-10.2242335759986
-8.57906845138796,-12.1753798275625,21.4511830155502,-10.401237728607
-8.75984492829309,-12.392583727897,21.6960837892128,-10.5747172088938
-8.94224402993843,-12.6033324991318,21.9582348204732,-10.743928920673
-9.12584343419181,-12.8064646505843,22.2375674324789,-10.9081050997293
-9.31018340683905,-13.0007645867124,22.5339163150604,-11.0664580656117
-9.49476614272684,-13.1849690261648,22.8470096259218,-11.2181857405781
-9.67905549203953,-13.3577750033672,23.1764592780885,-11.3624779191417
-9.86247712310923,-13.5178495320536,23.521751633485,-11.4985232505054
-10.0444191922681,-13.6638409690503,23.8822388913756,-11.6255168732152
-10.2242335759986,-13.7943921012879,24.2571314337114,-11.7426686172959
-10.401237728607,-13.9081549520174,24.6454914357033,-11.8492116647516
-10.5747172088938,-14.0038071888195,25.0462280728903,-11.9444115358201
-10.743928920673,-14.0800700083521,25.4580946439635,-12.0275752465079
-10.9081050997293,-14.1357272824552,25.8796879384105,-12.0980604635235
-11.0664580656117,-14.1696456867074,26.3094501541366,-12.1552844690411
-11.2181857405781,-14.1807954620353,26.74567363847,-12.1987327383928
-11.3624779191417,-14.1682713912923,27.1865086779473,-12.2279669275013
-11.4985232505054,-14.1313135100806,27.6299744977036,-12.2426320748544
-11.6255168732152,-14.0693270184305,28.0739735507624,-12.2424628299909
-11.7426686172959,-13.9819008213985,28.516309082471,-12.2272885392262
-11.8492116647516,-13.8688241062371,28.9547058482384,-12.1970370443495
-11.9444115358201,-13.7301003652221,29.3868337478237,-12.1517370808333
-12.0275752465079,-13.5659582990221,29.8103340206588,-12.0915191977534
-12.0980604635235,-13.3768590880456,30.2228475280536,-12.0166151591938
-12.1552844690411,-13.1634995985382,30.6220445426925,-11.9273558299449
-12.1987327383928,-12.9268111927758,31.0056553744844,-11.8241675906214
-12.2279669275013,-12.6679539432823,31.3715010776872,-11.7075673650263
-12.2426320748544,-12.3883061911511,31.7175234557686,-11.5781563789069
-12.2424628299909,-12.0894495462728,32.0418135543481,-11.436612797281
-12.2272885392262,-11.7731495875753,32.3426378544379,-11.2836834246522
-12.1970370443495,-11.4413326764187,32.6184614337038,-11.1201746587804
-12.1517370808333,-11.0960594349305,32.867967451433,-10.9469429052875
-12.0915191977534,-10.7394955738095,33.0900724257029,-10.7648846575529
-12.0166151591938,-10.3738808229352,33.283936922497,-10.5749264579573
-11.9273558299449,-10.0014968159343,33.4489714170749,-10.3780149344888
-11.8241675906214,-9.62463478619635,33.5848372700542,-10.175107092376
-11.7075673650263,-9.24556391316677,33.6914429197535,-9.9671610260677
-11.5781563789069,-8.86650112443799,33.7689355548385,-9.75512718742342
-11.436612797281,-8.48958306793842,33.8176886631994,-9.53994032996765
-11.2836834246522,-8.11684089498557,33.8382859836602,-9.32251221535712
-11.1201746587804,-7.75017833079669,33.8315024636766,-9.10372514481559
-10.9469429052875,-7.39135339326932,33.7982828956901,-8.88442635402875
-10.7648846575529,-7.0419639689118,33.7397189219642,-8.66542328696291
-10.5749264579573,-6.70343733561455,33.6570251118636,-8.44747974338445
-10.3780149344888,-6.37702357026094,33.5515147716615,-8.23131287693912
-10.175107092376,-6.06379267235327,33.4245760910873,-8.0175910057214
-9.9671610260677,-5.76463513621925,33.2776491762018,-7.80693218532041
-9.75512718742342,-5.48026562988827,33.1122044133223,-7.59990348525869
-9.53994032996765,-5.21122938379083,32.9297225370244,-7.3970209033685
-9.32251221535712,-4.95791085648546,32.7316766675464,-7.19874984888635
-9.10372514481559,-4.72054423331748,32.519516495353,-7.00550612390914
-8.88442635402875,-4.49922531769577,32.2946547062144,-6.81765733389608
-8.66542328696291,-4.29392439343989,32.058455663339,-6.63552465562836
-8.44747974338445,-4.10449966734226,31.8122262970534,-6.45938490088011
-8.23131287693912,-3.93071094040326,31.5572090984218,-6.28947280700185
-8.0175910057214,-3.77223320093698,31.294577071308,-6.12598351009965
-7.80693218532041,-3.62866988007082,31.0254304671816,-5.96907514299753
-7.59990348525869,-3.49956555784651,30.7507951074732,-5.81887150459843
-7.3970209033685,-3.38441795454555,30.4716220883081,-5.67546475897151
-7.19874984888635,-3.28268908582304,30.1887886609132,-5.53891816390191
-7.00550612390914,-3.19381550059678,29.903100086992,-5.40926874365299
-6.81765733389608,-3.11721755471913,29.6152922800379,-5.28652990235907
-6.63552465562836,-3.0523076921732,29.3260350522235,-5.17069399309274
-6.45938490088011,-2.99849775747443,29.0359358124286,-5.06173477269962
-6.28947280700185,-2.95520534434818,28.745543557802,-4.95960972015241
-6.12598351009965,-2.92185925380414,28.4553530611568,-4.86426232603469
-5.96907514299753,-2.89790408920375,28.1658091409376,-4.77562413879411
-5.81887150459843,-2.88280404963772,27.8773109161595,-4.6936167822102
-5.67546475897151,-2.87604599665852,27.5902159626068,-4.61815380148503
-5.53891816390191,-2.87714188412355,27.3048443898889,-4.54914235762877
-5.40926874365299,-2.88563056726999,27.0214827055154,-4.48648482906465
-5.28652990235907,-2.90107910163044,26.7403874639097,-4.4300802680439
-5.17069399309274,-2.92308359209547,26.4617887495488,-4.37982572031993
-5.06173477269962,-2.95126962379003,26.1858933852488,-4.33561743693796
-4.95960972015241,-2.98529237202031,25.9128878819319,-4.29735196898768
-4.86426232603469,-3.0248364020785,25.6429412597708,-4.26492714670846
-4.77562413879411,-3.06961525005028,25.3762074877327,-4.23824294535278
-4.6936167822102,-3.11937078404645,25.1128278561053,-4.21720226001083
-4.61815380148503,-3.17387240953125,24.8529330497207,-4.20171158273408
-4.54914235762877,-3.23291615926829,24.5966450597282,-4.19168158748042
-4.48648482906465,-3.29632366356649,24.3440789370355,-4.18702762667179
-4.4300802680439,-3.36394105791146,24.0953443626431,-4.18767015239342
-4.37982572031993,-3.43563784198315,23.8505470832152,-4.19353506216927
-4.33561743693796,-3.51130569471366,23.6097902261303,-4.20455397500271
-4.29735196898768,-3.59085727214481,23.3731754939934,-4.22066443573192
-4.26492714670846,-3.67422499947768,23.1408042613856,-4.24181005926358
-4.23824294535278,-3.76135986771951,22.9127785877301,-4.26794061565811
-4.21720226001083,-3.85223023104069,22.6892021606397,-4.29901206080343
-4.20171158273408,-3.94682062285481,22.4701811730999,-4.33498650741454
-4.19168158748042,-4.04513058812142,22.2558251521509,-4.37583214404378
-4.18702762667179,-4.14717353693558,22.0462477456957,-4.42152310429513
-4.18767015239342,-4.25297561176238,21.841567478411,-4.47203928926554
-4.19353506216927,-4.36257457401664,21.6419084803132,-4.52736613309948
-4.20455397500271,-4.4760187046831,21.4474011965931,-4.58749431874648
-4.22066443573192,-4.59336571933304,21.2581830840833,-4.65241944788296
-4.24181005926358,-4.71468168636764,21.0743993001961,-4.72214165774476
-4.26794061565811,-4.84003994503881,20.8962033871481,-4.79666517804624
-4.29901206080343,-4.96952001955457,20.72375795209,-4.87599783616336
-4.33498650741454,-5.1032065222863,20.5572353482466,-4.96015050924322
-4.37583214404378,-5.24118803569789,20.3968183572541,-5.0491365043373
-4.42152310429513,-5.38355596066174,20.2427008740123,-5.14297087614118
-4.47203928926554,-5.53040332991518,20.0950885886908,-5.2416696880181
-4.52736613309948,-5.68182357781333,19.9541996672196,-5.34524917763334
-4.58749431874648,-5.83790924484141,19.8202654296488,-5.45372486174341
-4.65241944788296,-5.99875061134815,19.69353101813,-5.56711056387466
-4.72214165774476,-6.16443425993098,19.5742560475721,-5.68541731854396
-4.79666517804624,-6.33504154459024,19.462715235592,-5.80865224630062
-4.87599783616336,-6.51064693964422,19.3591990056918,-5.93681725602798
-4.96015050924322,-6.69131629845538,19.2640140435051,-6.06990771594228
-5.0491365043373,-6.87710497502176,19.1774837997813,-6.20791097257256
-5.14297087614118,-7.06805578225417,19.0999489320991,-6.35080477109614
-5.2416696880181,-7.26419685800271,19.0317676541995,-6.49855559682715
-5.34524917763334,-7.46553930039994,18.9733159789603,-6.65111683193751
-5.45372486174341,-7.672074678996,18.9249878500131,-6.80842689895764
-5.56711056387466,-7.88377238301329,18.8871951011747,-6.97040719369691
-5.68541731854396,-8.1005766862363,18.8603672450386,-7.13695998158788
-5.80865224630062,-8.32240379955469,18.8449510713886,-7.30796618446989
-5.93681725602798,-8.54913850621829,18.8414099376461,-7.48328302996477
-6.06990771594228,-8.78063084746989,18.850222876981,-7.66274172075492
-6.20791097257256,-9.01669242310394,18.8718832520723,-7.8461449496482
-6.35080477109614,-9.25709265980414,18.9068971684874,-8.03326444332853
-6.49855559682715,-9.50155488987106,18.9557813720107,-8.22383851336654
-6.65111683193751,-9.7497522426975,19.0190607030067,-8.41756957531
-6.80842689895764,-10.0013036017211,19.0972650990263,-8.61412181439969
-6.97040719369691,-10.255769317815,19.1909258582377,-8.81311893768154
-7.13695998158788,-10.5126471115722,19.30057148277,-9.01414209403901
-7.30796618446989,-10.771367959912,19.4267226616768,-9.21672804980078
-7.48328302996477,-11.0312921327261,19.5698865892282,-9.42036767374232
-7.66274172075492,-11.2917055780543,19.7305506101565,-9.62450478821173
-7.8461449496482,-11.5518165523152,19.9091747851659,-9.82853547864303
-8.03326444332853,-11.8107528219531,20.1061839528666,-10.0318079538092
-8.22383851336654,-12.0675594997172,20.3219586947571,-10.2336230311074
-8.41756957531,-12.3211976186071,20.5568255237448,-10.4332353293264
-8.61412181439969,-12.5705437106829,20.8110463735363,-10.6298552552903
-8.81311893768154,-12.8143905389983,21.0848071600903,-10.8226518586084
-9.01414209403901,-13.0514491359059,21.378205773928,-11.0107566200673
-9.21672804980078,-13.2803523779722,21.6912395418746,-11.1932682254729
-9.42036767374232,-13.4996603080967,22.0237922790923,-11.3692583586653
-9.62450478821173,-13.707867383234,22.3756211391519,-11.5377785251646
-9.82853547864303,-13.9034117509948,22.7463436083532,-11.6978678916133
-10.0318079538092,-14.0846867961236,23.1354248428375,-11.8485620962599
-10.2336230311074,-14.2500550004453,23.5421657500543,-11.9889029528412
-10.4332353293264,-14.397864190725,23.9656921765155,-12.1179489353982
-10.6298552552903,-14.5264661570759,24.4049456478113,-12.2347862959811
-10.8226518586084,-14.6342375607323,24.8586761099502,-12.338540633151
-11.0107566200673,-14.7196029629354,25.3254371423483,-12.4283886957967
-11.1932682254729,-14.7810597090224,25.8035841142327,-12.5035701813058
-11.3692583586653,-14.8172042983714,26.2912757367159,-12.5633992638496
-11.5377785251646,-14.8267597648742,26.7864794209512,-12.6072755778452
-11.6978678916133,-14.8086034885256,27.2869807867216,-12.634694372987
-11.8485620962599,-14.7617947621887,27.7903975743677,-12.6452555696681
-11.9889029528412,-14.6856013550755,28.2941980962732,-12.6386714566065
-12.1179489353982,-14.5795242528948,28.7957242241556,-12.6147728033394
-12.2347862959811,-14.4433197207073,29.2922187487197,-12.5735131972716
-12.338540633151,-14.2770178345315,29.7808567768329,-12.5149714613971
-12.4283886957967,-14.0809366656871,30.2587806484265,-12.4393520637448
-12.5035701813058,-13.855691382304,30.7231376855174,-12.3469834910438
-12.5633992638496,-13.6021976538759,31.1711199176924,-12.2383146141766
-12.6072755778452,-13.3216689036012,31.600004800354,-12.1139091301746
-12.634694372987,-13.0156071543268,32.0071958201403,-11.9744382340988
-12.6452555696681,-12.68578742959,32.3902618444345,-11.8206717102854
-12.6386714566065,-12.3342359132799,32.7469740456754,-11.6534676669786
-12.6147728033394,-11.963202309002,33.0753392819983,-11.4737611930152
-12.5735131972716,-11.5751270688095,33.3736289143574,-11.2825522165144
-12.5149714613971,-11.1726043552173,33.6404021910568,-11.0808928484555
-12.4393520637448,-10.7583418090666,33.874523504035,-10.8698745074052
-12.3469834910438,-10.3351182704761,34.0751730743519,-10.6506151087981
-12.2383146141766,-9.90574067959515,34.2418508612377,-10.4242465667256
-12.1139091301746,-9.47300139457217,34.374373735712,-10.191902833137
-11.9744382340988,-9.03963715725372,34.4728662087176,-9.95470867999496
-11.8206717102854,-8.60829076552434,34.5377452288199,-9.71376938042631
-11.6534676669786,-8.18147639073974,34.5696997550958,-9.47016140694647
-11.4737611930152,-7.76154934537561,34.569665968552,-9.22492423481064
-11.2825522165144,-7.35068084383038,34.5387990681388,-8.97905329657099
-11.0808928484555,-6.95083809419886,34.4784426600751,-8.7334941075616
-10.8698745074052,-6.5637698734663,34.3900967585943,-8.48913754813296
-10.6506151087981,-6.19099752846904,34.2753853745785,-8.2468162649056
-10.4242465667256,-5.83381115486043,34.1360245719196,-8.00730213341844
-10.191902833137,-5.49327056641161,33.9737917806754,-7.77130470854674
-9.95470867999496,-5.17021056046679,33.790497034862,-7.53947057744612
-9.71376938042631,-4.86524989151165,33.5879566489127,-7.31238352221441
-9.47016140694647,-4.57880332633418,33.3679697008524,-7.09056539561806
-9.22492423481064,-4.31109612780832,33.1322975705535,-6.87447761280244
-8.97905329657099,-4.06218033640153,32.8826466351396,-6.66452316166357
-8.7334941075616,-3.83195224452121,32.6206541245164,-6.46104904149866
-8.48913754813296,-3.62017051125207,32.3478770361944,-6.26434904052563
-8.2468162649056,-3.42647442883345,32.06578393369,-6.07466677192236
-8.00730213341844,-3.25040192108347,31.775749396215,-5.89219890357363
-7.77130470854674,-3.09140692673809,31.4790508476275,-5.71709850514197
-7.53947057744612,-2.94887589276706,31.1768674695219,-5.54947845570185
-7.31238352221441,-2.82214317134274,30.8702808946876,-5.38941486208788
-7.09056539561806,-2.71050517732401,30.5602773806983,-5.23695046248348
-6.87447761280244,-2.61323321932935,30.2477511769146,-5.09209795177729
-6.66452316166357,-2.52958495866557,29.9335088145933,-4.95484321302203
-6.46104904149866,-2.45881450681634,29.6182740814105,-4.8251484244904
-6.26434904052563,-2.40018118169022,29.302693456151,-4.70295505120487
-6.07466677192236,-2.35295698815309,28.9873418184968,-4.5881866704723
-5.89219890357363,-2.31643290799434,28.6727282900611,-4.48075161348229
-5.71709850514197,-2.28992406566491,28.3593020589496,-4.38054549592965
-5.54947845570185,-2.27277387757463,28.047458082004,-4.28745353363569
-5.38941486208788,-2.26435728639563,27.7375425777332,-4.20135269732907
-5.23695046248348,-2.26408318902947,27.4298582895395,-4.12211371268806
-5.09209795177729,-2.27139613205905,27.1246694244209,-4.04960288586827
-4.95484321302203,-2.28577738588954,26.8222062600421,-3.98368377190923
-4.8251484244904,-2.30674548590626,26.5226694031683,-3.92421868495074
-4.70295505120487,-2.33385631370235,26.2262337333009,-3.87107006670159
-4.5881866704723,-2.36670279208726,25.9330519621864,-3.82410171390958
-4.48075161348229,-2.40491428155078,25.6432578668423,-3.78317987357399
-4.38054549592965,-2.44815569915908,25.3569692443092,-3.74817421453788
-4.28745353363569,-2.49612645349276,25.0742905214697,-3.71895867971915
-4.20135269732907,-2.54855922237158,24.7953151151583,-3.69541223268809
-4.12211371268806,-2.60521860792985,24.520127543923,-3.6774195035762
-4.04960288586827,-2.66589971850194,24.2488053002915,-3.66487134101726
-3.98368377190923,-2.7304266976355,23.9814205243995,-3.65766527871839
-3.92421868495074,-2.79865122981841,23.7180414944822,-3.65570592022958
-3.87107006670159,-2.87045103692356,23.4587339601324,-3.65890525111731
-3.82410171390958,-2.9457283861634,23.20356233539,-3.66718288389878
-3.78317987357399,-3.02440862369571,22.952590770793,-3.68046624033159
-3.74817421453788,-3.10643874035451,22.7058841256999,-3.69869067660998
-3.71895867971915,-3.19178598182497,22.4635088542518,-3.72179955517553
-3.69541223268809,-3.28043650298432,22.2255338223089,-3.74974426481363
-3.6774195035762,-3.37239407205563,21.9920310675159,-3.78248419513486
-3.66487134101726,-3.46767882712148,21.7630765143743,-3.81998666674973
-3.65766527871839,-3.56632608257308,21.5387506562842,-3.86222682076339
-3.65570592022958,-3.66838518590486,21.3191392141865,-3.90918746705946
-3.65890525111731,-3.77391842086585,21.1043337799944,-3.96085889022683
-3.66718288389878,-3.88299995230377,20.8944324530756,-4.01723861661263
-3.68046624033159,-3.99571480871391,20.6895404761328,-4.07833114369446
-3.69869067660998,-4.11215789732452,20.4897708754272,-4.14414762888946
-3.72179955517553,-4.23243304326268,20.2952451118776,-4.21470553186553
-3.74974426481363,-4.35665204896053,20.1060937457972,-4.29002821255768
-3.78248419513486,-4.48493376214519,19.9224571197585,-4.37014448904028
-3.81998666674973,-4.6174031440423,19.7444860626347,-4.45508813903364
-3.86222682076339,-4.75419033028479,19.5723426145179,-4.54489734261125
-3.90918746705946,-4.89542967269083,19.4062007760845,-4.63961407726
-3.96085889022683,-5.04125875599111,19.2462472807208,-4.73928344509241
-4.01723861661263,-5.19181736952877,19.0926823930833,-4.84395291708514
-4.07833114369446,-5.34724642669769,18.9457207285162,-4.95367152931612
-4.14414762888946,-5.50768682108286,18.8055920915857,-5.06848896815936
-4.21470553186553,-5.6732782102991,18.672542330118,-5.18845458012477
-4.29002821255768,-5.84415769268925,18.5468342083345,-5.31361629684454
-4.37014448904028,-6.02045838658975,18.4287482787783,-5.44401941092148
-4.45508813903364,-6.20230789854571,18.318583750467,-5.57970531488355
-4.54489734261125,-6.38982662349466,18.2166593575966,-5.7207100179656
-4.63961407726,-6.58312591504837,18.123314196018,-5.86706264565717
-4.73928344509241,-6.78230609795813,18.0389085180371,-6.01878370129341
-4.84395291708514,-6.98745422777134,17.9638244938572,-6.17588325045646
-4.95367152931612,-7.19864175176674,17.8984668784754,-6.33835894037343
-5.06848896815936,-7.41592183183954,17.8432635918435,-6.50619382709322
-5.18845458012477,-7.63932652774138,17.7986661914491,-6.67935411797106
-5.31361629684454,-7.86886368178705,17.7651501565433,-6.85778667714843
-5.44401941092148,-8.10451351608577,17.7432150337851,-7.04141641406094
-5.57970531488355,-8.3462250614085,17.7333843128384,-7.23014354150878
-5.7207100179656,-8.59391211251866,17.7362050521884,-7.42384062245228
-5.86706264565717,-8.84744915499478,17.75224720322,-7.62234954952376
-6.01878370129341,-9.10666672210813,17.7821024951883,-7.82547840712515
-6.17588325045646,-9.37134672448416,17.8263829793601,-8.03299819703002
-6.33835894037343,-9.64121736111145,17.8857189776319,-8.24463959166959
-6.50619382709322,-9.91594781957238,17.9607565061258,-8.46008963485975
-6.67935411797106,-10.1951428696321,18.0521540837784,-8.67898846932627
-6.85778667714843,-10.4783371335395,18.1605786962038,-8.90092623174889
-7.04141641406094,-10.7649894081227,18.2867010863151,-9.12544007004455
-7.23014354150878,-11.0544769404941,18.4311900942395,-9.35201143246598
-7.42384062245228,-11.3460897098847,18.5947059419943,-9.58006371879318
-7.62234954952376,-11.6390250309121,18.7778926397772,-9.80896038694394
-7.82547840712515,-11.9323824481871,18.9813691392263,-10.0380036148225
-8.03299819703002,-12.2251591171768,19.2057192749064,-10.2664336508086
-8.24463959166959,-12.5162459608118,19.4514807181372,-10.4934289750348
-8.46008963485975,-12.8044247190667,19.7191323657692,-10.7181073999939
-8.67898846932627,-13.0883661327035,20.0090807501534,-10.939528226982
-8.90092623174889,-13.3666296071891,20.3216452537178,-11.1566955794739
-9.12544007004455,-13.6376645840428,20.657042075194,-11.3685630174755
-9.35201143246598,-13.8998138861822,21.0153674151121,-11.574039518028
-9.58006371879318,-14.1513193893519,21.3965798828021,-11.7719968816009
-9.80896038694394,-14.3903303073442,21.8004824214121,-11.961278591572
-10.0380036148225,-14.614914372743,22.2267040744367,-12.140710114679
-10.2664336508086,-14.8230721070163,22.6746820922216,-12.3091105848937
-10.4934289750348,-15.0127544335666,23.1436447855072,-12.4653057627332
-10.7181073999939,-15.1818837494887,23.6325957228746,-12.6081421086376
-10.939528226982,-15.3283784701986,24.1402998983961,-12.7365017527798
-11.1566955794739,-15.4501809858024,24.6652725481923,-12.8493180903756
-11.3685630174755,-15.5452888151345,25.2057713362335,-12.9455916854299
-11.574039518028,-15.6117886000487,25.7597926342426,-13.0244061175769
-11.7719968816009,-15.6478924182829,26.32507260102,-13.0849433799912
-11.961278591572,-15.6519757223785,26.8990937093441,-13.1264984165121
-12.140710114679,-15.6226160424869,27.4790972705611,-13.148492383491
-12.3091105848937,-15.5586314323084,28.0621023658543,-13.1504842396511
-12.4653057627332,-15.4591175012718,28.6449314091176,-13.1321802970301
-12.6081421086376,-15.3234817750646,29.2242423437471,-13.0934414178868
-12.7365017527798,-15.1514740691208,29.7965672154302,-13.0342876017803
-12.8493180903756,-14.9432115626145,30.3583565827706,-12.9548997999612
-12.9455916854299,-14.6991973324552,30.9060289499691,-12.8556188663511
-13.0244061175769,-14.4203312366056,31.436024104404,-12.736941655145
-13.0849433799912,-14.1079122515439,31.9448589996699,-12.5995143743146
-13.1264984165121,-13.7636316419878,32.4291846087064,-12.4441233672241
-13.148492383491,-13.389556674226,32.8858420206252,-12.2716836096844
-13.1504842396511,-12.9881049486372,33.311915995443,-12.0832252479924
-13.1321802970301,-12.5620098216467,33.7047841937148,-11.8798785490322
-13.0934414178868,-12.1142777367754,34.0621604388174,-11.6628577088041
-13.0342876017803,-11.6481387213487,34.3821305000654,-11.4334439153664
-12.9548997999612,-11.1669915319598,34.663179241296,-11.1929681119942
-12.8556188663511,-10.6743451474288,34.9042083095443,-10.9427938732396
-12.736941655145,-10.1737585469386,35.1045438894222,-10.6843007416281
-12.5995143743146,-9.66878068251211,35.2639344902625,-10.4188683797139
-12.4441233672241,-9.16289245550294,35.3825391463232,-10.1478618079153
-12.2716836096844,-8.65945251159356,35.4609067624081,-9.87261793827143
-12.0832252479924,-8.16164829025857,35.4999476547567,-9.59443357567655
-11.8798785490322,-7.67245352970026,35.5008986073641,-9.31455499624178
-11.6628577088041,-7.19459316980903,35.465282933067,-9.0341691469649
-11.4334439153664,-6.73051611265431,35.3948670710898,-8.75439647534652
-11.1929681119942,-6.28237606993306,35.2916153285811,-8.4762853498696
-10.9427938732396,-5.85202036939953,35.1576442428394,-8.20080800267868
-10.6843007416281,-5.44098627829244,34.9951779084246,-7.92885789359281
-10.4188683797139,-5.05050422061608,34.8065054841604,-7.66124837631009
-10.1478618079153,-4.68150707019398,34.5939418176251,-7.39871253432096
-9.87261793827143,-4.33464457509255,34.359791917647,-7.14190404633418
-9.59443357567655,-4.01030192618221,34.106319786471,-6.89139893866598
-9.31455499624178,-3.70862146471253,33.8357218972814,-6.64769808425701
-9.0341691469649,-3.42952657377456,33.5501053833035,-6.41123031390908
-8.75439647534652,-3.17274684522085,33.2514708617252,-6.18235600960272
-8.4762853498696,-2.93784373089602,32.9416996574667,-5.96137106758987
-8.20080800267868,-2.72423598176086,32.6225450973221,-5.74851111792975
-7.92885789359281,-2.53122430408514,32.2956274615927,-5.54395591290017
-7.66124837631009,-2.35801477938249,31.9624321380941,-5.34783380328171
-7.39871253432096,-2.2037407070945,31.6243105040546,-5.16022622076931
-7.14190404633418,-2.06748263384003,31.2824830628259,-4.98117211351739
-6.89139893866598,-1.9482864261322,30.9380443811027,-4.81067228649761
-6.64769808425701,-1.84517932339308,30.5919694042454,-4.64869360071612
-6.41123031390908,-1.75718397370354,30.245120768182,-4.49517301023883
-6.18235600960272,-1.68333049989679,29.8982567648063,-4.35002140150097
-5.96137106758987,-1.62266670412625,29.5520396810773,-4.21312722291379
-5.74851111792975,-1.57426651482278,29.2070442502533,-4.08435988481205
-5.54395591290017,-1.53723683664143,28.8637660319247,-3.96357294868554
-5.34783380328171,-1.51072294855677,28.5226295716257,-3.85060707329853
-5.16022622076931,-1.49391259591431,28.1839961952817,-3.74529273405104
-4.98117211351739,-1.48603894390081,27.8481713683428,-3.64745271965488
-4.81067228649761,-1.48638253778154,27.5154115613936,-3.55690440795086
-4.64869360071612,-1.49427241160789,27.1859305834273,-3.47346183261486
-4.49517301023883,-1.50908647561862,26.8599053836462,-3.39693754856622
-4.35002140150097,-1.53025129964799,26.5374813041098,-3.32714430660591
-4.21312722291379,-1.55724140513374,26.2187768021665,-3.26389654837487
-4.08435988481205,-1.58957816456608,25.9038876684828,-3.20701173301921
-3.96357294868554,-1.62682838154778,25.5928907858342,-3.15631150707865
-3.85060707329853,-1.66860263796736,25.2858474319457,-3.11162272907209
-3.74529273405104,-1.71455346813848,24.9828061823203,-3.07277836004857
-3.64745271965488,-1.76437341194634,24.6838054493021,-3.03961823120363
-3.55690440795086,-1.81779299717051,24.3888756894407,-3.01198969908199
-3.47346183261486,-1.87457868709366,24.0980413189783,-2.98974819819237
-3.39693754856622,-1.9345308262968,23.8113223709813,-2.97275770083758
-3.32714430660591,-1.99748161062318,23.5287359270645,-2.96089109339958
-3.26389654837487,-2.06329310207558,23.2502973542771,-2.95403047717964
-3.20701173301921,-2.13185530494871,22.9760213752305,-2.95206740168202
-3.15631150707865,-2.20308431562054,22.7059229970768,-2.95490303751241
-3.11162272907209,-2.27692055509106,22.4400183225097,-2.96244829544359
-3.07277836004857,-2.35332709056158,22.1783252635919,-2.97462389757386
-3.03961823120363,-2.43228804981603,21.9208641770118,-2.99136040612315
-3.01198969908199,-2.51380712984739,21.6676584374694,-3.01259821427556
-2.98974819819237,-2.59790620054244,21.4187349635354,-3.03828750289583
-2.97275770083758,-2.68462400143117,21.1741247091399,-3.06838816715124
-2.96089109339958,-2.77401492875021,20.9338631320157,-3.10286971572931
-2.95403047717964,-2.86614790939211,20.6979906490775,-3.14171114490524
-2.95206740168202,-2.96110535709724,20.4665530875471,-3.18490078950619
-2.95490303751241,-3.05898220558038,20.2396021395729,-3.23243615290549
-2.96244829544359,-3.15988501264002,20.0171958271774,-3.28432371369846
-2.97462389757386,-3.26393112876661,19.7993989835592,-3.34057871119291
-2.99136040612315,-3.37124792328685,19.5862837559106,-3.40122490861048
-3.01259821427556,-3.48197206011721,19.3779301350318,-3.46629433593518
-3.03828750289583,-3.59624881630312,19.1744265153954,-3.53582700630222
-3.06838816715124,-3.71423143415265,18.9758702897552,-3.60987060319885
-3.10286971572931,-3.83608049836984,18.7823684817867,-3.68848013902178
-3.14171114490524,-3.96196332893121,18.5940384199984,-3.77171758398591
-3.18490078950619,-4.09205338013395,18.4110084552714,-3.85965145207913
-3.23243615290549,-4.22652963507823,18.2334187239466,-3.95235634186391
-3.28432371369846,-4.36557598636997,18.0614219595648,-4.0499124425595
-3.34057871119291,-4.50938059148793,17.8951843533543,-4.1524049651618
-3.40122490861048,-4.65813518740096,17.7348864685745,-4.25992352966857
-3.46629433593518,-4.81203435397277,17.5807242035339,-4.37256147254421
-3.53582700630222,-4.97127471449959,17.4329098057299,-4.49041507775241
-3.60987060319885,-5.13605406030424,17.2916729366369,-4.61358272475095
-3.68848013902178,-5.30657036843339,17.1572617937241,-4.74216392367398
-3.77171758398591,-5.48302071821514,17.0299442661838,-4.87625827001951
-3.85965145207913,-5.66560008632241,16.9100091354094,-5.01596423067193
-3.95235634186391,-5.85449995567083,16.7977673352356,-5.16137786557563
-4.0499124425595,-6.04990682582267,16.6935531929267,-5.31259131423328
-4.1524049651618,-6.25200043613965,16.5977257560377,-5.46969121868135
-4.25992352966857,-6.46095190155943,16.5106700585046,-5.63275688951205
-4.37256147254421,-6.67692145343589,16.4327984474709,-5.8018583271493
-4.49041507775241,-6.9000561175569,16.3645518227558,-5.97705405499031
-4.61358272475095,-7.13048688352307,16.3064008835747,-6.15838868276869
-4.74216392367398,-7.36832578443616,16.2588472677109,-6.34589030542927
-4.87625827001951,-7.61366244484718,16.2224245951846,-6.53956763961173
-5.01596423067193,-7.86656040260529,16.1976993879838,-6.73940689734667
-5.16137786557563,-8.12705299040225,16.1852717675821,-6.94536845376373
-5.31259131423328,-8.39513874495102,16.1857759590762,-7.15738324842815
-5.46969121868135,-8.6707765533525,16.1998804733174,-7.37534892318323
-5.63275688951205,-8.9538801137657,16.2282879264814,-7.59912576188627
-5.8018583271493,-9.2443121494336,16.2717344524258,-7.82853242239812
-5.97705405499031,-9.54187805741533,16.330988561424,-8.06334144482426
-6.15838868276869,-9.84631905000096,16.4068493813916,-8.30327465039663
-6.34589030542927,-10.1573049916226,16.5001442193682,-8.54799847254796
-6.53956763961173,-10.4744267025067,16.6117252327696,-8.79711921060066
-6.73940689734667,-10.7971879180052,16.7424651508271,-9.05017836885395
-6.94536845376373,-11.1249970271835,16.8932519513801,-9.30664818846323
-7.15738324842815,-11.4571585388533,17.0649822531435,-9.56592740486215
-7.37534892318323,-11.7928644650299,17.2585533247353,-9.82733744128842
-7.59912576188627,-12.1311858438908,17.4748536589083,-10.0901191666178
-7.82853242239812,-12.4710645080806,17.7147518718541,-10.3534304017437
-8.06334144482426,-12.8113053095108,17.9790837389501,-10.6163443375928
-8.30327465039663,-13.1505691801161,18.2686375066997,-10.8778490784708
-8.54799847254796,-13.4873672876864,18.584137266769,-11.1368485149674
-8.79711921060066,-13.8200566295682,18.9262241247827,-11.3921647283444
-9.05017836885395,-14.1468374982288,19.2954356858299,-11.6425421241142
-9.30664818846323,-14.465753304334,19.6921836043978,-11.8866534741305
-9.56592740486215,-14.7746932051722,20.1167292631156,-12.1231080181042
-9.82733744128842,-15.0713980234848,20.5691581794213,-12.3504617349214
-10.0901191666178,-15.3534699987922,21.0493532750829,-12.5672298406064
-10.3534304017437,-15.61838687188,21.5569675743911,-12.7719015034923
-10.6163443375928,-15.8635207597493,22.0913968948865,-12.9629566894439
-10.8778490784708,-16.0861621797109,22.6517533699883,-13.1388849631361
-11.1368485149674,-16.2835495194996,23.2368406645397,-13.2982059799838
-11.3921647283444,-16.4529040927023,23.8451318992894,-13.4394913046585
-11.6425421241142,-16.5914707239518,24.4747514218999,-13.5613871063081
-11.8866534741305,-16.6965635844889,25.1234616311649,-13.6626371940531
-12.1231080181042,-16.76561673856,25.7886560927004,-13.74210577781
-12.3504617349214,-16.7962385703953,26.4673601618634,-13.7987993083464
-12.5672298406064,-16.7862689524805,27.1562402389659,-13.8318867228081
-12.7719015034923,-16.7338377058756,27.8516226128194,-13.8407174356043
-12.9629566894439,-16.6374226136079,28.5495225960674,-13.8248364410237
-13.1388849631361,-16.4959050021778,29.2456843205087,-13.7839959795901
-13.2982059799838,-16.3086207300656,29.935631154429,-13.718163333037
-13.4394913046585,-16.075404330286,30.6147262207053,-13.6275244175005
-13.5613871063081,-15.7966240734877,31.2782419976069,-13.5124830195048
-13.6626371940531,-15.4732058821003,31.92143745461,-13.3736556516172
-13.74210577781,-15.1066443105758,32.539640632857,-13.2118621983529
-13.7987993083464,-14.6989992486103,33.1283341950096,-13.0281126276164
-13.8318867228081,-14.2528775473937,33.6832411092154,-12.8235902410291
-13.8407174356043,-13.7713993749125,34.2004074579195,-12.5996319710264
-13.8248364410237,-13.2581498480007,34.6762792627594,-12.3577064030061
-13.7839959795901,-12.717117224751,35.1077703613073,-12.0993901525882
-13.718163333037,-12.1526194703622,35.4923188005801,-11.8263433488226
-13.6275244175005,-11.5692217661433,35.8279295255015,-11.5402848510345
-13.5124830195048,-10.9716478784125,36.1132018460854,-11.2429678901911
-13.3736556516172,-10.3646885265045,36.3473408997493,-10.936156662635
-13.2118621983529,-9.75311018621129,36.53015296887,-10.6216043951019
-13.0281126276164,-9.14156736784007,36.6620253679689,-10.3010332684831
-12.8235902410291,-8.53452146432255,36.7438922104005,-9.97611647792405
-12.5996319710264,-7.93616850235523,36.777187964444,-9.6484626594924
-12.3577064030061,-7.35037789881964,36.7637911633111,-9.319602758904
-12.0993901525882,-6.78064342575812,36.7059608356482,-8.9909793697715
-11.8263433488226,-6.23004719894339,36.6062684409803,-8.66393849778949
-11.5402848510345,-5.70123668016734,36.4675278999098,-8.3397236269161
-11.2429678901911,-5.19641428454762,36.2927262943851,-8.01947193117888
-10.936156662635,-4.71733861156401,36.0849573307702,-7.70421243842637
-10.6216043951019,-4.26533599373403,35.8473594628004,-7.39486593212474
-10.3010332684831,-3.84132082305832,35.5830600212179,-7.09224636359512
-9.97611647792405,-3.44582293060203,35.2951263251414,-6.79706354664072
-9.6484626594924,-3.07902029777029,34.9865243692154,-6.50992691188181
-9.319602758904,-2.74077542910458,34.6600852256369,-6.23135010949338
-8.9909793697715,-2.43067381832791,34.3184790448121,-5.9617562646628
-8.66393849778949,-2.14806311575429,33.9641962660641,-5.70148370302862
-8.3397236269161,-1.89209184252684,33.5995354272023,-5.45079199338804
-8.01947193117888,-1.6617466677268,33.2265968544774,-5.20986816392705
-7.70421243842637,-1.45588751772213,32.8472814267816,-4.97883297597055
-7.39486593212474,-1.27327997217135,32.46329358453,-4.75774715378978
-7.09224636359512,-1.11262459930421,32.076147762096,-4.54661748839257
-6.79706354664072,-0.97258304291215,31.6871774682855,-4.34540275010875
-6.50992691188181,-0.851800808452328,31.2975463043317,-4.15401935841137
-6.23135010949338,-0.748926805673351,30.9082602885966,-3.97234676793335
-5.9617562646628,-0.662629787768455,30.5201809439008,-3.80023254909203
-5.70148370302862,-0.591611881784689,30.1340386828092,-3.63749714174905
-5.45079199338804,-0.534619461582144,29.7504461290771,-3.48393827360522
-5.20986816392705,-0.490451615206833,29.3699110709138,-3.33933504060999
-4.97883297597055,-0.457966485249795,28.9928488349507,-3.20345165215846
-4.75774715378978,-0.43608574744788,28.6195939166932,-3.07604084852557
-4.54661748839257,-0.423797487954293,28.2504107639875,-2.95684700184281
-4.34540275010875,-0.420157723089988,27.8855036553973,-2.8456089122288
-4.15401935841137,-0.424290785395802,27.5250256502976,-2.74206231532328
-3.97234676793335,-0.435388780565256,27.1690866124125,-2.64594211699879
-3.80023254909203,-0.452710295315069,26.8177603433514,-2.55698437288516
-3.63749714174905,-0.475578515612496,26.4710908638566,-2.47492803073432
-3.48393827360522,-0.503378893963365,26.1290978993391,-2.399516452371
-3.33933504060999,-0.535556484705022,25.7917816316214,-2.33049873262781
-3.20345165215846,-0.571613048342344,25.4591267823354,-2.26763083285488
-3.07604084852557,-0.611104009473466,25.1311060946418,-2.21067654534034
-2.95684700184281,-0.653635337948992,24.8076832789704,-2.15940830446464
-2.8456089122288,-0.698860412025771,24.4888154846673,-2.11360785961607
-2.74206231532328,-0.746476908730471,24.1744553580008,-2.07306682412231
-2.64594211699879,-0.796223759589521,23.8645527408092,-2.03758711318659
-2.55698437288516,-0.847878199860929,23.5590560609401,-2.00698128373103
-2.47492803073432,-0.901252932509333,23.2579134604809,-1.98107278775353
-2.399516452371,-0.956193424167129,22.9610737025173,-1.95969614992087
-2.33049873262781,-1.01257534366904,22.6684868933718,-1.94269707933368
-2.26763083285488,-1.0703021507451,22.3801050524467,-1.92993252460064
-2.21067654534034,-1.12930283875793,22.0958825580019,-1.92127068050533
-2.15940830446464,-1.18952983264227,21.8157764934623,-1.91659095394744
-2.11360785961607,-1.25095704120361,21.5397469154306,-1.91578389598647
-2.07306682412231,-1.31357806129343,21.2677570615788,-1.91875110617406
-2.03758711318659,-1.37740453045901,20.999773513926,-1.92540511475599
-2.00698128373103,-1.44246462251528,20.7357663307339,-1.93566924768679
-1.98107278775353,-1.50880168076672,20.4757091581163,-1.94947747882913
-1.95969614992087,-1.57647298254932,20.21957933077,-1.96677427318394
-1.94269707933368,-1.64554862848303,19.9673579697289,-1.98751442448056
-1.92993252460064,-1.71611054956862,19.719030083788,-2.01166288998079
-1.92127068050533,-1.78825162515614,19.4745846802011,-2.03919462489572
-1.91659095394744,-1.86207490466371,19.2340148894031,-2.07009441838022
-1.91578389598647,-1.9376929260121,18.9973181078145,-2.10435673265219
-1.91875110617406,-2.01522712377089,18.7644961622541,-2.14198554659716
-1.92540511475599,-2.09480732007463,18.5355554990585,-2.18299420473595
-1.93566924768679,-2.17657129149323,18.3105074007105,-2.22740527130603
-1.94947747882913,-2.26066440515232,18.0893682325676,-2.27525039001164
-1.96677427318394,-2.34723931750169,17.872159722149,-2.32657014886344
-1.98751442448056,-2.43645572923239,17.6589092733868,-2.38141395043291
-2.01166288998079,-2.52848018991862,17.4496503182414,-2.43983988681401
-2.03919462489572,-2.62348594600962,17.2444227081351,-2.50191461382495
-2.07009441838022,-2.72165282581197,17.0432731477617,-2.56771322750834
-2.10435673265219,-2.8231671550803,16.8462556739994,-2.63731913997832
-2.14198554659716,-2.92822169662995,16.6534321824758,-2.7108239486318
-2.18299420473595,-3.03701560707236,16.4648730051502,-2.78832730066064
-2.22740527130603,-3.14975440461777,16.2806575417679,-2.86993673938808
-2.27525039001164,-3.26664994043914,16.1008749480653,-2.95576754957825
-2.32657014886344,-3.38792036631743,15.9256248859047,-3.04594256178225
-2.38141395043291,-3.51379008957107,15.7550183383044,-3.14059195105127
-2.43983988681401,-3.64448970535832,15.5891784910705,-3.23985299302402
-2.50191461382495,-3.78025590500228,15.4282416840344,-3.34386977458171
-2.56771322750834,-3.9213313413872,15.272358449307,-3.45279287611344
-2.63731913997832,-4.06796443865142,15.1216946197423,-3.56677898130125
-2.7108239486318,-4.22040915104616,14.9764325155972,-3.68599042045358
-2.78832730066064,-4.37892463603426,14.8367722468313,-3.81059465188976
-2.86993673938808,-4.54377483719753,14.7029330736335,-3.94076363948813
-2.95576754957825,-4.71522797543189,14.5751548765524,-4.07667312345945
-3.04594256178225,-4.8935558863427,14.4536997452485,-4.21850179096913
-3.14059195105127,-5.07903325527553,14.3388536100377,-4.36643029730158
-3.23985299302402,-5.2719366420787,14.2309280463261,-4.52064012422513
-3.34386977458171,-5.47254334870428,14.1302621204045,-4.68131229674327
-3.45279287611344,-5.68113006417177,14.0372243508506,-4.84862587492825
-3.56677898130125,-5.89797124366459,13.9522147820615,-5.02275622820662
-3.68599042045358,-6.12333723572428,13.8756671141245,-5.20387310723373
-3.81059465188976,-6.35749209371309,13.8080509137464,-5.39213839223574
-3.94076363948813,-6.6006910074289,13.7498739085483,-5.58770357947583
-4.07667312345945,-6.85317737645358,13.7016842958127,-5.79070695974911
-4.21850179096913,-7.11517944975673,13.6640730685655,-6.00127040758013
-4.36643029730158,-7.38690643376265,13.6376763522922,-6.21949582146014
-4.52064012422513,-7.66854411366956,13.6231776629748,-6.44546116573956
-4.68131229674327,-7.96024991575799,13.6213100546412,-6.67921608000075
-4.84862587492825,-8.26214721730657,13.6328581378257,-6.92077703354342
-5.02275622820662,-8.5743190971168,13.6586598314874,-7.17012204438663
-5.20387310723373,-8.89680130597626,13.6996078004741,-7.42718492884746
-5.39213839223574,-9.22957435635426,13.7566504831907,-7.69184909547965
-5.58770357947583,-9.57255490462435,13.8307925686853,-7.9639408842799
-5.79070695974911,-9.92558622299051,13.9230947988528,-8.24322251585737
-6.00127040758013,-10.2884276973031,14.0346729240635,-8.52938467538651
-6.21949582146014,-10.6607435257998,14.1666956548671,-8.82203883195159
-6.44546116573956,-11.0420904992407,14.3203813899646,-9.12070936242496
-6.67921608000075,-11.4319049139339,14.4969934935649,-9.42482563170788
-6.92077703354342,-11.8294886958199,14.6978338573126,-9.73371419829789
-7.17012204438663,-12.2339949292905,14.9242345353685,-10.0465913748046
-7.42718492884746,-12.6444128688778,15.177547107907,-10.3625563140965
-7.69184909547965,-13.0595527054457,15.4591295097117,-10.6805849766872
-7.9639408842799,-13.4780303573809,15.7703299761944,-10.9995252721155
-8.24322251585737,-13.8982527375054,16.112467900747,-11.3180937376358
-8.52938467538651,-14.3184039043843,16.4868112681369,-11.6348741459013
-8.82203883195159,-14.7364327185436,16.8945505026821,-11.9483184384695
-9.12070936242496,-15.1500426284248,17.3367684776048,-12.2567504052113
-9.42482563170788,-15.5566844328371,17.8144066413549,-12.5583725038726
-9.73371419829789,-15.9535528402413,18.3282274583666,-12.8512761812204
-10.0465913748046,-16.3375878685149,18.8787732812373,-13.1334559917007
-10.3625563140965,-16.7054820824952,19.4663218937068,-13.4028277252961
-10.6805849766872,-17.0536947845009,20.0908396569837,-13.6572506358195
-10.9995252721155,-17.3784741733675,20.7519330725348,-13.894553692052
-11.3180937376358,-17.6758885859225,21.4487998749898,-14.112565614203
-11.6348741459013,-17.9418676220519,22.1801812996654,-14.3091482601418
-11.9483184384695,-18.1722538383774,22.9443172984589,-14.4822327454286
-12.2567504052113,-18.3628653334246,23.7389068870072,-14.6298574005855
-12.5583725038726,-18.5095691380531,24.5610760081193,-14.7502065564863
-12.8512761812204,-18.6083648005616,25.4073554891289,-14.8416489962763
-13.1334559917007,-18.6554769305889,26.2736717343081,-14.9027747330358
-13.4028277252961,-18.6474547868471,27.1553527269347,-14.9324287816871
-13.6572506358195,-18.5812762890304,28.047151660474,-14.929740641192
-13.894553692052,-18.4544530548468,28.9432900303954,-14.8941482181816
-14.112565614203,-18.2651325117965,29.837521360743,-14.8254151996788
-14.3091482601418,-18.0121926038371,30.7232158696806,-14.7236410539242
-14.4822327454286,-17.6953242931514,31.59346541078,-14.5892631794009
-14.6298574005855,-17.3150970101228,32.4412066094188,-14.423051044809
-14.7502065564863,-16.8730026228488,33.2593590966955,-14.2260925044347
-14.8416489962763,-16.3714739909339,34.0409746020391,-13.9997728175332
-14.9027747330358,-15.8138752373802,34.7793913768751,-13.7457472077021
-14.9324287816871,-15.2044622246814,35.4683878193053,-13.4659080194797
-14.929740641192,-14.5483130435768,36.1023289017305,-13.1623477380916
-14.8941482181816,-13.8512302852689,36.6762985686213,-12.8373192314658
-14.8254151996788,-13.1196181328761,37.1862122590297,-12.4931945750389
-14.7236410539242,-12.3603391948017,37.6289041537019,-12.1324238086472
-14.5892631794009,-11.5805568052633,38.0021853967456,-11.7574948458703
-14.423051044809,-10.7875697389468,38.3048708520174,-11.3708955725698
-14.2260925044347,-9.98864628470663,38.5367739096153,-10.9750790364396
-13.9997728175332,-9.19086472266329,38.6986704461387,-10.5724323508402
-13.7457472077021,-8.40096658848021,38.7922347759646,-10.1652497713149
-13.4659080194797,-7.62522802147965,38.8199517267711,-9.75571018281077
-13.1623477380916,-6.86935333536084,38.7850099734153,-9.34585904079463
-12.8373192314658,-6.13839341477038,38.6911824044493,-8.9375946748144
-12.4931945750389,-5.43669001448741,38.5426993880939,-8.53265871826792
-12.1324238086472,-4.76784570530262,38.3441206214947,-8.13263033276435
-11.7574948458703,-4.13471789467691,38.1002107154092,-7.73892384536206
-11.3708955725698,-3.53943438688941,37.8158227734734,-7.35278935603342
-10.9750790364396,-2.98342728060317,37.4957933879222,-6.97531587699504
-10.5724323508402,-2.46748152093099,37.1448513705006,-6.607436538379
-10.1652497713149,-1.99179439380187,36.7675415755517,-6.24993549970906
-9.75571018281077,-1.55604222985515,36.36816430523,-5.90345607748913
-9.34585904079463,-1.15945101897665,35.9507299375857,-5.56850981777901
-8.9375946748144,-0.800867892375904,35.5189278931448,-5.24548616152621
-8.53265871826792,-0.47883108502909,35.0761085450659,-4.93466243617736
-8.13263033276435,-0.191636384144148,34.6252764173003,-4.63621394770038
-7.73892384536206,0.0626013574414632,34.1690928807071,-4.35022398338668
-7.35278935603342,0.285892569681208,33.7098865111836,-4.07669357407079
-6.97531587699504,0.480323750227835,33.2496693665863,-3.81555089774692
-6.607436538379,0.648014912507239,32.7901575092964,-3.5666602361737
-6.24993549970906,0.791083416141959,32.3327944722869,-3.32983042149232
-5.90345607748913,0.911614224210833,31.8787762429756,-3.10482273159093
-5.56850981777901,1.01163581729126,31.4290768890684,-2.89135821060885
-5.24548616152621,1.09310139931408,30.9844739474259,-2.68912440630366
-4.93466243617736,1.15787476922111,30.5455729452698,-2.49778152723435
-4.63621394770038,1.20772025555917,30.1128305993695,-2.31696803185602
-4.35022398338668,1.24429612884842,29.6865763750832,-2.14630566927512
-4.07669357407079,1.26915093546248,29.2670322127911,-1.9854039957464
-3.81555089774692,1.28372224077297,28.85433032877,-1.83386439482301
-3.5666602361737,1.28933732016395,28.448529076405,-1.69128363137535
-3.32983042149232,1.28721539036146,28.0496269131984,-1.55725697101275
-3.10482273159093,1.27847102725281,27.657574562455,-1.43138089750677
-2.89135821060885,1.26411846761062,27.2722854877014,-1.31325545999371
-2.68912440630366,1.24507654029659,26.8936448171869,-1.2024862793375
-2.49778152723435,1.22217401559947,26.5215168643417,-1.09868624504119
-2.31696803185602,1.19615519964649,26.155751392758,-1.00147693163061
-2.14630566927512,1.16768563527177,25.7961887723445,-0.910489763146188
-1.9854039957464,1.13735779888286,25.4426641660414,-0.825366947710855
-1.83386439482301,1.10569670757197,25.0950108780401,-0.74576220827986
-1.69128363137535,1.07316537127164,24.7530629841023,-0.671341334163197
-1.55725697101275,1.04017004185685,24.4166573534404,-0.601782571085421
-1.43138089750677,1.00706522598652,24.0856351603788,-0.53677686786906
-1.31325545999371,0.974158438580134,23.75984297235,-0.476028002991184
-1.2024862793375,0.941714682949267,23.4391334899983,-0.4192525997157
-1.09868624504119,0.909960651057291,23.1233660055798,-0.366180050385184
-1.00147693163061,0.879088642952642,22.8124066363815,-0.31655235961462
-0.910489763146188,0.849260211042806,22.5061283814742,-0.270123920099834
-0.825366947710855,0.820609533216179,22.2044110419444,-0.226661230663351
-0.74576220827986,0.793246524414465,21.9071410389772,-0.185942567851416
-0.671341334163197,0.767259699179205,21.6142111580288,-0.147757617398799
-0.601782571085421,0.742718796743496,21.325520241585,-0.111907075744952
-0.53677686786906,0.719677179129288,21.0409728492687,-0.0782022267230867
-0.476028002991184,0.698174019406935,20.7604789004488,-0.0464644999495235
-0.4192525997157,0.678236290111886,20.4839533102567,-0.0165250163892
-0.366180050385184,0.659880566528855,20.2113156287675,0.0117758745685001
-0.31655235961462,0.643114658167083,19.9424896893954,0.0385890624375128
-0.270123920099834,0.627939079869363,19.677403271966,0.0640571440210351
-0.226661230663351,0.614348375982226,19.4159877834475,0.0883148898560574
-0.185942567851416,0.602332308820771,19.158177958968,0.11148970637099
-0.147757617398799,0.591876922193462,18.9039115840671,0.133702091657766
-0.111907075744952,0.582965491670476,18.653129238964,0.15506608311278
-0.0782022267230867,0.575579370676615,18.4057740647033,0.175689695744062
-0.0464644999495235,0.569698742295501,18.1617915507445,0.195675350299335
-0.0165250163892,0.565303285765984,17.9211293432593,0.215120289556524
0.0117758745685001,0.562372765829307,17.6837370731578,0.234116983707877
0.0385890624375128,0.560887552797987,17.4495662027502,0.252753522778136
0.0640571440210351,0.560829080570464,17.218569889862,0.271113997702799
0.0883148898560574,0.562180249348809,16.9907028682199,0.289278868004925
0.11148970637099,0.564925779271678,16.7659213429127,0.307325318665602
0.133702091657766,0.569052520754737,16.5441828997909,0.325327603901043
0.15506608311278,0.574549726937533,16.325446427724,0.3433573799029
0.175689695744062,0.581409293020102,16.1096720527049,0.361484026762966
0.195675350299335,0.589625966946963,15.8968210828676,0.37977495922843
0.215120289556524,0.599197536118747,15.686855963627,0.398295927419947
0.234116983707877,0.610124992881686,15.479740242148,0.417111308524328
0.252753522778136,0.622412683633311,15.2754385405654,0.43628438947337
0.271113997702799,0.636068443200865,15.0739165373512,0.455877641434106
0.289278868004925,0.651103719103745,14.8751409564526,0.475952986946458
0.307325318665602,0.667533686469825,14.6790795637601,0.496572060403021
0.325327603901043,0.685377357734166,14.4857011707274,0.517796462616122
0.3433573799029,0.70465768835275,14.2949756449195,0.539688010277717
0.361484026762966,0.725401680452956,14.1068739274037,0.562308980949564
0.37977495922843,0.747640486885857,13.9213680570065,0.585722354409068
0.398295927419947,0.771409517071776,13.7384312015182,0.609992051110864
0.417111308524328,0.796748545784652,13.5580376959995,0.635183168514726
0.43628438947337,0.823701826698371,13.3801630884591,0.661362216023861
0.455877641434106,0.852318211857582,13.2047841932401,0.688597349267331
0.475952986946458,0.882651278202714,13.0318791525537,0.716958604448173
0.496572060403021,0.914759462229157,12.8614275066876,0.746518133463013
0.517796462616122,0.948706203656381,12.6934102734819,0.777350440480629
0.539688010277717,0.984560099101402,12.5278100378231,0.809532620645847
0.562308980949564,1.02239506655755,12.3646110519618,0.843144601549717
0.585722354409068,1.06229052141404,12.2037993475937,0.878269388078753
0.609992051110864,1.10433156470342,12.0453628607648,0.914993311221955
0.635183168514726,1.14860918419992,11.8892915707884,0.953406281376179
0.661362216023861,1.19522046893152,11.735577654502,0.993602046644947
0.688597349267331,1.24426883760556,11.5842156573477,1.03567845657305
0.716958604448173,1.2958642813836,11.4352026829208,1.07973773169839
0.746518133463013,1.35012362137199,11.2885386028188,1.1258867392294
0.777350440480629,1.4071707811174,11.1442262888144,1.17423727507314
0.809532620645847,1.46713707431219,11.0022718695957,1.2249063523387
0.843144601549717,1.53016150781492,10.8626850145512,1.27801649632478
0.878269388078753,1.59639109997958,10.7254792473348,1.333696045854
0.914993311221955,1.66598121415319,10.5906722922265,1.39207946065777
0.953406281376179,1.73909590704765,10.4582864566135,1.45330763440405
0.993602046644947,1.81590829150751,10.3283490532494,1.5175282125745
1.03567845657305,1.89660091297987,10.2008928663159,1.58489591428124
1.07973773169839,1.98136613873801,10.0759566657057,1.65557285675437
1.1258867392294,2.07040655860817,9.95358577437857,1.72972888088223
1.17423727507314,2.16393539559536,9.83383269410811,1.80754187577435
1.2249063523387,2.26217692438486,9.71675779543826,1.88919809983254
1.27801649632478,2.36536689520431,9.60243007821478,1.97489249525527
1.333696045854,2.47375295994395,9.49092800960866,2.06482899224649
1.39207946065777,2.58759509677088,9.38234044720007,2.15922079844239
1.45330763440405,2.70716602873592,9.2767676554891,2.25829066819369
1.5175282125745,2.83275163077404,9.1743224244914,2.36227114532427
1.58489591428124,2.96465131861421,9.07513130023376,2.47140477178443
1.65557285675437,3.10317841176099,8.97933593751112,2.58594425329304
1.72972888088223,3.24866046126804,8.88709458607069,2.70615257171505
1.80754187577435,3.40143953133661,8.79858372216826,2.83230303180956
1.88919809983254,3.56187242181279,8.71399983821166,2.96467922819774
1.97489249525527,3.73033081640107,8.63356140394169,3.10357491606979
2.06482899224649,3.90720133880708,8.55751101328221,3.24929376655335
2.15922079844239,4.09288549602921,8.48611773157764,3.40214898470489
2.25829066819369,4.28779948458808,8.4196796583861,3.56246276469558
2.36227114532427,4.49237383154954,8.35852672125742,3.73056555330842
2.47140477178443,4.70705283783602,8.3030237155067,3.90679508773947
2.58594425329304,4.93229378605574,8.2535736055449,4.09149517378043
2.70615257171505,5.16856586932247,8.21062110226814,4.28501416044735
2.83230303180956,5.41634879162321,8.17465652779118,4.48770305863098
2.96467922819774,5.67613098231777,8.14621997931404,4.69991325472187
3.10357491606979,5.94840735969089,8.12590579919864,4.92199376293052
3.24929376655335,6.23367656940083,8.11436735443075,5.15428795243965
3.40214898470489,6.53243761357815,8.11232212308203,5.39712966778286
3.56246276469558,6.84518577521967,8.12055707777132,5.65083867464339
3.73056555330842,7.1724077362251,8.13993434114396,5.9157153501958
3.90679508773947,7.51457576159235,8.1713970910887,6.19203453310283
4.09149517378043,7.87214083402494,8.21597565390243,6.4800384394956
4.28501416044735,8.24552458925811,8.27479372799253,6.77992856491483
4.48770305863098,8.63510986808366,8.34907465932193,7.09185648491509
4.69991325472187,9.04122977305843,8.44014761042983,7.41591347875911
4.92199376293052,9.46415501098769,8.54945350695148,7.75211891409185
5.15428795243965,9.90407936226387,8.67855054896609,8.10040735036691
5.39712966778286,10.3611030582253,8.82911905396054,8.46061434801723
5.65083867464339,10.835213909203,9.00296532124858,8.8324610100503
5.9157153501958,11.3262660129743,9.20202415852259,9.21553733472805
6.19203453310283,11.8339558959452,9.42835963858613,9.60928452398995
6.4800384394956,12.3577959536931,9.68416356640196,10.0129764737967
6.77992856491483,12.897085164263,9.97175105164913,10.4257007705997
7.09185648491509,13.4508770850317,10.2935524911538,10.8463396333902
7.41591347875911,14.0179452653704,10.652101167912,11.2735513595785
7.75211891409185,14.5967463473441,11.0500155830435,11.7057530075009
8.10040735036691,15.185381302454,11.489975554316,12.1411051441525
8.46061434801723,15.7815554735123,11.9746910510167,12.5774996840193
8.8324610100503,16.3825383584394,12.506862701746,13.0125519545684
9.21553733472805,16.9851243886978,13.0891329240708,13.4435982296409
9.60928452398995,17.5855963175615,13.7240267009766,13.867700042328
10.0129764737967,18.179693236026,14.4138811899103,14.2816566021265
10.4257007705997,18.7625856632848,15.1607636204175,14.6820265413194
10.8463396333902,19.3288605819935,15.966377357198,15.0651599864055
11.2735513595785,19.8725197673374,16.8319563987552,15.427241736022
11.7057530075009,20.3869949426804,17.7581497372985,15.7643458144551
12.1411051441525,20.865183684966,18.7448973181522,16.0725010781226
12.5774996840193,21.2995099423889,19.7913008622423,16.3477670351736
13.0125519545684,21.6820127513724,20.895493895874,16.5863180676653
13.4435982296409,22.0044662103721,22.0545165851109,16.7845337326235
13.867700042328,22.2585326891156,23.2642023721754,16.9390918944492
14.2816566021265,22.4359498503303,24.5190845615617,17.0470609782562
14.6820265413194,22.5287499685167,25.8123319418702,17.1059872029869
15.0651599864055,22.5295075438406,27.135722852781,17.1139724698424
15.427241736022,22.4316086979216,28.4796670178058,17.069738855506
15.7643458144551,22.2295323499227,29.833283374537,16.9726760757333
16.0725010781226,21.9191306712274,31.1845398632819,16.8228691430486
16.3477670351736,21.4978935911804,32.5204585161456,16.6211044919511
16.5863180676653,20.9651804650989,33.82738454602,16.3688540639253
16.7845337326235,20.3224014554231,35.0913140286176,16.0682381187875
16.9390918944492,19.5731321709411,36.2982691055169,15.7219687462042
17.0470609782562,18.7231476130257,37.4347049588513,15.3332770825441
17.1059872029869,17.7803658180796,38.4879286100648,14.9058280097419
17.1139724698424,16.7546973107132,39.4465063278965,14.4436265711341
17.069738855506,15.6578030029277,40.3006358698092,13.9509204678723
16.9726760757333,14.5027702734153,41.0424604251296,13.4321028195391
16.8228691430486,13.3037233947527,41.6663046184452,12.8916189327144
16.6211044919511,12.075389728251,42.1688181495036,12.3338801906971
16.3688540639253,10.8326465093329,42.5490193109202,11.7631874338713
16.0682381187875,9.59007416936259,42.8082380273287,11.1836654185892
15.7219687462042,8.36154088394691,42.9499653409315,10.5992091904695
15.3332770825441,7.15983961981847,42.9796226285033,10.013442533534
14.9058280097419,5.99639386771032,42.9042686395211,9.42968809147562
14.4436265711341,4.88104215568198,42.732265296664,8.85094832859796
13.9509204678723,3.82190507198779,42.4729239795944,8.27989619566411
13.4321028195391,2.82533257702456,42.1361528771892,7.71887417265937
12.8916189327144,1.89592439401583,41.7321233057513,7.16990030764643
12.3338801906971,1.03661258901367,41.2709691474605,6.63467985925538
11.7631874338713,0.248793221542589,40.7625292995917,6.11462123142546
11.1836654185892,-0.467506882337426,40.2161387359111,5.61085500904963
10.5992091904695,-1.11344181436481,39.6404698706323,5.12425504339302
10.013442533534,-1.69114900793074,39.0434226458644,4.65546069321719
9.42968809147562,-2.20355277018197,38.4320592907458,4.2048994766773
8.85094832859796,-2.6541771520426,37.8125780475262,3.77280955024255
8.27989619566411,-3.04697402891221,37.190319266831,3.35926154139043
7.71887417265937,-3.38617023220751,36.5697970179165,2.96417940668192
7.16990030764643,-3.67613572555128,35.9547496192427,2.58736007528129
6.63467985925538,-3.92127332897641,35.3482030587615,2.22849172579998
6.11462123142546,-4.12592928242763,34.7525421066992,1.88717060334447
5.61085500904963,-4.29432322013557,34.1695847997653,1.56291635422802
5.12425504339302,-4.43049556951871,33.6006568890332,1.25518589160923
4.65546069321719,-4.53827014019941,33.0466636951031,0.963385828304163
4.2048994766773,-4.62122960269764,32.5081575408332,0.68688354545264
3.77280955024255,-4.68270160855991,31.9853996181571,0.425016974171048
3.35926154139043,-4.7257534778178,31.4784156052738,0.177103179336983
2.96417940668192,-4.75319358268028,30.9870448239104,-0.0575541597203838
2.58736007528129,-4.76757780707257,30.510982992313,-0.279658283588172
2.22849172579998,-4.77121970696175,30.0498188548154,-0.489913801942765
1.88717060334447,-4.76620322326756,29.6030651036376,-0.689021976934533
1.56291635422802,-4.75439702594952,29.1701841177199,-0.877676748948367
1.25518589160923,-4.73746975998152,28.7506090711623,-1.05656143271005
0.963385828304163,-4.71690562076838,28.3437609615171,-1.22634600048346
0.68688354545264,-4.69401983598129,27.9490621090785,-1.38768489528665
0.425016974171048,-4.6699737402145,27.5659466366086,-1.54121530313199
0.177103179336983,-4.64578922903257,27.1938684019588,-1.68755582937399
-0.0575541597203838,-4.62236243899006,26.8323068082182,-1.82730553326248
-0.279658283588172,-4.60047657622564,26.4807708668591,-1.96104326573173
-0.489913801942765,-4.58081384957212,26.1388018465236,-2.08932727137636
-0.689021976934533,-4.5639664921863,25.8059747882798,-2.21269502124877
-0.877676748948367,-4.5504468895218,25.4818991344079,-2.33166323682824
-1.05656143271005,-4.54069684116911,25.166218672669,-2.44672807589316
-1.22634600048346,-4.53509599749653,24.8586109722942,-2.558365453593
-1.38768489528665,-4.53396951752225,24.5587864485744,-2.66703147660515
-1.54121530313199,-4.53759499528379,24.2664871774647,-2.77316296566323
-1.68755582937399,-4.54620871169259,23.9814855515886,-2.87717804766301
-1.82730553326248,-4.56001125536204,23.7035828522943,-2.97947680038049
-1.96104326573173,-4.57917256464889,23.4326077999778,-3.08044193428588
-2.08932727137636,-4.60383643856541,23.1684151264844,-3.18043949743258
-2.21269502124877,-4.63412455612449,22.9108842036042,-3.27981959135034
-2.33166323682824,-4.6701400455217,22.6599177556267,-3.3789170863735
-2.44672807589316,-4.71197064154457,22.4154406730558,-3.47805232616845
-2.558365453593,-4.75969146394051,22.1773989398123,-3.57753181245427
-2.66703147660515,-4.81336744581341,21.945758680874,-3.677648861519
-2.77316296566323,-4.87305544080818,21.7205053349148,-3.77868422479766
-2.87717804766301,-4.9388060332525,21.5016429524599,-3.88090666632862
-2.97947680038049,-5.010665073076,21.2891936178118,-3.98457349035004
-3.08044193428588,-5.08867495453436,21.0831969915107,-4.0899310126428
-3.18043949743258,-5.1728756552631,20.8837099687956,-4.19721496948743
-3.27981959135034,-5.26330554968972,20.6908064483296,-4.30665085828366
-3.3789170863735,-5.36000200939268,20.5045772049239,-4.41845420399415
-3.47805232616845,-5.46300180023573,20.3251298593419,-4.5328307456293
-3.57753181245427,-5.57234128432945,20.152588937682,-4.64997653698555
-3.677648861519,-5.68805643297951,19.9870960124494,-4.77007795571868
-3.77868422479766,-5.81018265500425,19.8288099169836,-4.89331161460805
-3.88090666632862,-5.93875444311811,19.6779070244077,-5.0198441699393
-3.98457349035004,-6.07380483948367,19.5345815816965,-5.14983202071029
-4.0899310126428,-6.21536472003215,19.3990460887661,-5.2834208926566
-4.19721496948743,-6.36346189575631,19.2715317116567,-5.42074530100903
-4.30665085828366,-6.51812002789293,19.1522887178703,-5.5619278856445
-4.41845420399415,-6.67935735275215,19.0415869207224,-5.70707861150884
-4.5328307456293,-6.84718521093011,18.9397161181362,-5.85629383311396
-4.64997653698555,-7.02160637476074,18.8469865096325,-6.00965522058787
-4.77007795571868,-7.20261316798435,18.7637290733282,-6.16722853351244
-4.89331161460805,-7.39018536988855,18.6902958828914,-6.32906224050414
-5.0198441699393,-7.58428789676052,18.6270603410248,-6.4951859919909
-5.14983202071029,-7.78486825526581,18.5744173041601,-6.66560895441848
-5.2834208926566,-7.99185376063015,18.5327830698614,-6.84031796914673
-5.42074530100903,-8.20514851400003,18.5025951945651,-7.01927556838308
-5.5619278856445,-8.42463013613009,18.4843121054351,-7.20241789310039
-5.70707861150884,-8.65014626501526,18.4784124706677,-7.38965242392545
-5.85629383311396,-8.88151080833159,18.4853942798359,-7.58085562643573
-6.00965522058787,-9.11849996996607,18.5057735913052,-7.77587053983052
-6.16722853351244,-9.36084804167754,18.5400828861172,-7.97450421684423
-6.32906224050414,-9.6082430116598,18.5888689893896,-8.1765251998936
-6.4951859919909,-9.8603220013846,18.6526904949827,-8.38166098374968
-6.66560895441848,-10.1166665602775,18.7321146241075,-8.58959547565434
-6.84031796914673,-10.3767978457099,18.827713434703,-8.79996662776373
-7.01927556838308,-10.6401718199291,18.9400593971072,-9.01236419038273
-7.20241789310039,-10.9061744720535,19.0697201957087,-9.2263276876543
-7.38965242392545,-11.1741171192437,19.2172526423107,-9.44134471987899
-7.58085562643573,-11.4432320207736,19.3831958675888,-9.65684965826176
-7.77587053983052,-11.7126683044295,19.5680634899035,-9.87222280972053
-7.97450421684423,-11.9814883661437,19.772334780131,-10.0867901653767
-8.1765251998936,-12.2486649746708,19.9964450581491,-10.2998238245345
-8.38166098374968,-12.5130791844424,20.2407748527641,-10.5105431997457
-8.58959547565434,-12.7735192590246,20.5056382502443,-10.7181170945309
-8.79996662776373,-13.0286808522694,20.791270382806,-10.9216667455293
-9.01236419038273,-13.2771686700149,21.0978139345132,-11.1202699105242
-9.2263276876543,-13.5174997856978,21.4253050812847,-11.3129660671199
-9.44134471987899,-13.748108891242,21.7736588979539,-11.4987627667603
-9.65684965826176,-13.967355709063,22.1426544603241,-11.6766431633452
-9.87222280972053,-14.1735347641033,22.5319199188136,-11.8455747052317
-10.0867901653767,-14.3648876785328,22.9409179312581,-12.0045189444263
-10.2998238245345,-14.5396181332275,23.3689318118707,-12.1524423780788
-10.5105431997457,-14.6959096096241,23.8150528372389,-12.2883281961897
-10.7181170945309,-14.8319458844604,24.2781692261921,-12.4111887672589
-10.9216667455293,-14.9459342214154,24.7569573087333,-12.5200786523672
-11.1202699105242,-15.0361310779223,25.2498754461293,-12.614107899814
-11.3129660671199,-15.1008700370506,25.7551612604721,-12.6924553393811
-11.4987627667603,-15.1385915515986,26.2708327144684,-12.7543815689133
-11.6766431633452,-15.1478739594308,26.7946935375853,-12.7992413129816
-11.8455747052317,-15.1274651023263,27.3243434200418,-12.8264948246681
-12.0045189444263,-15.0763137621471,27.8571932901468,-12.8357180126876
-12.1524423780788,-14.9936000259716,28.3904858532764,-12.8266109947054
-12.2883281961897,-14.8787636145108,28.9213214045583,-12.7990048146352
-12.4111887672589,-14.7315291641101,29.4466887367036,-12.75286610918
-12.5200786523672,-14.5519274492855,29.9635007566023,-12.6882995619339
-12.614107899814,-14.3403115771009,30.4686342083221,-12.6055480485313
-12.6924553393811,-14.0973672790351,30.9589726876835,-12.5049904524433
-12.7543815689133,-13.8241165730053,31.4314519339411,-12.3871371976359
-12.7992413129816,-13.5219142630846,31.8831062301369,-12.2526236058956
-12.8264948246681,-13.1924369813721,32.3111146044731,-12.1022012734683
-12.8357180126876,-12.8376647437733,32.7128454676606,-11.9367276973591
-12.8266109947054,-12.4598552850211,33.0858983018652,-11.7571544221957
-12.7990048146352,-12.0615117262114,33.4281410846605,-11.5645140445012
-12.75286610918,-11.6453443989716,33.7377422567214,-11.3599063966996
-12.6882995619339,-11.214227879964,34.0131962352237,-11.1444842407513
-12.6055480485313,-10.7711545154688,34.2533416926347,-10.9194388288564
-12.5049904524433,-10.319185853222,34.4573721107617,-10.6859856334768
-12.3871371976359,-9.8614034204141,34.6248384355439,-10.4453505266403
-12.2526236058956,-9.4008603051495,34.7556439480584,-10.198756674277
-12.1022012734683,-8.94053499210286,34.8500317581757,-9.94741235317711
-11.9367276973591,-8.48328866021906,34.9085655952226,-9.69249985361981
-11.7571544221957,-8.03182700366602,34.9321047881796,-9.43516558930884
-11.5645140445012,-7.58866746942321,34.921774505107,-9.1765114990861
-11.3599063966996,-7.15611246023473,34.8789323957289,-8.91758777750615
-11.1444842407513,-6.73622882702112,34.8051328447958,-8.65938693421587
-10.9194388288564,-6.33083376138609,34.7020900524315,-8.40283915277351
-10.6859856334768,-5.9414869131097,34.5716410378571,-8.14880889248675
-10.4453505266403,-5.56948837040515,34.4157095872915,-7.89809265538112
-10.198756674277,-5.21588199449735,34.236272034462,-7.65141782450336
-9.94741235317711,-4.8814634621714,34.0353255770735,-7.40944246898534
-9.69249985361981,-4.56679229273874,33.8148596636031,-7.17275600499511
-9.43516558930884,-4.27220709391249,33.5768308221909,-6.94188059919448
-9.1765114990861,-3.99784326431107,33.3231411414776,-6.71727320218311
-8.91758777750615,-3.74365241069993,33.0556204619284,-6.49932810346398
-8.65938693421587,-3.50942279625148,32.7760122067855,-6.28837990643997
-8.40283915277351,-3.29480020303681,32.4859626834974,-6.08470682865339
-8.14880889248675,-3.09930867333922,32.1870136052195,-5.88853423338848
-7.89809265538112,-2.92237068217956,31.8805975243062,-5.70003832235756
-7.65141782450336,-2.76332638206875,31.5680358340263,-5.51934991311769
-7.40944246898534,-2.62145164595549,31.2505389781562,-5.34655825708637
-7.17275600499511,-2.49597471268292,30.9292085071784,-5.18171482182919
-6.94188059919448,-2.38609130960921,30.6050406312116,-5.02483701389125
-6.71727320218311,-2.29097818891562,30.2789309410082,-4.87591179318753
-6.49932810346398,-2.20980506688809,29.9516799974801,-4.73489917070007
-6.28837990643997,-2.14174499789856,29.6239995250263,-4.60173554885108
-6.08470682865339,-2.08598324252613,29.2965189771399,-4.47633688853649
-5.88853423338848,-2.04172470892181,28.9697922678194,-4.35860169242133
-5.70003832235756,-2.00820008377201,28.6443045138887,-4.24841382548946
-5.51934991311769,-1.98467075726699,28.3204786431635,-4.14564512013942
-5.34655825708637,-1.97043267340168,27.9986818027132,-4.05015779452989
-5.18171482182919,-1.96481920024051,27.6792314399092,-3.96180669048517
-5.02483701389125,-1.96720315842654,27.3624010350529,-3.88044132037635
-4.87591179318753,-1.97699811163954,27.048425430938,-3.8059077341843
-4.73489917070007,-1.99365902823701,26.7375057748604,-3.73805021465963
-4.60173554885108,-2.016682401561,26.4298140335619,-3.67671280536789
-4.47633688853649,-2.04560592728479,26.1254970839912,-3.62174068429008
-4.35860169242133,-2.08000782014699,25.8246804227184,-3.57298138925671
-4.24841382548946,-2.11950582302156,25.5274715053268,-3.53028590462257
-4.14564512013942,-2.16375599541054,25.233962707782,-3.49350961867273
-4.05015779452989,-2.21245132377352,24.9442339736419,-3.46251316169757
-3.96180669048517,-2.26532019776234,24.6583551636527,-3.43716313091483
-3.88044132037635,-2.3221248007988,24.3763881275165,-3.41733271390726
-3.8059077341843,-2.38265944811927,24.0983885315678,-3.40290221818214
-3.73805021465963,-2.44674889777115,23.824407472689,-3.39375951411555
-3.67671280536789,-2.51424666261069,23.5544928999069,-3.38980039890127
-3.62174068429008,-2.58503333889315,23.28869087139,-3.39092888885736
-3.57298138925671,-2.65901496890384,23.0270466682107,-3.39705744587891
-3.53028590462257,-2.73612144958163,22.769605786356,-3.40810714336311
-3.49350961867273,-2.81630499658613,22.5164148260931,-3.42400777818627
-3.46251316169757,-2.89953866803578,22.2675222976082,-3.44469793279038
-3.43716313091483,-2.98581495534091,22.0229793574277,-3.4701249914385
-3.41733271390726,-3.0751444405392,21.7828404908623,-3.50024511484083
-3.40290221818214,-3.16755452107103,21.5471641530257,-3.53502317585242
-3.39375951411555,-3.26308820153047,21.316013379734,-3.57443265662366
-3.38980039890127,-3.36180294993095,21.0894563784645,-3.618455511413
-3.39092888885736,-3.46376961510317,20.8675671080665,-3.66708199530053
-3.39705744587891,-3.56907139984765,20.6504258560394,-3.72031046153121
-3.40810714336311,-3.67780288656284,20.4381198192697,-3.7781471248899
-3.42400777818627,-3.79006910730948,20.2307436950011,-3.8406057891051
-3.44469793279038,-3.9059846521107,20.0284002873002,-3.90770753944691
-3.4701249914385,-4.02567280802473,19.8312011337156,-3.97948040293165
-3.50024511484083,-4.14926472142787,19.6392671552612,-4.05595896663561
-3.53502317585242,-4.27689857335977,19.452729334295,-4.13718395054067
-3.57443265662366,-4.40871876166821,19.2717294219431,-4.22320173836388
-3.618455511413,-4.54487507727356,19.0964206779498,-4.31406386186626
-3.66708199530053,-4.68552186345963,18.926968645527,-4.40982642009557
-3.72031046153121,-4.83081714899515,18.7635519590734,-4.5105494435186
-3.7781471248899,-4.9809217422085,18.6063631875019,-4.61629620232966
-3.8406057891051,-5.13599827831942,18.4556097101425,-4.7271324085675
-3.90770753944691,-5.29621019516058,18.3115146304694,-4.8431253849565
-3.97948040293165,-5.4617206319228,18.1743177162405,-4.96434309143365
-4.05595896663561,-5.632691240962,18.0442763646262,-5.09085310003655
-4.13718395054067,-5.8092808867384,17.9216665938023,-5.22272143273589
-4.22320173836388,-5.99164420758872,17.8067840536022,-5.36001128662232
-4.31406386186626,-6.17993006306155,17.6999450299924,-5.50278165844315
-4.40982642009557,-6.37427979230252,17.6014874624872,-5.65108577585686
-4.5105494435186,-6.57482529514583,17.5117719454928,-5.80496946450428
-4.61629620232966,-6.78168696659495,17.4311826784578,-5.96446926389584
-4.7271324085675,-6.99497129318757,17.3601284105771,-6.12961045799096
-4.8431253849565,-7.21476839597314,17.2990432686863,-6.30040489320551
-4.96434309143365,-7.44114908399562,17.2483875293987,-6.47684860118842
-5.09085310003655,-7.67416188561353,17.2086482522146,-6.65891929293308
-5.22272143273589,-7.9138295396812,17.1803397445167,-6.84657359713362
-5.36001128662232,-8.160145376159,17.1640038680834,-7.03974414413459
-5.50278165844315,-8.41306924366768,17.1602100508229,-7.23833649024997
-5.65108577585686,-8.6725231280259,17.1695550596939,-7.44222580778138
-5.80496946450428,-8.93838651162733,17.1926623977077,-7.65125345350774
-5.96446926389584,-9.21049119856756,17.2301812710055,-7.86522342025528
-6.12961045799096,-9.48861603043742,17.2827851354222,-8.08389861699706
-6.30040489320551,-9.77248108713133,17.3511696006392,-8.30699711454078
-6.47684860118842,-10.0617416605491,17.4360497434445,-8.53418840119122
-6.65891929293308,-10.3559820223354,17.5381567038593,-8.76508959402709
-6.84657359713362,-10.6547088312976,17.6582333534104,-8.99926181432215
-7.03974414413459,-10.9573445268383,17.7970291447737,-9.23620675839138
-7.23833649024997,-11.2632206502938,17.9552939030299,-9.47536351862448
-7.44222580778138,-11.5715711361357,18.1337703828508,-9.71610582025356
-7.65125345350774,-11.8815258980586,18.3331857409053,-9.95773978432328
-7.86522342025528,-12.192104764745,18.5542416580903,-10.1995023429386
-8.08389861699706,-12.5022119092893,18.7976029190878,-10.4405604424111
-8.30699711454078,-12.8106311208174,19.0638847574742,-10.6800111996669
-8.53418840119122,-13.1160221320985,19.3536386589404,-10.9168831568451
-8.76508959402709,-13.4169182398716,19.6673365060287,-11.1501387848279
-8.99926181432215,-13.7117255828485,20.0053535963291,-11.3786783771152
-9.23620675839138,-13.9987244474547,20.367950177727,-11.6013454581343
-9.47536351862448,-14.2760729297924,20.7552517645782,-11.8169338082395
-9.71610582025356,-14.5418132740926,21.1672286865325,-12.0241961746586
-9.95773978432328,-14.7938813428289,21.6036749659568,-12.2218546963974
-10.1995023429386,-15.0301195177806,22.064187013401,-12.4086130228798
-10.4405604424111,-15.2482933400412,22.5481426251267,-12.5831700478545
-10.6800111996669,-15.4461121167293,23.0546809255412,-12.7442351170946
-10.9168831568451,-15.6212536671372,23.5826839050422,-12.890544501619
-11.1501387848279,-15.7713932503202,24.1307603343041,-13.0208788599294
-11.3786783771152,-15.8942365726624,24.697232898747,-13.1340813476233
-11.6013454581343,-15.9875566021892,25.2801294353114,-13.2290759742163
-11.8169338082395,-16.0492337387985,25.8771791605442,-13.3048857592208
-12.0241961746586,-16.0772986762576,26.4858147519186,-13.3606502007603
-12.2218546963974,-16.0699770770018,27.1031810651132,-13.3956415644307
-12.4086130228798,-16.0257349728404,27.7261511412696,-13.4092794901958
-12.5831700478545,-15.9433236034453,28.3513499711933,-13.4011434488182
-12.7442351170946,-15.821822241412,28.975186241479,-13.3709826348538
-12.890544501619,-15.6606774359812,29.5938919964109,-13.3187229459847
-13.0208788599294,-15.4597370537864,30.2035698168968,-13.2444707819097
-13.1340813476233,-15.2192775186484,30.8002467608366,-13.1485135150876
-13.2290759742163,-14.9400227624324,31.3799339472174,-13.0313165788914
-13.3048857592208,-14.6231535994852,31.9386903225504,-12.8935172498546
-13.3606502007603,-14.270306528302,32.4726888214522,-12.7359153055953
-13.3956415644307,-13.8835613303423,32.978282939085,-12.5594608295892
-13.4092794901958,-13.4654172803027,33.4520715229806,-12.3652395620437
-13.4011434488182,-13.0187582725874,33.8909595665331,-12.1544562008783
-13.3709826348538,-12.5468076420818,34.2922128802274,-11.9284161817733
-13.3187229459847,-12.0530738958483,34.6535047094405,-11.6885064204219
-13.2444707819097,-11.5412890725456,34.9729526105199,-11.436175546324
-13.1485135150876,-11.0153417486197,35.2491443395334,-11.1729141384436
-13.0313165788914,-10.4792068540455,35.4811520098205,-10.9002353901108
-12.8935172498546,-9.93687476499094,35.668534205225,-10.619656654743
-12.7359153055953,-9.3922819469234,35.8113263065514,-10.3326821919752
-12.5594608295892,-8.84924534653738,35.9100197803552,-10.0407873930751
-12.3652395620437,-8.31140256935049,35.9655315813946,-9.74540471368343
-12.1544562008783,-7.78215934826533,35.9791651841004,-9.44791143334517
-11.9284161817733,-7.26464563611793,35.9525650423785,-9.1496193126979
-11.6885064204219,-6.76168102732877,35.8876663375895,-8.85176616912058
-11.436175546324,-6.27574988853937,35.7866420073215,-8.55550932509206
-11.1729141384436,-5.80898614772378,35.6518489078345,-8.2619208437842
-10.9002353901108,-5.36316726310941,35.485774817859,-7.97198443542931
-10.619656654743,-4.93971667062486,35.290987838727,-7.68659389181979
-10.3326821919752,-4.53971371694724,35.0700893772369,-7.40655288928269
-10.0407873930751,-4.16390993773292,34.8256716814188,-7.13257599211142
-9.74540471368343,-3.81275046772626,34.5602806070238,-6.86529068517806
-9.44791143334517,-3.48639935125059,34.2763839589106,-6.60524026787898
-9.1496193126979,-3.1847675485463,33.9763455385978,-6.35288744887466
-8.85176616912058,-2.90754252592127,33.6624048095101,-6.10861848919444
-8.55550932509206,-2.65421843768053,33.3366618950277,-5.87274775538257
-8.2619208437842,-2.42412605075138,33.0010674937426,-5.64552256159219
-7.97198443542931,-2.21646170495713,32.6574172066328,-5.42712818911609
-7.68659389181979,-2.03031474954847,32.3073497103988,-5.21769298090888
-7.40655288928269,-1.86469305055517,31.9523481870009,-5.01729343650803
-7.13257599211142,-1.71854628695809,31.5937444249063,-4.8259592392818
-6.86529068517806,-1.59078686972028,31.232725031233,-4.64367815364703
-6.60524026787898,-1.4803084206304,30.8703392371142,-4.47040075403983
-6.35288744887466,-1.38600182512021,30.5075078303254,-4.30604495020621
-6.10861848919444,-1.30676893281968,30.1450328022117,-4.15050027782593
-5.87274775538257,-1.24153403592368,29.7836073609514,-4.00363194053891
-5.64552256159219,-1.18925328815599,29.423826027405,-3.86528459114693
-5.42712818911609,-1.14892223741779,29.0661945805996,-3.73528585040243
-5.21769298090888,-1.11958165832899,28.7111396559733,-3.6134495566597
-5.01729343650803,-1.10032188876496,28.3590178752524,-3.49957875215296
-4.8259592392818,-1.09028585457341,28.0101244117984,-3.39346841193165
-4.64367815364703,-1.08867096294636,27.6647009221821,-3.29490792387057
-4.47040075403983,-1.09473003678674,27.3229428222003,-3.20368333011816
-4.30604495020621,-1.1077714429715,26.9850058956738,-3.11957934173059
-4.15050027782593,-1.12715855736054,26.6510122363863,-3.04238113918023
-4.00363194053891,-1.15230869531851,26.3210555518085,-2.97187597201348
-3.86528459114693,-1.18269161804819,25.9952058642745,-2.90785457122202
-3.73528585040243,-1.21782771069576,25.6735136488317,-2.85011238794328
-3.6134495566597,-1.25728591911246,25.3560134467207,-2.7984506719612
-3.49957875215296,-1.30068151671264,25.0427270042732,-2.75267740317814
-3.39346841193165,-1.34767376233583,24.7336659836252,-2.7126080888093
-3.29490792387057,-1.39796350023154,24.428834291009,-2.67806643853529
-3.20368333011816,-1.45129074442536,24.1282300668181,-2.64888492926663
-3.11957934173059,-1.50743228193681,23.8318473792964,-2.62490527054226
-3.04238113918023,-1.56619932254297,23.5396776608884,-2.60597878090714
-2.97187597201348,-1.62743521692676,23.2517109232255,-2.591966684996
-2.90785457122202,-1.69101326002764,22.9679367835498,-2.58274034024432
-2.85011238794328,-1.75683459213289,22.6883453322139,-2.57818140154135
-2.7984506719612,-1.82482620662381,22.4129278678263,-2.57818193138948
-2.75267740317814,-1.89493907024352,22.1416775236851,-2.5826444625519
-2.7126080888093,-1.96714635920198,21.8745898064195,-2.59148201943906
-2.67806643853529,-2.04144181231624,21.6116630652399,-2.60461810386076
-2.64888492926663,-2.11783820063207,21.3528989079176,-2.6219866501361
-2.62490527054226,-2.19636591153566,21.098302577562,-2.64353195396165
-2.60597878090714,-2.27707164419204,20.8478833024445,-2.66920857883747
-2.591966684996,-2.36001721218957,20.6016546295026,-2.69898124327498
-2.58274034024432,-2.44527844852966,20.3596347507761,-2.73282469145111
-2.57818140154135,-2.53294420733297,20.1218468308717,-2.77072354988869
-2.57818193138948,-2.62311545644064,19.8883193424275,-2.81267217136195
-2.5826444625519,-2.71590445437131,19.65908641577,-2.85867446652774
-2.59148201943906,-2.81143400489028,19.4341882082177,-2.90874372465761
-2.60461810386076,-2.90983678215918,19.2136712978794,-2.96290242302161
-2.6219866501361,-3.01125471917923,18.9975891063255,-3.02118202589308
-2.64353195396165,-3.11583845199617,18.7860023541163,-3.08362277153011
-2.66920857883747,-3.22374681190932,18.5789795528751,-3.15027344268822
-2.69898124327498,-3.33514635767602,18.3765975373747,-3.22119112090286
-2.73282469145111,-3.45021093943154,18.1789420409518,-3.29644092622636
-2.77072354988869,-3.5691212857495,17.9861083168062,-3.37609573211769
-2.81267217136195,-3.69206460446949,17.7982018091244,-3.46023585116039
-2.85867446652774,-3.81923418944172,17.61533887569,-3.54894869591403
-2.90874372465761,-3.9508290222951,17.4376475652185,-3.64232840630836
-2.96290242302161,-4.08705335862918,17.2652684532936,-3.74047541478096
-3.02118202589308,-4.22811628763545,17.0983555370495,-3.84349600855206
-3.08362277153011,-4.37423125321767,16.9370771914456,-3.95150176486953
-3.15027344268822,-4.52561553004814,16.7816171863799,-4.06460901417926
-3.22119112090286,-4.68248963062256,16.6321757773786,-4.18293812383922
-3.29644092622636,-4.84507663190459,16.488970856038,-4.30661280825462
-3.37609573211769,-5.01360142285342,16.3522391568919,-4.43575923282424
-3.46023585116039,-5.18828982267722,16.222237558331,-4.57050512287153
-3.54894869591403,-5.36936758118847,16.0992444163907,-4.71097863749886
-3.64232840630836,-5.55705924549007,15.9835609700029,-4.85730722036765
-3.74047541478096,-5.75158681236884,15.8755128283517,-5.00961620317383
-3.84349600855206,-5.95316825940828,15.7754514521517,-5.16802730766059
-3.95150176486953,-6.16201578912452,15.6837557461611,-5.3326569466809
-4.06460901417926,-6.3783338771544,15.6008336202748,-5.50361429628507
-4.18293812383922,-6.60231704276831,15.5271236149321,-5.68099920998513
-4.30661280825462,-6.83414730080473,15.4630964872824,-5.86489983599819
-4.43575923282424,-7.07399130335563,15.4092568132595,-6.05539000905739
-4.57050512287153,-7.32199713515086,15.3661444852711,-6.25252639443712
-4.71097863749886,-7.57829063039904,15.3343361955362,-6.45634530019355
-4.85730722036765,-7.84297142837431,15.3144467148017,-6.66685922139128
-5.00961620317383,-8.11610832766476,15.3071300728821,-6.88405308976663
-5.16802730766059,-8.39773440575637,15.3130804630057,-7.1078801860604
-5.3326569466809,-8.68784140569021,15.3330328671573,-7.33825774788074
-5.50361429628507,-8.98637366360124,15.3677633218151,-7.57506228987017
-5.68099920998513,-9.29322151445894,15.4180887195155,-7.81812464481277
-5.86489983599819,-9.6082139536798,15.4848660406793,-8.06722471543569
-6.05539000905739,-9.93111085550594,15.5689909462044,-8.32208604040114
-6.25252639443712,-10.2615945770827,15.6713955675296,-8.58237020763618
-6.45634530019355,-10.5992609056541,15.7930453299844,-8.84767117513923
-6.66685922139128,-10.9436096000357,15.9349347385147,-9.1175095793833
-6.88405308976663,-11.2940344637218,16.0980819073844,-9.39132720887262
-7.1078801860604,-11.6498130078652,16.2835216289322,-9.66848173628758
-7.33825774788074,-12.0100959319657,16.4922968559941,-9.94824184963194
-7.57506228987017,-12.3738965737052,16.7254484216797,-10.229783021796
-7.81812464481277,-12.7400805183629,16.9840027815157,-10.5121840995206
-8.06722471543569,-13.1073555972766,17.2689575261297,-10.7944249586182
-8.32208604040114,-13.4742627051875,17.5812647024164,-11.0753854543494
-8.58237020763618,-13.8391677484978,17.9218117081873,-11.3538459456929
-8.84767117513923,-14.2002551675835,18.2913996349535,-11.6284896527297
-9.1175095793833,-14.5555235641783,18.6907190286279,-11.8979071040515
-9.39132720887262,-14.9027839770459,19.1203234221474,-12.1606029123855
-9.66848173628758,-15.2396614581233,19.5806004109568,-12.4150050820368
-9.94824184963194,-15.5636005832976,20.071740661503,-12.6594770008804
-10.229783021796,-15.8718755157883,20.5937054954352,-12.8923322012728
-10.5121840995206,-16.161605375944,21.1461933508225,-13.1118518894282
-10.7944249586182,-16.4297754909012,21.7286060276928,-13.3163051420853
-11.0753854543494,-16.6732650889629,22.3400155677995,-13.5039715531483
-11.3538459456929,-16.8888818350953,22.9791329646869,-13.673166002676
-11.6284896527297,-17.0734034578286,23.6442799682572,-13.8222650662033
-11.8979071040515,-17.223626466375,24.3333654404703,-13.9497344832096
-12.1606029123855,-17.3364216610076,25.0438678347326,-14.054156992236
-12.4150050820368,-17.4087957940664,25.7728254272585,-14.1342597534402
-12.6594770008804,-17.4379583489434,26.5168359111494,-14.1889405079609
-12.8923322012728,-17.4213919871842,27.2720668530988,-14.217291595961
-13.1118518894282,-17.3569247959304,28.0342782958491,-14.218621007978
-13.3163051420853,-17.2428020776267,28.7988584583577,-14.1924696831961
-13.5039715531483,-17.0777550592702,29.5608730337761,-14.1386243605994
-13.673166002676,-16.8610636928799,30.3151280612357,-14.0571254792151
-13.8222650662033,-16.5926105433974,31.0562456283476,-13.9482697633552
-13.9497344832096,-16.2729228582876,31.7787510124434,-13.8126073547007
-14.054156992236,-15.9032001280454,32.4771691572721,-13.650933555005
-14.1342597534402,-15.4853248238625,33.1461277155895,-13.4642754530265
-14.1889405079609,-15.0218546321683,33.7804632708821,-13.2538739113406
-14.217291595961,-14.5159953073966,34.3753268764503,-13.0211615300672
-14.218621007978,-13.9715541159503,34.9262849513259,-12.7677373773327
-14.1924696831961,-13.3928747429744,35.4294115244121,-12.4953392962121
-14.1386243605994,-12.7847556968585,35.8813679043219,-12.2058147252221
-14.0571254792151,-12.152354826937,36.2794666506841,-11.9010908654118
-13.9482697633552,-11.5010835951396,36.6217171753925,-11.5831450917016
-13.8126073547007,-10.8364950503334,36.9068513328959,-11.2539763180295
-13.650933555005,-10.1641698858436,37.1343283202512,-10.9155780315199
-13.4642754530265,-9.48960486278377,37.3043191965868,-10.5699134806631
-13.2538739113406,-8.81810774706352,37.4176723765434,-10.2188934817972
-13.0211615300672,-8.15470227809916,37.4758622250976,-9.86435706850285
-12.7677373773327,-7.5040461964355,37.480923667553,-9.50805518403495
-12.4953392962121,-6.87036433982651,37.4353760853684,-9.15163742877
-12.2058147252221,-6.25739818079992,37.3421401298444,-8.7966418095748
-11.9010908654118,-5.66837209658441,37.2044509776519,-8.44448736460714
-11.5831450917016,-5.10597607143714,37.0257714730285,-8.09646945027313
-11.2539763180295,-4.5723636674406,36.8097081350534,-7.75375744713136
-10.9155780315199,-4.06916371345097,36.5599326245439,-7.41739461227894
-10.5699134806631,-3.597503651331,36.2801106034366,-7.08829978800492
-10.2188934817972,-3.15804235564479,35.9738394502184,-6.76727067540495
-9.86435706850285,-2.75101011406528,35.6445955907552,-6.45498839030201
-9.50805518403495,-2.37625351192035,35.2956918274823,-6.15202303316447
-9.15163742877,-2.03328317329924,34.930244469476,-5.85884003052887
-8.7966418095748,-1.72132248041443,34.5511497787772,-5.57580702034845
-8.44448736460714,-1.43935569076658,34.1610689625443,-5.30320108531924
-8.09646945027313,-1.18617420834646,33.7624207281046,-5.04121616473905
-7.75375744713136,-0.960420004512221,33.3573803361833,-4.78997050737548
-7.41739461227894,-0.760625506244981,32.947884046859,-4.54951403250366
-7.08829978800492,-0.585249501743081,32.5356378690743,-4.31983551309194
-6.76727067540495,-0.432708848210151,32.1221295893323,-4.10086950115738
-6.45498839030201,-0.301405937855903,31.7086431477506,-3.89250293531358
-6.15202303316447,-0.189752022466649,31.296274538347,-3.69458138965478
-5.85884003052887,-0.0961866130735895,30.8859485384345,-3.50691493809656
-5.57580702034845,-0.019193225786676,30.4784356787772,-3.32928361284924
-5.30320108531924,0.0426881884222596,30.0743689843674,-3.16144245205653
-5.04121616473905,0.0908517722122187,29.6742601296648,-3.00312613745822
-4.78997050737548,0.1266188857029,29.278514752084,-2.85405322734825
-4.54951403250366,0.151233480019352,28.8874467193882,-2.7139299972539
-4.31983551309194,0.16585937535321,28.5012912558475,-2.58245390386438
-4.10086950115738,0.171579135732891,28.1202168621753,-2.45931668962296
-3.89250293531358,0.169394255482595,27.7443360166902,-2.34420714832017
-3.69458138965478,0.160226402964267,27.3737146832657,-2.2368135725282
-3.50691493809656,0.14491949949751,27.0083806785398,-2.13682590468856
-3.32928361284924,0.124242438599307,26.6483309610968,-2.04393761408649
-3.16144245205653,0.0988922791938491,26.293537924225,-1.95784732014529
-3.00312613745822,0.0694977738157967,25.9439547808594,-1.87826018501999
-2.85405322734825,0.0366231122244892,25.5995201259562,-1.80488909448742
-2.7139299972539,0.000771785071696282,25.2601617675736,-1.7374556474686
-2.58245390386438,-0.0376095118298515,24.9257999110421,-1.6756909726024
-2.45931668962296,-0.0781269962545465,24.5963497773995,-1.61933639055943
-2.34420714832017,-0.120435990853721,24.2717237319154,-1.56814393573402
-2.2368135725282,-0.164237226007336,23.9518329917883,-1.5218767580277
-2.13682590468856,-0.209273283133095,23.6365889759569,-1.48030941329664
-2.04393761408649,-0.255325199694181,23.3259043532444,-1.44322805929116
-1.95784732014529,-0.302209251145565,23.0196938387208,-1.41043057014581
-1.87826018501999,-0.349773917674138,22.7178747823503,-1.38172657770601
-1.80488909448742,-0.397897042897873,22.4203675877848,-1.35693745165535
-1.7374556474686,-0.446483183544978,22.1270959946518,-1.33589622848798
-1.6756909726024,-0.495461151568255,21.8379872523027,-1.3184474974303
-1.61933639055943,-0.54478174218637,21.552972209264,-1.30444725056812
-1.56814393573402,-0.594415646591136,21.2719853384621,-1.29376270419959
-1.5218767580277,-0.644351539036861,20.9949647153154,-1.28627209841336
-1.48030941329664,-0.694594334232672,20.7218519625984,-1.28186448015033
-1.44322805929116,-0.745163606619173,20.4525921737773,-1.28043947468199
-1.41043057014581,-0.796092161615085,20.1871338241704,-1.28190705006504
-1.38172657770601,-0.8474247527122,19.9254286775742,-1.28618727841809
-1.35693745165535,-0.899216935278722,19.667431694516,-1.29321009751832
-1.33589622848798,-0.951534048384318,19.413100946991,-1.30291507571875
-1.3184474974303,-1.00445031616998,19.162397543471,-1.31525118280169
-1.30444725056812,-1.05804806163856,18.9152855672433,-1.33017656900023
-1.29376270419959,-1.11241702478868,18.6717320304022,-1.34765835411302
-1.28627209841336,-1.16765377746648,18.4317068453178,-1.36767242830085
-1.28186448015033,-1.2238612279145,18.1951828150057,-1.3902032658901
-1.28043947468199,-1.2811482083126,17.9621356435501,-1.41524375326102
-1.28190705006504,-1.33962913884435,17.7325439675304,-1.44279503163321
-1.28618727841809,-1.39942376229265,17.5063894092881,-1.47286635537409
-1.29321009751832,-1.46065694341343,17.2836566528174,-1.50547496622177
-1.30291507571875,-1.52345852771163,17.0643335430587,-1.54064598361871
-1.31525118280169,-1.58796325455618,16.8484112094203,-1.578412311031
-1.33017656900023,-1.65431071985215,16.6358842144497,-1.61881455855351
-1.34765835411302,-1.72264538377659,16.4267507286873,-1.66190098176989
-1.36767242830085,-1.79311661934205,16.2210127328834,-1.70772743503947
-1.3902032658901,-1.86587879775692,16.018676248925,-1.75635733915509
-1.41524375326102,-1.94109140672388,15.8197516010302,-1.80786166381722
-1.44279503163321,-2.01891919801439,15.6242537089954,-1.86231892244806
-1.47286635537409,-2.09953236071896,15.4322024154522,-1.9198151772913
-1.50547496622177,-2.18310671665872,15.2436228493623,-1.98044405712352
-1.54064598361871,-2.26982393446389,15.0585458281887,-2.04430678131114
-1.578412311031,-2.35987175917316,14.8770083017642,-2.11151218823949
-1.61881455855351,-2.45344425351555,14.6990538413103,-2.18217677461675
-1.66190098176989,-2.55074204559676,14.5247331754541,-2.25642472891668
-1.70772743503947,-2.65197258162882,14.3541047786558,-2.33438796461981
-1.75635733915509,-2.75735037888541,14.1872355140388,-2.41620615204281
-1.80786166381722,-2.86709727447943,14.0242013400733,-2.50202673849631
-1.86231892244806,-2.9814426604704,13.865088078739,-2.59200495348006
-1.9198151772913,-3.10062370600505,13.709992252063,-2.68630379513254
-1.98044405712352,-3.22488556088019,13.5590219979652,-2.78509399418187
-2.04430678131114,-3.35448152487437,13.4122980697916,-2.88855394471723
-2.11151218823949,-3.48967318204059,13.2699549103063,-2.99686959489718
-2.18217677461675,-3.63073049426956,13.1321418326243,-3.11023428815795
-2.25642472891668,-3.77793183278669,12.9990242979347,-3.22884854760805
-2.33438796461981,-3.93156394582306,12.8707852942587,-3.35291979207389
-2.41620615204281,-4.09192184744847,12.7476268318515,-3.48266196813198
-2.50202673849631,-4.25930860917949,12.6297715644959,-3.61829508452192
-2.59200495348006,-4.43403504030455,12.5174645319985,-3.76004463192943
-2.68630379513254,-4.61641923772053,12.4109750381612,-3.90814087657315
-2.78509399418187,-4.80678598414873,12.3105986672855,-4.06281800173812
-2.88855394471723,-5.00546596790925,12.2166594494172,-4.22431307088098
-2.99686959489718,-5.21279479657354,12.1295121756841,-4.392864789512
-3.11023428815795,-5.42911177748246,12.0495448601749,-4.56871205475175
-3.22884854760805,-5.65475842533114,11.9771813595215,-4.75209223986061
-3.35291979207389,-5.89007666266742,11.9128841396553,-4.94323917712755
-3.48266196813198,-6.13540666194866,11.8571571953603,-5.14238084205122
-3.61829508452192,-6.39108428616521,11.8105491038671,-5.34973666534036
-3.76004463192943,-6.65743807716281,11.7736561990446,-5.56551442953175
-3.90814087657315,-6.93478573180653,11.7471258476319,-5.78990673997816
-4.06281800173812,-7.22342999770985,11.7316598042556,-6.02308701291692
-4.22431307088098,-7.52365390739655,11.7280176098165,-6.26520492569689
-4.392864789512,-7.83571531155276,11.7370199664136,-6.5163812952032
-4.56871205475175,-8.15984062630356,11.7595520385498,-6.77670236313991
-4.75209223986061,-8.49621764422283,11.7965666286208,-7.04621343032989
-4.94323917712755,-8.84498741260338,11.8490870901464,-7.32491183325944
-5.14238084205122,-9.20623509037003,11.9182098802319,-7.61273923160669
-5.34973666534036,-9.57997961981333,12.0051066295469,-7.90957321382382
-5.56551442953175,-9.96616217533459,12.1110255399092,-8.2152182403402
-5.78990673997816,-10.3646333855211,12.2372919229552,-8.52939597128374
-6.02308701291692,-10.7751391966087,12.3853076524239,-8.85173503377935
-6.26520492569689,-11.1973053483347,12.556549263613,-9.18176035989964
-6.5163812952032,-11.6306204750066,12.7525643848485,-9.51888223175409
-6.77670236313991,-12.0744179167183,12.9749661850018,-9.86238523419851
-7.04621343032989,-12.5278562486598,13.2254254278191,-10.2114173750748
-7.32491183325944,-12.9898987466306,13.5056597368142,-10.5649796977141
-7.61273923160669,-13.4592919781413,13.8174196037135,-10.9219167701717
-7.90957321382382,-13.9345438740021,14.1624706697213,-11.2809084778484
-8.2152182403402,-14.413901731276,14.5425717998148,-11.6404636533102
-8.52939597128374,-14.8953307327234,14.9594484982945,-11.9989161096975
-8.85173503377935,-15.3764936814322,15.4147611644433,-12.3544236824635
-9.18176035989964,-15.8547328952769,15.9100678780384,-12.7049709266561
-9.51888223175409,-16.3270552988184,16.4467814092198,-13.0483761000818
-9.86238523419851,-16.7901219788306,17.0261203094707,-13.38230303227
-10.2114173750748,-17.2402436776928,17.6490541426076,-13.7042783948707
-10.5649796977141,-17.6733837111116,18.3162434165996,-14.0117147615493
-10.9219167701717,-18.0851701262895,19.0279746881255,-14.3019396777329
-11.2809084778484,-18.4709187835524,19.7840920098566,-14.572230739305
-11.6404636533102,-18.82566913538,20.583926336542,-14.8198563322794
-11.9989161096975,-19.1442342830488,21.4262249838,-15.0421214680285
-12.3544236824635,-19.4212666083821,22.3090837674847,-15.2364177879867
-12.7049709266561,-19.6513399107162,23.2298849877735,-15.4002763673792
-13.0483761000818,-19.8290482854288,24.1852449460673,-15.5314218388432
-13.38230303227,-19.949121200443,25.170975051107,-15.627825905896
-13.7042783948707,-20.006553227213,26.1820607795785,-15.6877582519908
-14.0117147615493,-19.9967457941022,27.2126627177544,-15.7098327885631
-14.3019396777329,-19.9156570702392,28.2561436366201,-15.6930471622343
-14.572230739305,-19.7599548697268,29.3051249006231,-15.636813740903
-14.8198563322794,-19.5271662340515,30.3515742790544,-15.5409805359899
-15.0421214680285,-19.2158166603475,31.3869260093067,-15.4058409981608
-15.2364177879867,-18.8255511198659,32.4022321879353,-15.2321321236851
-15.4002763673792,-18.3572290570782,33.388342187373,-15.0210208708517
-15.5314218388432,-17.8129860815865,34.3361053215159,-14.7740794588524
-15.627825905896,-17.1962560484815,35.2365893144356,-14.4932506308587
-15.6877582519908,-16.511749164273,36.0813057443577,-14.1808044152583
-15.7098327885631,-15.7653837957382,36.8624324122659,-13.8392882473578
-15.6930471622343,-14.9641726435486,37.5730216211746,-13.4714725218001
-15.636813740903,-14.1160664775999,38.2071840529723,-13.0802937088177
-15.5409805359899,-13.2297616457117,38.7602385368069,-12.6687971092753
-15.4058409981608,-12.3144798991282,39.2288200434673,-12.2400811548521
-15.2321321236851,-11.3797308267473,39.6109406726616,-11.7972449024007
-15.0210208708517,-10.4350683611615,39.9060012113549,-11.3433400595743
-14.7740794588524,-9.48985293343889,40.1147539715676,-10.8813285191197
-14.4932506308587,-8.5530300892423,40.2392205019081,-10.4140460444911
-14.1808044152583,-7.63293495709933,40.2825702904311,-9.94417242514491
-13.8392882473578,-6.73712982492892,40.2489685090901,-9.47420811400446
-13.4714725218001,-5.8722796179939,40.1434020631322,-9.00645712189907
-13.0802937088177,-5.04406745709633,39.971493613522,-8.5430157631189
-12.6687971092753,-4.25715000206195,39.7393129435027,-8.08576669464705
-12.2400811548521,-3.51515012149576,39.453194107661,-7.63637761224383
-11.7972449024007,-2.82068271069165,39.1195654307312,-7.19630392109202
-11.3433400595743,-2.17540827782433,38.7447977719194,-6.76679468992928
-10.8813285191197,-1.58010826690515,38.3350746820646,-6.34890125242906
-10.4140460444911,-1.03477594783699,37.8962863969822,-5.94348778658986
-9.94417242514491,-0.538716939525217,37.4339481011942,-5.55124335653319
-9.47420811400446,-0.0906539990748117,36.9531416001488,-5.17269490256867
-9.00645712189907,0.311168473316382,36.4584785728911,-4.80822075689744
-8.5430157631189,0.668883915364145,35.9540829320433,-4.45806433289905
-8.08576669464705,0.984909845943833,35.4435894070489,-4.12234769642232
-7.63637761224383,1.26186275653634,34.9301553415186,-3.80108479022397
-7.19630392109202,1.50248288146729,34.4164827299268,-3.49419413621372
-6.76679468992928,1.7095691654399,33.9048477185265,-3.20151088704763
-6.34890125242906,1.88592454780637,33.3971351835879,-2.92279813865462
-5.94348778658986,2.03431109526423,32.8948761120644,-2.65775744786165
-5.55124335653319,2.15741420831825,32.3992861529548,-2.40603852774255
-5.17269490256867,2.25781507958005,31.9113038820853,-2.16724811549665
-4.80822075689744,2.33797041052463,31.4316277200699,-1.94095802254835
-4.45806433289905,2.40019838571172,30.960750738433,-1.72671239195649
-4.12234769642232,2.44666993394248,30.4989928363279,-1.52403419612432
-3.80108479022397,2.47940436146856,30.0465299861848,-1.3324310146823
-3.49419413621372,2.50026852422793,29.6034204157661,-1.15140013679032
-3.20151088704763,2.51097879852643,29.1696277251598,-0.980433034263401
-2.92279813865462,2.51310520573198,28.7450410345841,-0.81901925324764
-2.65775744786165,2.50807714020701,28.3294923262244,-0.666649771165889
-2.40603852774255,2.49719023907647,27.9227711902905,-0.522819864121899
-2.16724811549665,2.48161401462804,27.5246372112522,-0.387031532573882
-1.94095802254835,2.46239993996152,27.1348302379926,-0.258795524070148
-1.72671239195649,2.44048974401357,26.7530787852873,-0.137632993192559
-1.52403419612432,2.41672372460516,26.3791068036109,-0.0230768393718755
-1.3324310146823,2.39184893345996,26.012639041147,0.0853272460695199
-1.15140013679032,2.3665271249391,25.6534052050131,0.188019989642319
-0.980433034263401,2.34134239099135,25.3011431096422,0.285427972613252
-0.81901925324764,2.31680842894871,24.9556009806113,0.377963268419094
-0.666649771165889,2.293375409635,24.6165390626669,0.466023255206721
-0.522819864121899,2.27143642537556,24.2837306616893,0.549990580448999
-0.387031532573882,2.25133351438555,23.9569627340593,0.630233259314357
-0.258795524070148,2.23336326409922,23.6360361185369,0.707104884144848
-0.137632993192559,2.21778199859041,23.3207654927429,0.780944933820067
-0.0230768393718755,2.2048105699356,23.010979123094,0.85207916160799
0.0853272460695199,2.19463876591658,22.7065184647667,0.920820055642917
0.188019989642319,2.1874293560171,22.4072376587528,0.987467351479823
0.285427972613252,2.18332179554978,22.113002964247,1.05230859430673
0.377963268419094,2.1824356089654,21.8236921570029,1.11561973656415
0.466023255206721,2.18487347399234,21.5391939181211,1.17766576210307
0.549990580448999,2.19072402759221,21.2594072324842,1.2387013338256
0.630233259314357,2.2000644133132,20.9842408111291,1.29897145524012
0.707104884144848,2.21296259194899,20.7136125492397,1.35871214030192
0.780944933820067,2.22947943089604,20.4474490271547,1.41815108736253
0.85207916160799,2.2496705945306,20.1856850608902,1.47750835416586
0.920820055642917,2.2735882474621,19.9282633051582,1.53699702886422
0.987467351479823,2.30128259165108,19.6751339124332,1.59682389397952
1.05230859430673,2.33280324825839,19.4262542482435,1.65719008100352
1.11561973656415,2.36820049926294,19.1815886640686,1.71829171329091
1.17766576210307,2.40752640356785,18.9411083277337,1.78032053519147
1.2387013338256,2.45083579623584,18.7047911105564,1.84346452561743
1.29897145524012,2.49818718319884,18.4726215311146,1.90790849461745
1.35871214030192,2.5496435416866,18.2445907550458,1.97383466127942
1.41815108736253,2.60527303511658,18.0206966503352,2.04142321171175
1.47750835416586,2.66514964926984,17.8009438975976,2.11085283579429
1.53699702886422,2.72935375790901,17.5853441553768,2.18230124135516
1.59682389397952,2.79797262382032,17.3739162804981,2.25594564435927
1.65719008100352,2.87110084050908,17.1666866038695,2.33196323357396
1.71829171329091,2.94884071892831,16.9636892624473,2.41053160799886
1.78032053519147,3.03130262277749,16.7649665884388,2.49182918511668
1.84346452561743,3.11860525487045,16.5705695570056,2.57603557773183
1.90790849461745,3.21087589640789,16.3805582943314,2.6633319368123
1.97383466127942,3.30825059996668,16.195002648066,2.75390125733725
2.04142321171175,3.41087433598279,16.0139828225354,2.84792864361186
2.11085283579429,3.51890109154529,15.8375900814397,2.94560153000727
2.18230124135516,3.63249391926615,15.6659275210364,3.0471098526261
2.25594564435927,3.75182493287508,15.4991109170666,3.15264616638118
2.33196323357396,3.87707524500718,15.3372696488961,3.26240570137952
2.41053160799886,4.00843484138022,15.1805477045099,3.37658635157029
2.49182918511668,4.14610238419713,15.0291047701013,3.49538858761841
2.57603557773183,4.29028493613719,14.8831174080145,3.61901528480997
2.6633319368123,4.44119759470305,14.7427803267312,3.74767145553188
2.75390125733725,4.59906302496081,14.6083077463938,3.88156387404185
2.84792864361186,4.76411087696511,14.4799348628028,4.02090058330063
2.94560153000727,4.93657707191163,14.35791941288,4.16589026811076
3.0471098526261,5.11670293883836,14.2425433432792,4.31674147733287
3.15264616638118,5.30473418180245,14.1341145826336,4.47366167732622
3.26240570137952,5.50091965442286,14.03296891736,4.63685611555012
3.37658635157029,5.70550991612097,13.9394719688167,4.80652648678612
3.49538858761841,5.91875554132156,13.8540212676796,4.98286936501139
3.61901528480997,6.14090514942837,13.7770484189114,5.16607436691177
3.74767145553188,6.37220312282418,13.7090213454106,5.35632205431165
3.88156387404185,6.6128869729817,13.6504465986881,5.55378153374691
4.02090058330063,6.8631843139485,13.60187171523,5.75860769332365
4.16589026811076,7.12330940087535,13.5638875945645,5.97093810222571
4.31674147733287,7.39345917772897,13.5371308716294,6.1908895303956
4.47366167732622,7.67380879112237,13.5222862385736,6.41855402405166
4.63685611555012,7.96450652116583,13.5200886695459,6.65399456123273
4.80652648678612,8.26566807961595,13.5313254848249,6.89724024912328
4.98286936501139,8.57737018593802,13.5568381947914,7.14828105679752
5.16607436691177,8.89964339097287,13.5975240268121,7.40706205125415
5.35632205431165,9.23246415611691,13.654337032193,7.67347716794069
5.55378153374691,9.57574602662756,13.7282886614253,7.94736252728562
5.75860769332365,9.92932990624128,13.8204476613454,8.22848932442054
5.97093810222571,10.2929734859951,13.9319391442468,8.51655634469979
6.1908895303956,10.6663397274302,14.0639426385986,8.81118216720179
6.41855402405166,11.0489843767052,14.2176889016428,9.11189718632565
6.65399456123273,11.4403426708155,14.3944552925633,9.41813555778922
6.89724024912328,11.8397152251028,14.5955594381118,9.72922727899372
7.14828105679752,12.2462532455387,14.822350922772,10.0443905350164
7.40706205125415,12.6589431852711,15.076200681546,10.3627246335199
7.67347716794069,13.0765911441051,15.3584878236798,10.6832037773417
7.94736252728562,13.4978072902516,15.6705835930676,11.0046720216581
8.22848932442054,13.9209906758573,16.0138321285779,11.3258397662059
8.51655634469979,14.3443149297826,16.3895277742874,11.6452821848685
8.81118216720179,14.7657153968706,16.7988886356143,11.9614400143731
9.11189718632565,15.1828784518863,17.2430263237037,12.2726231211702
9.41813555778922,15.5932337310795,17.7229117295532,12.5770172566547
9.72922727899372,15.9939502253335,18.2393369799496,12.8726943754621
10.0443905350164,16.3819372284331,18.792873455859,13.1576268276425
10.3627246335199,16.7538511628837,19.3838267738756,13.4297056444821
10.6832037773417,17.1061094563574,20.0121889939871,13.6867630088218
11.0046720216581,17.4349125604223,20.6775891327391,13.9265988701883
11.3258397662059,17.7362751746174,21.3792431253632,14.1470114518992
11.6452821848685,18.0060675737634,22.1159048399543,14.3458312009452
11.9614400143731,18.240067734485,22.8858200146646,14.5209575420251
12.2726231211702,18.4340246431833,23.6866852854785,14.67039759992
12.5770172566547,18.5837327190966,24.5156147706432,14.792305778529
12.8726943754621,18.6851167538085,25.3691168608372,14.8850230099745
13.1576268276425,18.7343261335667,26.2430839379492,14.9471143707212
13.4297056444821,18.7278364189338,27.1327976712893,14.9774036289236
13.6867630088218,18.6625555941227,28.0329522774331,14.9750034089558
13.9265988701883,18.5359315897103,28.9376977206472,14.9393397169367
14.1470114518992,18.3460569631935,29.8407040777541,14.8701697404839
14.3458312009452,18.0917661300358,30.7352473864297,14.7675921249354
14.5209575420251,17.7727202762328,31.6143162724006,14.6320492065484
14.67039759992,17.3894749454308,32.4707375051124,14.4643210468161
14.792305778529,16.9435256244733,33.2973170866586,14.2655114539165
14.8850230099745,16.4373273972415,34.0869925177607,14.0370265479986
14.9471143707212,15.8742855778482,34.8329908392341,13.7805467072585
14.9774036289236,15.2587157362257,35.52898590628,13.4979930025289
14.9750034089558,14.5957730232912,36.1692482796315,13.1914894240922
14.9393397169367,13.8913523371152,36.7487809864312,12.8633222742633
14.8701697404839,13.1519627761759,37.2634347134409,12.5158981466199
14.7675921249354,12.3845810866848,37.7099972374431,12.1517018748637
14.6320492065484,11.5964903203792,38.08625293172,11.7732556750344
14.4643210468161,10.7951106220862,38.3910100359039,11.3830805745037
14.2655114539165,9.98782941237067,38.624095067228,10.9836610260221
14.0370265479986,9.18183825507764,38.7863155894548,10.5774133358594
13.7805467072585,8.38398285597004,38.8793942596363,10.1666583930571
13.4979930025289,7.60063174978645,38.905878403291,9.75359889708572
13.1914894240922,6.83756788639095,38.8690304772832,9.34030116253868
12.8633222742633,6.09990571659063,38.772705325766,8.92868136082326
12.5158981466199,5.39203492424552,38.6212202889774,8.52049598080482
12.1517018748637,4.7175904682555,38.4192240513268,8.11733614369705
11.7732556750344,4.07944726352899,38.1715694508334,7.72062538549762
11.3830805745037,3.47973690601732,37.8831946595269,7.33162045156385
10.9836610260221,2.91988306784384,37.5590162184289,6.95141464183927
10.5774133358594,2.40065180101875,37.2038362375247,6.58094326041729
10.1666583930571,1.9222128839941,36.8222651835647,6.2209907490822
9.75359889708572,1.48420841194034,36.4186606409379,5.87219905741799
9.34030116253868,1.08582520726481,35.9970817169851,5.53507694755343
8.92868136082326,0.725867988776463,35.5612580843038,5.21000987667857
8.52049598080482,0.40283081207077,35.11457225079,4.89727019440524
8.11733614369705,0.114964819605144,34.6600533072354,4.59702742332571
7.72062538549762,-0.139659184580742,34.2003803124154,4.30935843269073
7.33162045156385,-0.363094220396704,33.737893428152,4.03425735332982
6.95141464183927,-0.557467306425394,33.2746109962926,3.77164511596441
6.58094326041729,-0.724936346737726,32.8122508895405,3.52137852502814
6.2209907490822,-0.86765376401355,32.3522547440981,3.28325880607069
5.87219905741799,-0.987736532726256,31.8958136672135,3.05703958634017
5.53507694755343,-1.0872420510909,31.4438945335492,2.84243428638744
5.21000987667857,-1.16814938693066,30.9972659584583,2.63912291593188
4.89727019440524,-1.23234525458285,30.5565233319876,2.44675827785795
4.59702742332571,-1.28161410604905,30.1221124539266,2.26497159435466
4.30935843269073,-1.31763173381766,29.6943514567364,2.09337757527043
4.03425735332982,-1.3419618160266,29.273450829094,1.93157895455714
3.77164511596441,-1.35605488108958,28.8595314536002,1.77917052395499
3.52137852502814,-1.36124922207282,28.4526406514397,1.6357426946822
3.28325880607069,-1.35877334703357,28.0527662867872,1.50088461963626
3.05703958634017,-1.34974960683679,27.6598490263244,1.37418690890898
2.84243428638744,-1.33519869480687,27.273792878881,1.25524397192843
2.63912291593188,-1.31604476207652,26.8944741585508,1.14365601711338
2.44675827785795,-1.29312093600776,26.5217490219504,1.03903073868424
2.26497159435466,-1.26717506894783,26.1554597335239,0.940984720975364
2.09337757527043,-1.23887557781381,25.7954398084657,0.849144588336505
1.93157895455714,-1.20881726533704,25.4415181768889,0.763147927420248
1.77917052395499,-1.17752703842653,25.0935225030011,0.682644002116267
1.6357426946822,-1.1454694589113,24.7512817817612,0.607294287622014
1.50088461963626,-1.11305207974496,24.4146283244592,0.536772845805678
1.37418690890898,-1.08063053371165,24.0833992327559,0.470766554804009
1.25524397192843,-1.04851335413895,23.7574374492817,0.408975218077544
1.14365601711338,-1.01696651368657,23.4365924613209,0.351111563641034
1.03903073868424,-0.986217676470466,23.1207207241193,0.296901150889756
0.940984720975364,-0.956460162522061,22.8096858610908,0.246082197158725
0.849144588336505,-0.927856629944835,22.5033586895449,0.19840533712616
0.763147927420248,-0.900542483435191,22.2016171127216,0.153633324102644
0.682644002116267,-0.874629016426772,21.9043459117092,0.111540685258481
0.607294287622014,-0.850206298987732,21.6114364660196,0.0719133373947988
0.536772845805678,-0.827345827008825,21.3227864255163,0.0345481719855989
0.470766554804009,-0.806102941583367,21.0382993517214,-0.000747383822473959
0.408975218077544,-0.786519035279634,20.7578843440761,-0.0341558244455217
0.351111563641034,-0.768623558358713,20.4814556617783,-0.0658500359067564
0.296901150889756,-0.752435837433963,20.2089323507374,-0.0959937743444918
0.246082197158725,-0.737966721577149,19.940237881719,-0.124742148793763
0.19840533712616,-0.725220067520982,19.6752998049206,-0.152242105054416
0.153633324102644,-0.714194076783643,19.4140494238948,-0.178632907613496
0.111540685258481,-0.704882497221856,19.1564214912646,-0.204046617389411
0.0719133373947988,-0.697275699499533,18.9023539272218,-0.228608563385363
0.0345481719855989,-0.691361639887773,18.6517875613344,-0.252437805799501
-0.000747383822473959,-0.687126719486031,18.4046658975671,-0.275647591085059
-0.0341558244455217,-0.684556549365462,18.1609349019966,-0.298345795494651
-0.0658500359067564,-0.683636630823184,17.9205428124215,-0.320635359235397
-0.0959937743444918,-0.684352959019903,17.6834399688632,-0.342614707552401
-0.124742148793763,-0.686692558080073,17.4495786638488,-0.364378161859318
-0.152242105054416,-0.690643954863836,17.2189130112906,-0.386016337752923
-0.178632907613496,-0.696197598359066,16.9913988327809,-0.407616531616768
-0.204046617389411,-0.703346230854035,16.7669935601354,-0.429263096261531
-0.228608563385363,-0.71208521681838,16.5456561530612,-0.451037804544876
-0.252437805799501,-0.722412835289986,16.3273470309702,-0.473020202088336
-0.275647591085059,-0.734330539643185,16.112028017901,-0.495287950105645
-0.298345795494651,-0.747843191039993,15.8996622998147,-0.51791715814053
-0.320635359235397,-0.76295926767227,15.6902143934066,-0.540982707420549
-0.342614707552401,-0.779691055987383,15.4836501259344,-0.564558565671499
-0.364378161859318,-0.798054825073974,15.2799366254103,-0.588718094033608
-0.386016337752923,-0.818070989324842,15.0790423208693,-0.613534346840994
-0.407616531616768,-0.839764261555964,14.8809369523679,-0.639080365033009
-0.429263096261531,-0.863163798801554,14.6855915905224,-0.665429463831209
-0.451037804544876,-0.888303344172663,14.4929786655577,-0.692655515539934
-0.473020202088336,-0.91522136673912,14.3030720059121,-0.720833228248099
-0.495287950105645,-0.943961200935804,14.1158468865267,-0.750038421204806
-0.51791715814053,-0.974571187888016,13.9312800871156,-0.780348297636242
-0.540982707420549,-1.00710482024408,13.749349960791,-0.811841715759508
-0.564558565671499,-1.04162089200021,13.5700365135581,-0.844599458733151
-0.588718094033608,-1.07818365472053,13.3933214953072,-0.878704504261993
-0.613534346840994,-1.11686298127628,13.2191885030171,-0.914242294547708
-0.639080365033009,-1.1577345383745,13.0476230970895,-0.951301007243187
-0.665429463831209,-1.20087996885578,12.8786129318004,-0.989971828030318
-0.692655515539934,-1.24638708464491,12.7121479010334,-1.0303492253951
-0.720833228248099,-1.2943500711469,12.5482203006076,-1.07253122811976
-0.750038421204806,-1.34486970377307,12.386825008678,-1.11661970595002
-0.780348297636242,-1.39805357717634,12.2279596858582,-1.16272065382137
-0.811841715759508,-1.45401634766432,12.0716249969114,-1.210944479944
-0.844599458733151,-1.51287998914442,11.9178248560574,-1.2614062979466
-0.878704504261993,-1.57477406283081,11.7665666981706,-1.31422622316328
-0.914242294547708,-1.63983600080924,11.6178617783805,-1.36952967301428
-0.951301007243187,-1.70821140340424,11.4717255028543,-1.42744767127316
-0.989971828030318,-1.78005435012471,11.3281777938224,-1.48811715583142
-1.0303492253951,-1.85552772377125,11.1872434922175,-1.55168128933084
-1.07253122811976,-1.93480354706587,11.0489528016357,-1.61828977184891
-1.11661970595002,-2.01806333091117,10.9133417776872,-1.68809915453714
-1.16272065382137,-2.10549843308699,10.7804528672007,-1.76127315264879
-1.210944479944,-2.1973104258489,10.6503355021675,-1.83798295615035
-1.2614062979466,-2.29371147049078,10.5230467537681,-1.91840753559268
-1.31422622316328,-2.3949246964641,10.3986520523147,-2.00273394040486
-1.36952967301428,-2.50118458210273,10.2772259794638,-2.09115758617062
-1.42744767127316,-2.61273733336405,10.1588531396133,-2.18388252674612
-1.48811715583142,-2.72984125625793,10.0436291179853,-2.28112170627184
-1.55168128933084,-2.85276711775305,9.93166153343165,-2.38309718519987
-1.61828977184891,-2.981798489026,9.82307119489055,-2.49004033338958
-1.68809915453714,-3.11723206368629,9.71799337089465,-2.60219198204139
-1.76127315264879,-3.25937794224459,9.61657918203428,-2.71980252487582
-1.83798295615035,-3.40855987264807,9.51899712736714,-2.84313195765227
-1.91840753559268,-3.56511543484067,9.42543475616957,-2.97244984281389
-2.00273394040486,-3.72939615526506,9.33610049711882,-3.10803518426509
-2.09115758617062,-3.90176753486161,9.2512256575709,-3.250176194924
-2.18388252674612,-4.08260897140312,9.17106660608935,-3.39916993702352
-2.28112170627184,-4.27231355390423,9.09590715173889,-3.55532181204881
-2.38309718519987,-4.47128770329823,9.02606113384275,-3.71894487422503
-2.49004033338958,-4.67995062954149,8.9618752358473,-3.89035893648373
-2.60219198204139,-4.89873357096505,8.90373203588669,-4.06988943894954
-2.71980252487582,-5.12807877610094,8.85205330749899,-4.25786604032135
-2.84313195765227,-5.36843818270519,8.80730358135864,-4.45462088489074
-2.97244984281389,-5.62027174281038,8.76999397567209,-4.66048649930625
-3.10803518426509,-5.88404533447016,8.74068630280759,-4.87579327246323
-3.250176194924,-6.16022819349108,8.7199974540148,-5.10086646048153
-3.39916993702352,-6.4492897893773,8.70860405952758,-5.33602263867897
-3.55532181204881,-6.7516960595196,8.70724741487235,-5.58156554551987
-3.71894487422503,-7.06790491106881,8.71673864976388,-5.837781249024
-3.89035893648373,-7.39836087699547,8.7379641187486,-6.10493254761602
-4.06988943894954,-7.74348882138373,8.77189095967326,-6.38325253752374
-4.25786604032135,-8.10368656324067,8.81957276617125,-6.67293726230528
-4.45462088489074,-8.47931625340231,8.8821553055137,-6.97413737081295
-4.66048649930625,-8.87069439959371,8.96088214333252,-7.28694871525497
-4.87579327246323,-9.27808036154245,9.05710006396462,-7.61140183112284
-5.10086646048153,-9.70166316022254,9.17226410885492,-7.94745025801546
-5.33602263867897,-10.1415464020795,9.30794202419065,-8.2949576849894
-5.58156554551987,-10.5977311934804,9.46581784006434,-8.65368393750359
-5.837781249024,-11.0700969022486,9.64769427193617,-9.02326986689747
-6.10493254761602,-11.5583795858529,9.85549356549761,-9.40322125910402
-6.38325253752374,-12.0621480267327,10.0912563272293,-9.79289194836791
-6.67293726230528,-12.5807772983098,10.357137816229,-10.1914664076991
-6.97413737081295,-13.1134198792078,10.6554010859664,-10.5979421748198
-7.28694871525497,-13.6589744205622,10.9884062848597,-11.0111125959733
-7.61140183112284,-14.2160523856177,11.3585953430259,-11.4295505115364
-7.94745025801546,-14.7829429317361,11.7684711983754,-11.8515935598226
-8.2949576849894,-15.3575765921973,12.2205706560614,-12.2753320136044
-8.65368393750359,-15.9374885421221,12.7174299407151,-12.6986001161812
-9.02326986689747,-16.5197825012853,13.2615420030591,-13.1189719998756
-9.40322125910402,-17.1010966357423,13.8553046960072,-13.5337633622225
-9.79289194836791,-17.6775731661715,14.5009590571897,-13.9400400785206
-10.1914664076991,-18.2448337633193,15.2005171611945,-14.3346348780663
-10.5979421748198,-18.797963185316,15.9556792713589,-14.714173084084
-11.0111125959733,-19.3315039884863,16.7677405467851,-15.0751082408936
-11.4295505115364,-19.8394654709576,17.6374881838046,-15.4137679611782
-11.8515935598226,-20.315350194493,18.5650903274263,-15.7264100627656
-12.2753320136044,-20.7522015522779,19.5499794567253,-16.0092883724585
-12.6986001161812,-21.1426757001903,20.5907336135253,-16.2587269789645
-13.1189719998756,-21.4791407030675,21.6849601271082,-16.4712010963061
-13.5337633622225,-21.7538051041382,22.82918759013,-16.643421950018
-13.9400400785206,-21.9588768522337,24.0187729930928,-16.7724225946485
-14.3346348780663,-22.0867519823534,25.2478317576999,-16.8556410894559
-14.714173084084,-22.1302304987111,26.5091989589155,-16.8909971952699
-15.0751082408936,-22.0827545470164,27.7944302443855,-16.8769588403688
-15.4137679611782,-21.9386611347238,29.0938500058339,-16.8125948014607
-15.7264100627656,-21.6934395774851,30.396653276385,-16.697610697891
-16.0092883724585,-21.3439808237008,31.6910653232413,-16.5323661770297
-16.2587269789645,-20.888804495498,32.9645597423076,-16.3178721917337
-16.4712010963061,-20.3282481165669,34.2041321191145,-16.0557683830398
-16.643421950018,-19.6646034511514,35.3966217272831,-15.7482816954021
-16.7724225946485,-18.9021862161754,36.5290694266073,-15.3981683701341
-16.8556410894559,-18.0473286096668,37.5890958370154,-15.0086422975381
-16.8909971952699,-17.1082884056512,38.5652804314114,-14.5832932949611
-16.8769588403688,-16.0950737354112,39.4475207976488,-14.1259991824429
-16.8125948014607,-15.0191888597447,40.227350716128,-13.6408355472325
-16.697610697891,-13.8933120515204,40.8981979173802,-13.1319868497901
-16.5323661770297,-12.7309220717453,41.4555658311837,-12.6036620759399
-16.3178721917337,-11.5458936860583,41.8971288604263,-12.0600175452457
-16.0557683830398,-10.3520848415407,42.2227369010773,-11.5050888116617
-15.7482816954021,-9.16293828341617,42.4343313290789,-10.9427329022624
-15.3981683701341,-7.99111854563215,42.5357807999369,-10.3765814870519
-15.0086422975381,-6.8482016759262,42.5326503184699,-9.8100049987483
-14.5832932949611,-5.74443023415815,42.4319206568416,-9.24608724844625
-14.1259991824429,-4.6885406323812,42.2416770736565,-8.68760971444579
-13.6408355472325,-3.68766438666508,41.9707863986384,-8.13704446182196
-13.1319868497901,-2.74729987548276,41.6285800924894,-7.59655447183737
-12.6036620759399,-1.87134716255672,41.2245582236455,-7.06800013913027
-12.0600175452457,-1.0621955866673,40.768125861706,-6.55295069382547
-11.5050888116617,-0.320852216034684,40.2683696224487,-6.0526993878717
-10.9427329022624,0.352901170163188,39.7338784136658,-5.56828138548133
-10.3765814870519,0.96033436878745,39.1726091385988,-5.100493430394
-9.8100049987483,1.50358883008672,38.5917954180561,-4.64991449598694
-9.24608724844625,1.98550031134222,37.997895392321,-4.21692676754076
-8.68760971444579,2.40943096048513,37.3965733494885,-3.80173643013479
-8.13704446182196,2.77911572441651,36.7927092927199,-3.40439385852631
-7.59655447183737,3.09852615965085,36.1904303866722,-3.02481290358788
-7.06800013913027,3.37175320353428,35.5931585249519,-2.66278906063336
-6.55295069382547,3.60290918075231,35.0036687881864,-2.31801639107843
-6.0526993878717,3.79604834662073,34.4241543023989,-1.99010311356949
-5.56828138548133,3.95510464178472,33.8562937642354,-1.67858584052714
-5.100493430394,4.08384487941067,33.3013187030543,-1.38294246398962
-4.64991449598694,4.18583538967976,32.7600782724834,-1.10260373159783
-4.21692676754076,4.26442008614469,32.2331000233579,-0.836963570273899
-3.80173643013479,4.32270799004848,31.7206456504078,-0.585388224390495
-3.40439385852631,4.36356838700069,31.2227611572072,-0.347224290659808
-3.02481290358788,4.38963197671895,30.7393212337764,-0.121805727617398
-2.66278906063336,4.40329658402457,30.2700679033699,0.0915400669991155
-2.31801639107843,4.40673621950299,29.8146437054166,0.293487037112214
-1.99010311356949,4.40191247625128,29.372619772681,0.484706022725985
-1.67858584052714,4.39058744398867,28.9435192623679,0.665861009683734
-1.38294246398962,4.37433748044677,28.5268366210979,0.837606005416025
-1.10260373159783,4.35456733355989,28.1220531848031,1.00058246828544
-0.836963570273899,4.33252422901159,27.7286495953932,1.15541723587608
-0.585388224390495,4.30931163502731,27.3461154859231,1.30272088442396
-0.347224290659808,4.28590250501327,26.9739568572326,1.4430864763384
-0.121805727617398,4.26315185794775,26.611701522242,1.57708864334411
0.0915400669991155,4.24180861713077,26.2589029606792,1.70528295848989
0.293487037112214,4.22252665837876,25.9151428752529,1.82820556682688
0.484706022725985,4.2058750511488,25.5800327087611,1.94637303187149
0.665861009683734,4.1923475026904,25.2532143425279,2.06028236609018
0.837606005416025,4.1823710248515,24.9343601611946,2.1704112214025
1.00058246828544,4.17631385566661,24.6231726425722,2.27721821198086
1.15541723587608,4.17449267430603,24.3193835990889,2.38114334465382
1.30272088442396,4.177179152104,24.0227531820587,2.48260853758938
1.4430864763384,4.18460588462804,23.7330687309296,2.58201820899566
1.57708864334411,4.19697174453468,23.4501435405054,2.67975992073811
1.70528295848989,4.21444670480883,23.1738156006714,2.77620506021342
1.82820556682688,4.23717616754755,22.9039463494253,2.87170954790318
1.94637303187149,4.26528483831974,22.6404194750853,2.966614559066
2.06028236609018,4.29888018568757,22.3831397910236,3.06124724897815
2.1704112214025,4.33805551550194,22.1320321999799,3.15592147216116
2.27721821198086,4.38289269185191,21.8870407608098,3.25093848692772
2.38114334465382,4.43346453305522,21.648127866124,3.34658763732607
2.48260853758938,4.48983690885681,21.415273534548,3.44314700520333
2.58201820899566,4.55207056067963,21.188474819571,3.54088402565632
2.67975992073811,4.62022266492369,20.967745334257,3.64005605944599
2.77620506021342,4.69434815826495,20.7531148904298,3.74091091636567
2.87170954790318,4.77450084047846,20.5446292490819,3.84368732372814
2.966614559066,4.86073426847607,20.3423499779951,3.94861533425775
3.06124724897815,4.95310245311413,20.1463544120269,4.05591666769494
3.15592147216116,5.05166036837809,19.9567357110442,4.16580498043318
3.25093848692772,5.15646428066823,19.7736030101203,4.27848605744234
3.34658763732607,5.2675719040846,19.5970816563041,4.39415792055474
3.44314700520333,5.38504238582956,19.4273135259432,4.51301084704959
3.54088402565632,5.50893612414497,19.2644574162965,4.63522729225974
3.64005605944599,5.63931441950422,19.108689504716,4.76098170968121
3.74091091636567,5.77623895814699,18.9602038681965,4.89044026176118
3.84368732372814,5.91977112548416,18.8192130554779,5.02376041415085
3.94861533425775,6.06997114538691,18.6859487031022,5.16109040554326
4.05591666769494,6.22689704002746,18.5606621858251,5.30256858581405
4.16580498043318,6.3906034033443,18.4436252907324,5.44832261922835
4.27848605744234,6.56113998014225,18.335130902777,5.5984685407819
4.39415792055474,6.73855004172891,18.2354936878567,5.75310965691143
4.51301084704959,6.92286854792523,18.1450507575828,5.91233528272697
4.63522729225974,7.1141200845604,18.0641622975651,6.07621932076108
4.76098170968121,7.31231656492033,17.9932121384222,6.24481867246166
4.89044026176118,7.51745468307327,17.932608245682,6.4181714557148
5.02376041415085,7.72951310688368,17.882783101124,6.59629504813281
5.16109040554326,7.94844940464622,17.8441939452764,6.77918398640754
5.30256858581405,8.1741966878328,17.8173228456939,6.96680763152418
5.44832261922835,8.40665997041842,17.8026765504614,7.15910769730661
5.5984685407819,8.64571223140569,17.8007860839716,7.35599563908332
5.75310965691143,8.89119017474301,17.812206031346,7.55734983661023
5.91233528272697,9.14288971417055,17.8375134673168,7.76301269323139
6.07621932076108,9.40056116943386,17.8773064598341,7.97278764944501
6.24481867246166,9.6639041875899,17.9322020819908,8.18643606531758
6.4181714557148,9.93256240537139,18.0028338540831,8.40367413566245
6.59629504813281,10.206117949335,18.0898485868647,8.62416983458274
6.77918398640754,10.4840857504868,18.1939024879819,8.84753987444931
6.96680763152418,10.7659077138921,18.3156564354679,9.07334691100985
7.15910769730661,11.0509469576427,18.4557704691733,9.30109693685299
7.35599563908332,11.3384820722251,18.6148972565839,9.53023700263812
7.55734983661023,11.6277015476432,18.7936744825212,9.76015338186833
7.76301269323139,11.9176986015882,18.9927162652736,9.99017028350714
7.97278764944501,12.2074664640368,19.2126033121696,10.2195492109746
8.18643606531758,12.4958943268688,19.4538718039127,10.4474891094886
8.40367413566245,12.7817642247822,19.7170012901903,10.6731274225164
8.62416983458274,13.0637490594942,20.0024010874488,10.8955421812183
8.84753987444931,13.340411966181,20.310395644936,11.1137552449233
9.07334691100985,13.6102073880375,20.6412088977702,11.3267367986145
9.30109693685299,13.8714841376963,20.9949474727781,11.5334111942752
9.53023700263812,14.1224906827872,21.3715832667122,11.7326641999186
9.76015338186833,14.3613829933246,21.7709355107361,11.9233516880626
9.99017028350714,14.5862352462468,22.192652651373,12.1043097564711
10.2195492109746,14.7950536140462,22.6361944422477,12.2743662310175
10.4474891094886,14.9857933328894,23.1008147697239,12.4323534498826
10.6731274225164,15.1563791882087,23.5855457398144,12.5771221752409
10.8955421812183,15.3047294697487,24.089183640688,12.7075564242155
11.1137552449233,15.4287833337857,24.6102774560369,12.8225889566216
11.3267367986145,15.5265313811445,25.1471206396879,12.9212171078814
11.5334111942752,15.5960491090932,25.6977468728993,13.0025186124421
11.7326641999186,15.6355327432227,26.2599305078769,13.0656670303619
11.9233516880626,15.643336782083,26.8311923509027,13.1099463704199
12.1043097564711,15.6180124168254,27.4088113446405,13.1347644966593
12.2743662310175,15.5583458337855,27.9898425766079,13.1396649219796
12.4323534498826,15.4633952649587,28.5711418625313,13.1243366184033
12.5771221752409,15.3325255464168,29.1493969353683,13.0886215184172
12.7075564242155,15.1654388837614,29.7211650199815,13.0325194565656
12.8225889566216,14.9622005178091,30.2829162961652,12.9561903663975
12.9212171078814,14.7232580428568,30.8310824675424,12.8599536338495
13.0025186124421,14.4494532577841,31.3621093717371,12.7442846121415
13.0656670303619,14.1420256291543,31.8725123090124,12.6098083763373
13.1099463704199,13.8026067081292,32.3589325531929,12.4572908992135
13.1347644966593,13.4332051709375,32.8181933411276,12.287627913027
13.1396649219796,13.0361825018267,33.2473535771635,12.1018317575541
13.1243366184033,12.6142197227716,33.6437574830431,11.9010166180854
13.0886215184172,12.170275990087,34.0050784913986,11.6863825462028
13.0325194565656,11.7075401965838,34.3293559188249,11.4591986830866
12.9561903663975,11.229377011358,34.615023211511,11.2207861388129
12.8599536338495,10.7392690859933,34.8609268589198,10.972500902859
12.7442846121415,10.2407572981605,35.0663354724052,10.7157171793508
12.6098083763373,9.73738086870626,35.2309389583504,10.4518114885102
12.4572908992135,9.2326192886987,35.3548380824183,10.1821477981678
12.287627913027,8.72983778360747,35.4385251037711,9.90806392277039
12.1018317575541,8.23223777687155,35.4828564968298,9.63085936733207
11.9010166180854,7.74281368348678,35.4890190428192,9.35178471866707
11.6863825462028,7.26431689436583,35.4584907150932,9.07203264641064
11.4591986830866,6.79922753272541,35.3929979218667,8.79273052665333
11.2207861388129,6.34973426009791,35.2944706800753,8.51493465884665
10.972500902859,5.91772199610582,35.1649971817337,8.23962600658861
10.7157171793508,5.50476720107073,35.0067791633652,7.96770736830497
10.4518114885102,5.11214011987598,34.8220892674671,7.7000018623109
10.1821477981678,4.7408131799229,34.6132313661739,7.43725259609854
9.90806392277039,4.39147463511992,34.3825046260167,7.18012338129639
9.63085936733207,4.06454647455731,34.1321718515948,6.92920035263267
9.35178471866707,3.76020560739554,33.864432397997,6.68499435049339
9.07203264641064,3.47840734627505,33.5813997744868,6.44794393173822
8.79273052665333,3.2189102973992,33.2850838711457,6.21841888182438
8.51493465884665,2.9813018389448,32.9773776055253,5.99672411158044
8.23962600658861,2.76502348980499,32.6600476652809,5.78310382457249
7.96770736830497,2.56939558124366,32.3347289510267,5.57774586787259
7.7000018623109,2.39364076199875,32.0029222732049,5.38078617335465
7.43725259609854,2.2369059816838,31.6659948330753,5.19231322809392
7.18012338129639,2.0982827027714,31.3251830166845,5.01237250545002
6.92920035263267,1.97682518515022,30.9815970468898,4.840970801105
6.68499435049339,1.87156676825302,30.636227067755,4.67808044407919
6.44794393173822,1.7815341438973,30.2899502745964,4.52364333683335
6.21841888182438,1.70575966770778,29.9435387486211,4.37757481260341
5.99672411158044,1.64329179675196,29.5976677027266,4.23976729030723
5.78310382457249,1.59320376210164,29.2529238788374,4.11009370011067
5.57774586787259,1.55460063028039,28.9098139065776,3.98841068346756
5.38078617335465,1.52662488859513,28.5687724411781,3.87456157247963
5.19231322809392,1.50846072476576,28.2301699857159,3.76837913586329
5.01237250545002,1.49933714049612,27.8943202874941,3.66968810002012
4.840970801105,1.49853005198352,27.5614872418941,3.57830745167737
4.67808044407919,1.50536352392705,27.2318912840653,3.49405253070537
4.52364333683335,1.51921026507412,26.9057152317213,3.41673692001689
4.37757481260341,1.53949150949172,26.5831096015684,3.34617414436496
4.23976729030723,1.56567638479209,26.2641974043708,3.28217918854551
4.11009370011067,1.59728087528969,25.9490784149403,3.2245698461058
3.98841068346756,1.63386646299769,25.6378329778814,3.17316791004204
3.87456157247963,1.67503851669475,25.3305253747613,3.12780021692693
3.76837913586329,1.72044449991819,25.0272067777268,3.08829955573369
3.66968810002012,1.76977205280618,24.7279178333262,3.05450545233259
3.57830745167737,1.82274699463156,24.432690913601,3.02626484024715
3.49405253070537,1.87913128532824,24.1415520713931,3.00343262781157
3.41673692001689,1.93872098091083,23.8545227326799,2.98587217157309
3.34617414436496,2.00134420849324,23.5716211600069,2.97345566442316
3.28217918854551,2.06685918249092,23.2928637175431,2.96606444724729
3.2245698461058,2.13515227912412,23.0182659659359,2.96358925210136
3.17316791004204,2.20613618216539,22.7478436128565,2.96593038398799
3.12780021692693,2.27974810948445,22.4816133426762,2.97299784785033
3.08829955573369,2.35594812703605,22.2195935463548,2.98471142677999
3.05450545233259,2.43471755445551,21.9618049704042,3.00100071678829
3.02626484024715,2.51605746432535,21.7082713017072,3.02180512292367
3.00343262781157,2.59998727550088,21.4590197030123,3.04707382127707
2.98587217157309,2.68654343901378,21.2140813122814,3.07676568981168
2.97345566442316,2.7757782142383,20.9734917175761,3.11084921085755
2.96606444724729,2.86775853211417,20.737291417403,3.14930234827584
2.96358925210136,2.96256494044745,20.505526275673,3.19211240076238
2.96593038398799,3.06029062634016,20.2782479790861,3.23927583258024
2.97299784785033,3.16104050988824,20.0555145038883,3.29079808405643
2.98471142677999,3.26493040271235,19.8373905981408,3.34669335860821
3.00100071678829,3.37208622437845,19.6239482849671,3.40698438715381
3.02180512292367,3.48264326931984,19.4152673916008,3.47170216904247
3.04707382127707,3.59674551641799,19.2114361082406,3.54088569146809
3.07676568981168,3.71454497252099,19.0125515813812,3.61458161933608
3.11084921085755,3.83620104248771,18.8187205440832,3.69284395267332
3.14930234827584,3.96187991536889,18.6300599868493,3.77573365332827
3.19211240076238,4.09175395725113,18.4466978720588,3.86331823703955
3.23927583258024,4.22600110049019,18.268773894449,3.95567131501536
3.29079808405643,4.36480421871999,18.0964402878546,4.05287209045177
3.34669335860821,4.5083504767413,17.9298626823673,4.15500481402073
3.40698438715381,4.6568306452066,17.7692210102192,4.2621581393552
3.47170216904247,4.81043836104544,17.6147104670493,4.37442447502172
3.54088569146809,4.96936932401697,17.4665425204952,4.49189916784991
3.61458161933608,5.13382041921007,17.3249459675083,4.61467970852636
3.69284395267332,5.30398874561022,17.1901680438773,4.74286472057496
3.77573365332827,5.4800705211389,17.0624755856785,4.87655295611918
3.86331823703955,5.66225988339725,16.9421562137232,5.01584207294743
3.95567131501536,5.85074752297998,16.8295195768666,5.16082734807708
4.05287209045177,6.04571914573116,16.7248986195047,5.31160021567863
4.15500481402073,6.24735380218586,16.6286508383195,5.46824663236984
4.2621581393552,6.45582187726214,16.5411596253273,5.63084532465457
4.37442447502172,6.67128305809662,16.4628354833512,5.79946577153268
4.49189916784991,6.89388375799794,16.3941173670073,5.97416605744374
4.61467970852636,7.12375459461405,16.3354738179682,6.15499048340995
4.74286472057496,7.36100719543307,16.2874041783865,6.3419669339795
4.87655295611918,7.60573103650923,16.250439575451,6.53510406063219
5.01584207294743,7.85798956077102,16.2251438547492,6.73438818296704
5.16082734807708,8.11781623902706,16.2121142822536,6.93977994603322
5.31160021567863,8.38520995537793,16.2119820192035,7.15121076377811
5.46824663236984,8.66013012919678,16.2254123279258,7.36857899672603
5.63084532465457,8.94249136283802,16.2531043920489,7.59174589010627
5.79946577153268,9.23215751894153,16.2957907087097,7.82053133112216
5.97416605744374,9.52893552570535,16.3542359924302,8.0547094245059
6.15499048340995,9.83256856625778,16.4292354211524,8.2940038887135
6.3419669339795,10.1427288736486,16.5216121893268,8.5380833930552
6.53510406063219,10.4590101916045,16.6322142594678,8.78655689767
6.73438818296704,10.7809197539121,16.7619100977255,9.03896898562211
6.93977994603322,11.1078700316042,16.9115833641296,9.29479539142598
7.15121076377811,11.439170317977,17.0821264153953,9.5534388198458
7.36857899672603,11.7740181659077,17.2744323859064,9.81422513368918
7.59174589010627,12.1114909157572,17.4893857780559,10.0764001195876
7.82053133112216,12.450537532068,17.7278514927545,10.3391269764538
8.0547094245059,12.7899709094847,17.9906620675652,10.6014847320362
8.2940038887135,13.1284609162667,18.2786029680435,10.8624677554966
8.5380833930552,13.4645285606589,18.5923961137779,11.1209865868677
8.78655689767,13.7965416097115,18.9326814284406,11.3758702833445
9.03896898562211,14.1227120437471,19.2999962114412,11.6258704774912
9.29479539142598,14.4410957858538,19.6947529635482,11.8696673262583
9.5534388198458,14.7495952526512,20.1172153850251,12.1058775015726
9.81422513368918,15.0459651802881,20.5674728370733,12.3330643331849
10.0764001195876,15.3278222150016,21.0454138467347,12.5497501617553
10.3391269764538,15.5926587774001,21.5506989766245,12.7544308949606
10.6014847320362,15.8378616828662,22.0827337256458,12.9455926831389
10.8624677554966,16.0607358757862,22.6406421701208,13.1217305467347
11.1209865868677,16.2585335588388,23.2232422787933,13.2813686892891
11.3758702833445,16.4284888575274,23.8290238948209,13.4230821516693
11.6258704774912,16.5678579776139,24.4561304991586,13.5455193495656
11.8696673262583,16.6739645865043,25.102345951622,13.6474249647539
12.1058775015726,16.7442498909507,25.7650874385051,13.727662594788
12.3330643331849,16.7763265960098,26.4414058338581,13.7852365152224
12.5497501617553,16.7680356251152,27.1279945931381,13.8193118879522
12.7544308949606,16.71750417476,27.8212081329788,13.8292327522578
12.9455926831389,16.6232033905748,28.5170904045287,13.8145371693678
13.1217305467347,16.4840037104933,29.211414043822,13.7749689876362
13.2813686892891,16.2992257193586,29.8997300609223,13.7104857706795
13.4230821516693,16.0686843012276,30.5774276067571,13.6212625684514
13.5455193495656,15.792723858929,31.2398027896905,13.5076913603953
13.6474249647539,15.4722425446001,31.8821350175679,13.370376153087
13.727662594788,15.1087037288163,32.4997688546131,13.2101238745035
13.7852365152224,14.7041333487577,33.0881989359592,13.0279313553
13.8193118879522,14.2611022971504,33.6431551517874,12.8249688341558
13.8292327522578,13.7826936566744,34.1606850965401,12.6025605125692
13.8145371693678,13.2724553176821,34.6372306816434,12.3621628033036
13.7749689876362,12.7343391423882,35.0696960563222,12.1053409192144
13.7104857706795,12.1726285022771,35.4555042189794,11.8337445276636
13.6212625684514,11.5918567490253,35.7926400862357,11.5490831088008
13.5076913603953,10.9967193475988,36.0796785735498,11.2531017018562
13.370376153087,10.3919829893301,36.3157967660932,10.947557558315
13.2101238745035,9.78239486066561,36.5007700844103,10.6341982487704
13.0279313553,9.17259529607781,36.6349530834291,10.3147415694428
12.8249688341558,8.56703673553859,36.7192461424054,9.99085758240988
12.6025605125692,7.969911452549,36.7550499515406,9.66415298215497
12.3621628033036,7.3850900725548,36.7442100614404,9.33615788158505
12.1053409192144,6.8160721756772,36.6889540996261,9.00831506457869
11.8337445276636,6.26594978598452,36.5918243363577,8.68197164462246
11.5490831088008,5.73738378520212,36.4556082491576,8.35837302079851
11.2531017018562,5.23259288713705,36.2832695850962,8.03865897620082
10.947557558315,4.75335418971373,36.0778820628444,7.72386173132095
10.6341982487704,4.30101407695085,35.8425676040279,7.41490573732344
10.3147415694428,3.87650791199079,35.5804404245354,7.11260898552774
9.99085758240988,3.48038683595228,35.2945580461917,6.8176856067045
9.66415298215497,3.11284997864357,34.9878797669426,6.53074953837347
9.33615788158505,2.77378039655972,34.6632327904381,6.25231904896182
9.00831506457869,2.46278317441654,34.3232859270401,5.9828219229926
8.68197164462246,2.1792243293978,33.9705304636874,5.72260113156113
8.35837302079851,1.92226931971284,33.6072676312054,5.47192082072758
8.03865897620082,1.69092019804491,33.2356019550773,5.23097248578124
7.72386173132095,1.48405064864231,32.8574397000753,4.99988121226358
7.41490573732344,1.30043836780478,32.4744915812044,4.77871187754513
7.11260898552774,1.13879442790078,32.088278928057,4.56747523439017
6.8176856067045,0.9977894264725,31.7001425300298,4.36613380798821
6.53074953837347,0.876076359529378,31.311253452558,4.17460755696519
6.25231904896182,0.772310268654883,30.9226251921825,3.99277925501844
5.9828219229926,0.685164796427746,30.5351266243296,3.82049956854225
5.72260113156113,0.613345846735906,30.1494952886618,3.65759181211032
5.47192082072758,0.555602574142796,29.7663506226626,3.50385637093156
5.23097248578124,0.510735976185209,29.3862068589186,3.35907478736213
4.99988121226358,0.477605351163644,29.0094853623305,3.22301351391521
4.77871187754513,0.455132885987883,28.636526236766,3.0954273402126
4.56747523439017,0.442306636215702,28.2675991016629,2.97606250344627
4.36613380798821,0.438182139476379,27.9029129726708,2.86465949534438
4.17460755696519,0.441882886417726,27.542625225099,2.76095558063291
3.99277925501844,0.452599852119351,27.1868496374481,2.6646870430389
3.82049956854225,0.469590270684878,26.8356635454665,2.57559117621802
3.65759181211032,0.4921758117116,26.4891141498738,2.4934080374058
3.50385637093156,0.519740297998136,26.147224029617,2.41788198005579
3.35907478736213,0.5517270841342,25.8099959220054,2.3487629835729
3.22301351391521,0.58763619759382,25.4774168345115,2.28580779711634
3.0954273402126,0.627021327147092,25.1494615545415,2.22878091390661
2.97606250344627,0.669486730175124,24.8260956212998,2.17745539179169
2.86465949534438,0.714684116489642,24.5072778229992,2.13161353509047
2.76095558063291,0.762309556033802,24.1929622782333,2.09104745190924
2.6646870430389,0.812100448155311,23.8831001565459,2.05555949996619
2.57559117621802,0.863832581217072,23.5776410890874,2.02496263384808
2.4934080374058,0.917317304426966,23.2765343152707,1.99908066524637
2.41788198005579,0.972398829688112,22.9797296062433,1.97774844692927
2.3487629835729,1.0289516738638,22.6871780023444,1.96081199039703
2.28580779711634,1.08687824979545,22.398832396651,1.94812852637384
2.22878091390661,1.14610660994986,22.1146479931483,1.93956651642258
2.17745539179169,1.20658834419305,21.8345826642103,1.9350056234106
2.13161353509047,1.26829663101623,21.5585972287021,1.93433664763066
2.09104745190924,1.33122443999244,21.2866556690003,1.93746143480732
2.05555949996619,1.39538288203197,21.0187253025843,1.9442927615738
2.02496263384808,1.46079970210903,20.7547769215317,1.95475420337664
1.99908066524637,1.52751790926619,20.494784911137,1.96877998919306
1.97774844692927,1.59559453763874,20.2387273571634,1.98631484691598
1.96081199039703,1.66509953195802,19.9865861497305,2.00731384274359
1.94812852637384,1.73611475071512,19.7383470905744,2.03174221743169
1.93956651642258,1.80873308005327,19.4940000093702,2.05957522180886
1.9350056234106,1.88305765127444,19.2535388939422,2.09079795351676
1.93433664763066,1.95920115496231,19.0169620384932,2.12540519652805
1.93746143480732,2.03728524470252,18.7842722134418,2.16340126490734
1.9442927615738,2.11744002345879,18.5554768600269,2.20479985128826
1.95475420337664,2.19980360577336,18.3305883125354,2.24962388023117
1.96877998919306,2.28452174906179,18.1096240507952,2.29790536681166
1.98631484691598,2.37174754736852,17.8926069854366,2.34968527983408
2.00731384274359,2.46164118104204,17.6795657783695,2.40501341048738
2.03174221743169,2.55436971585585,17.4705352009178,2.46394824415477
2.05957522180886,2.65010694514259,17.2655565320976,2.52655683149183
2.09079795351676,2.749033268514,17.064677999639,2.59291466161942
2.12540519652805,2.85133560070515,16.8679552664885,2.66310553319573
2.16340126490734,2.95720730376166,16.6754519652748,2.73722141880725
2.20479985128826,3.06684813587086,16.4872402844851,2.81536232272689
2.24962388023117,3.18046421044092,16.3034016085221,2.89763612127665
2.29790536681166,3.29826795779313,16.1240272153286,2.98415840051484
2.34968527983408,3.42047808209589,15.9492190366828,3.07505224871808
2.40501341048738,3.54731950379334,15.7790904827067,3.17044805047703
2.46394824415477,3.67902327935726,15.6137673340777,3.27048322418554
2.52655683149183,3.81582649509593,15.4533887048199,3.37530192528604
2.59291466161942,3.9579721146569,15.298108092223,3.4850547122047
2.66310553319573,4.1057087708228,15.148094494789,3.59989813637338
2.73722141880725,4.25929050512908,15.0035336125737,3.71999427156293
2.81536232272689,4.41897641384202,14.8646291626881,3.84551017334946
2.89763612127665,4.58503021081164,14.731604243046,3.97661723003481
2.98415840051484,4.75771968207196,14.604702830393,4.11349041122539
3.07505224871808,4.93731599851786,14.4841913592017,4.25630741188118
3.17044805047703,5.12409290985406,14.3703603794318,4.40524763467946
3.27048322418554,5.31832572886032,14.2635263639379,4.56049101956524
3.37530192528604,5.52029015987907,14.1640335564786,4.72221672604694
3.4850547122047,5.73026088622201,14.0722559481666,4.89060156799176
3.59989813637338,5.94850989927797,13.9885993462615,5.06581826529282
3.71999427156293,6.17530456804443,13.9135035011638,5.24803344877727
3.84551017334946,6.41090537631212,13.8474443190571,5.43740536004762
3.97661723003481,6.65556328625773,13.7909361403993,5.63408129289056
4.11349041122539,6.9095167361817,13.7445340296792,5.83819469955169
4.25630741188118,7.17298818716469,13.7088360805783,6.04986192218735
4.40524763467946,7.4461801361943,13.6844857182258,6.26917857090523
4.56049101956524,7.7292706549556,13.6721739055938,6.49621550419152
4.72221672604694,8.02240832204861,13.6726412399389,6.73101435925883
4.89060156799176,8.32570642875768,13.6866798962423,6.97358265451105
5.06581826529282,8.63923663906227,13.7151352808714,7.22388843983694
5.24803344877727,8.96302178357618,13.7589073676233,7.48185449688786
5.43740536004762,9.29702787088521,13.8189515851525,7.74735207350614
5.63408129289056,9.64115534528531,13.896279134587,8.02019419072429
5.83819469955169,9.99522940442356,13.991956601383,8.30012856959086
6.04986192218735,10.3589894109382,14.1071046887059,8.58683021455915
6.26917857090523,10.7320774863989,14.2428959137297,8.87989374974652
6.49621550419152,11.1140262119335,14.4005510411887,9.17882558679057
6.73101435925883,11.504245452866,14.5813340103551,9.48303609699988
6.97358265451105,11.9020084951223,14.7865451360323,9.79183195452742
7.22388843983694,12.3064375674142,15.0175123084373,10.1044088556263
7.48185449688786,12.7164889415645,15.2755799043333,10.4198448388317
7.74735207350614,13.130937814343,15.5620950899639,10.7370945444246
8.02019419072429,13.5483633353487,15.8783912346253,11.054984701806
8.30012856959086,13.9671341887644,16.2257682110257,11.3722112333208
8.58683021455915,14.3853951778299,16.6054692446465,11.687338339319
8.87989374974652,14.8010554273486,17.0186541763554,11.9987999808108
9.17882558679057,15.211778876763,17.4663688625975,12.3049041634762
9.48303609699988,15.6149778927885,17.9495108571772,12.6038404082494
9.79183195452742,16.0078108619112,18.4687914176534,12.8936907542805
10.1044088556263,16.3871847751497,19.0246939887959,13.1724445718625
10.4198448388317,16.7497638431991,19.6174296065029,13.4380173658321
10.7370945444246,17.0919851714886,20.2468901455631,13.68827363885
11.054984701806,17.410082601323,20.9126001182849,13.9210536992851
11.3722112333208,17.7001196850398,21.6136684251905,14.1342041392929
11.687338339319,17.9580326091277,22.3487415644658,14.3256115130894
11.9987999808108,18.1796836523858,23.1159602262636,14.4932385654041
12.3049041634762,18.3609254274929,23.9129214372804,14.6351620893948
12.6038404082494,18.4976757164674,24.7366486629241,14.7496113759146
12.8936907542805,18.586002170756,25.5835724356697,14.8350060850908
13.1724445718625,18.6222155313355,26.44952411131,14.8899922070457
13.4380173658321,18.6029693094728,27.3297452494981,14.9134747864742
13.68827363885,18.5253632211875,28.2189148403515,14.9046461620691
13.9210536992851,18.3870468709045,29.1111960592078,14.8630084957701
14.1342041392929,18.186319666399,30.0003035426644,14.7883896500361
14.3256115130894,17.9222224839086,30.879591288596,14.6809516581649
14.4932385654041,17.5946163094567,31.7421602999159,14.5411913710712
14.6351620893948,17.2042431146018,32.5809836892676,14.3699331911804
14.7496113759146,16.7527646883839,33.3890459270099,14.1683141369707
14.8350060850908,16.2427757218708,34.1594918452838,13.9377618185216
14.8899922070457,15.6777885339852,34.8857797948133,13.6799661991683
14.9134747864742,15.0621882338397,35.5618327592461,13.3968462236238
14.9046461620691,14.4011584307348,36.1821811100145,13.0905125875538
14.8630084957701,13.7005795550799,36.7420903106198,12.7632280007974
14.7883896500361,12.9669030789207,37.2376679306815,12.4173662836898
14.6809516581649,12.2070067397038,37.6659448701573,12.055371616716
14.5411913710712,11.4280365966911,38.0249273578369,11.6797191217302
14.3699331911804,10.6372428723156,38.3136176350388,11.2928777695159
14.1683141369707,9.84181644054003,38.5320031625326,10.8972764724735
13.9377618185216,9.04873283313525,38.6810157451136,10.4952739348542
13.6799661991683,8.26460991094594,38.7624636359909,10.0891326913502
13.3968462236238,7.49558421241316,38.7789408999625,9.68099752169944
13.0905125875538,6.74720981569551,38.7337192325439,9.27287827479526
12.7632280007974,6.02438201985149,38.6306279892743,8.86663697063114
12.4173662836898,5.33128665519923,38.4739281948692,8.46397894695663
12.055371616716,4.6713745471823,38.2681860687645,8.06644769782736
11.6797191217302,4.04735939243926,38.0181510238456,7.6754230249703
11.2928777695159,3.46123641779138,37.7286421847702,7.29212206178905
10.8972764724735,2.91431856906823,37.4044466450125,6.91760272853311
10.4952739348542,2.40728656524628,37.0502315645624,6.55276918767287
10.0891326913502,1.94024915406392,36.6704713167879,6.1983788838797
9.68099752169944,1.5128099289009,36.2693900060242,5.8550507814051
9.27287827479526,1.12413750448517,35.850918922828,5.52327445784359
8.86663697063114,0.773036141554759,35.4186679535791,5.20341975026614
8.46397894695663,0.45801451678232,34.9759095414234,4.89574668905176
8.06644769782736,0.177350796026391,34.5255735165055,4.60041550197089
7.6754230249703,-0.0708473605595404,34.0702510260014,4.31749650613651
7.29212206178905,-0.288588682739646,33.6122057625265,4.04697974338005
6.91760272853311,-0.477950587939052,33.1533907734985,3.7887842467482
6.55276918767287,-0.641037991850027,32.6954692813671,3.54276685432927
6.1983788838797,-0.779948555328847,32.2398381342373,3.30873051164907
5.8550507814051,-0.896744025563657,31.7876526820047,3.08643202375007
5.52327445784359,-0.993427219895911,31.3398521090319,2.87558923630529
5.20341975026614,-1.07192411565065,30.8971844415862,2.67588763924291
4.89574668905176,-1.13407046676467,30.4602306271072,2.48698639685323
4.60041550197089,-1.18160235209834,30.0294272564664,2.30852381767531
4.31749650613651,-1.21615008146362,29.6050876339318,2.14012228393877
4.04697974338005,-1.23923491594689,29.1874210203642,1.98139266515323
3.7887842467482,-1.25226810399657,28.7765499698969,1.83193824380456
3.54276685432927,-1.25655178534144,28.3725257550031,1.69135818335855
3.30873051164907,-1.2532813681191,27.9753419319134,1.55925057075254
3.08643202375007,-1.24354903683405,27.5849461376002,1.43521506343624
2.87558923630529,-1.22834809905471,27.2012502384308,1.31885517284945
2.67588763924291,-1.2085779258539,26.8241389675361,1.20978021493724
2.48698639685323,-1.18504928234798,26.4534771950169,1.10760695820366
2.30852381767531,-1.15848988231773,26.0891159777201,1.01196099808936
2.14012228393877,-1.12955003333018,25.7308975319757,0.922477881161215
1.98139266515323,-1.09880826666036,25.3786592660733,0.83880400703544
1.83193824380456,-1.06677686996874,25.0322370003623,0.760597333098924
1.69135818335855,-1.03390726065841,24.6914674925874,0.687527901068469
1.55925057075254,-1.00059515526123,24.3561903752158,0.619278205215426
1.43521506343624,-0.967185500752722,24.0262495992968,0.555543425803264
1.31885517284945,-0.933977148313298,23.7014944696192,0.49603153966927
1.20978021493724,-0.901227254812223,23.3817803445631,0.440463325594486
1.10760695820366,-0.869155407951909,23.0669690648983,0.388572281286972
1.01196099808936,-0.83794747536677,22.7569291662876,0.34010445937062
0.922477881161215,-0.807759179552877,22.4515359216364,0.294818240966521
0.83880400703544,-0.778719405651508,22.1506712530884,0.25248405074776
0.760597333098924,-0.75093325347569,21.8542235464766,0.212884028682265
0.687527901068469,-0.724484843319174,21.5620873949089,0.175811662745752
0.619278205215426,-0.699439886086294,21.2741632937621,0.14107139235346
0.555543425803264,-0.675848033260141,20.9903573053339,0.10847818894374
0.49603153966927,-0.653745018281813,20.7105807066926,0.0778571186330492
0.440463325594486,-0.633154601229598,20.4347496324452,0.0490428930881776
0.388572281286972,-0.614090333359184,20.1627847207841,0.0218794127132484
0.34010445937062,-0.596557149842451,19.8946107691131,-0.00378069398363824
0.294818240966521,-0.580552807668199,19.6301564042638,-0.0280765314841429
0.25248405074776,-0.566069176636118,19.3693537701656,-0.0511393958677772
0.212884028682265,-0.553093398552979,19.1121382353702,-0.0730932287134834
0.175811662745752,-0.541608922769295,18.8584481214361,-0.0940550641598104
0.14107139235346,-0.531596430380845,18.608224452659,-0.114135467617408
0.10847818894374,-0.52303465628767,18.3614107271657,-0.133438964701214
0.0778571186330492,-0.515901118156178,18.1179527087657,-0.152064459428523
0.0490428930881776,-0.510172761571112,17.8777982388561,-0.170105641145012
0.0218794127132484,-0.505826529255759,17.6408970673856,-0.187651379112661
-0.00378069398363824,-0.502839862023852,17.4072007017696,-0.204786104926486
-0.0280765314841429,-0.501191138576072,17.1766622725817,-0.221590182551718
-0.0511393958677772,-0.50086006082031,16.9492364148356,-0.238140265501181
-0.0730932287134834,-0.50182799070176,16.7248791636651,-0.254509641901194
-0.0940550641598104,-0.504078244308734,16.5035478632655,-0.270768567510436
-0.114135467617408,-0.507596348378278,16.2852010880091,-0.286984586238765
-0.133438964701214,-0.512370264093984,16.0697985747234,-0.303222840273296
-0.152064459428523,-0.518390582534889,15.8573011652033,-0.319546368602623
-0.170105641145012,-0.525650695676145,15.647670758098,-0.336016395071604
-0.187651379112661,-0.534146947062849,15.4408702694383,-0.352692607199505
-0.204786104926486,-0.543878765035585,15.2368636011254,-0.369633425598313
-0.221590182551718,-0.554848781917789,15.0356156167957,-0.386896264813733
-0.238140265501181,-0.567062941944315,14.8370921246006,-0.404537786414557
-0.254509641901194,-0.580530600489465,14.6412598664695,-0.422614145038118
-0.270768567510436,-0.595264616625012,14.4480865135427,-0.441181228183861
-0.286984586238765,-0.611281442042477,14.2575406675621,-0.460294890267279
-0.303222840273296,-0.628601206952805,14.0695918680052,-0.480011181787264
-0.319546368602623,-0.647247805801734,13.8842106049185,-0.500386574351855
-0.336016395071604,-0.667248984232912,13.7013683374349,-0.521478182295266
-0.352692607199505,-0.688636428189931,13.5210375180111,-0.543343981618471
-0.369633425598313,-0.711445857021763,13.3431916225361,-0.566043026981812
-0.386896264813733,-0.735717121729321,13.1678051865084,-0.589635667471618
-0.404537786414557,-0.761494309465576,12.9948538475766,-0.614183761855065
-0.422614145038118,-0.788825855174586,12.8243143947668,-0.639750894026827
-0.441181228183861,-0.817764661408147,12.6561648248506,-0.666402589339472
-0.460294890267279,-0.848368227241274,12.4903844063477,-0.694206532495876
-0.480011181787264,-0.880698787053978,12.3269537517607,-0.723232787666028
-0.500386574351855,-0.91482345993371,12.1658548987191,-0.753554021473512
-0.521478182295266,-0.95081441039866,12.0070714008125,-0.785245729476203
-0.543343981618471,-0.988749021094633,11.8505884289843,-0.818386466742956
-0.566043026981812,-1.02871007807376,11.696392884472,-0.853058083101561
-0.589635667471618,-1.07078596922019,11.544473524397,-0.889345963601965
-0.614183761855065,-1.11507089634696,11.3948211012335,-0.927339274703706
-0.639750894026827,-1.16166510144457,11.2474285175274,-0.967131216653694
-0.666402589339472,-1.21067510751738,11.1022909973881,-1.00881928247165
-0.694206532495876,-1.26221397439447,10.9594062764417,-1.05250552390245
-0.723232787666028,-1.31640156984618,10.81877481212,-1.09829682462547
-0.753554021473512,-1.373364856275,10.6804000163536,-1.14630518093108
-0.785245729476203,-1.4332381931749,10.5442885129633,-1.19664798997773
-0.818386466742956,-1.49616365546638,10.4104504222791,-1.24944834563059
-0.853058083101561,-1.56229136771168,10.2788996757803,-1.30483534174834
-0.889345963601965,-1.63177985409024,10.1496543638419,-1.36294438262804
-0.927339274703706,-1.70479640386898,10.0227371199807,-1.42391750013053
-0.967131216653694,-1.78151745192477,9.89817554534561,-1.48790367679069
-1.00881928247165,-1.862128973668,9.77600267756955,-1.55505917395851
-1.05250552390245,-1.94682689346657,9.65625750850867,-1.62554786369126
-1.09829682462547,-2.035817505372,9.53898555584436,-1.69954156281724
-1.14630518093108,-2.12931790460004,9.42423949400146,-1.77722036717105
-1.19664798997773,-2.22755642779964,9.31207985036332,-1.85877298340709
-1.24944834563059,-2.33077309965517,9.20257577332578,-1.9443970553619
-1.30483534174834,-2.43922008278585,9.09580587934052,-2.03429948121117
-1.36294438262804,-2.55316212722901,8.99185918674423,-2.12869671691216
-1.42391750013053,-2.67287701499299,8.89083614486337,-2.22781506052972
-1.48790367679069,-2.79865599423283,8.79284976761339,-2.3318909110129
-1.55505917395851,-2.93080419650987,8.69802688157896,-2.44117099379776
-1.62554786369126,-3.06964102930327,8.60650949927693,-2.5559125442357
-1.69954156281724,-3.2155005345265,8.51845632937435,-2.67638343826759
-1.77722036717105,-3.36873170202056,8.43404443628294,-2.80286225794305
-1.85877298340709,-3.52969872496723,8.35347106215977,-2.93563827727571
-1.9443970553619,-3.69878118195793,8.27695562561232,-3.07501135154959
-2.03429948121117,-3.87637412771923,8.20474191186211,-3.22129169090496
-2.12869671691216,-4.06288807144977,8.13710046984937,-3.37479949549732
-2.22781506052972,-4.258748818197,8.07433123229203,-3.5358644263729
-2.3318909110129,-4.46439714466915,8.01676637505182,-3.70482488238808
-2.44117099379776,-4.68028827626982,7.96477343223799,-3.88202704881586
-2.5559125442357,-4.90689112688984,7.91875868321102,-4.06782367928104
-2.67638343826759,-5.14468725703461,7.87917082692342,-4.26257256461926
-2.80286225794305,-5.39416949911308,7.84650495770838,-4.46663464841838
-2.93563827727571,-5.65584019179315,7.82130685329083,-4.68037172717357
-3.07501135154959,-5.93020895516578,7.80417758650383,-4.90414366621146
-3.22129169090496,-6.21778993139791,7.79577846295169,-5.13830508027284
-3.37479949549732,-6.5190984044946,7.79683628328013,-5.38320139434791
-3.5358644263729,-6.8346467008706,7.8081489223006,-5.63916420900286
-3.70482488238808,-7.16493926075789,7.8305912062165,-5.90650588223452
-3.88202704881586,-7.51046675495132,7.86512105843984,-6.18551323822255
-4.06782367928104,-7.87169911573853,7.91278586068309,-6.47644031241164
-4.26257256461926,-8.24907732593962,7.97472896756582,-6.779500039988
-4.46663464841838,-8.64300382091196,8.05219627573359,-7.09485479811263
-4.68037172717357,-9.05383130578631,8.14654274204272,-7.42260572003229
-4.90414366621146,-9.48184978935569,8.25923868619546,-7.76278071272677
-5.13830508027284,-9.92727169162344,8.39187566359816,-8.11532113065307
-5.38320139434791,-10.3902147803233,8.54617168228531,-8.48006708816093
-5.63916420900286,-10.8706827594911,8.72397544372632,-8.85674143423337
-5.90650588223452,-11.3685433213875,8.9272692354155,-9.24493246731121
-6.18551323822255,-11.8835034964625,9.15817002208171,-9.64407553696998
-6.47644031241164,-12.4150821838145,9.4189281976265,-10.0534337646687
-6.779500039988,-12.9625797934507,9.71192336839645,-10.4720782196773
-7.09485479811263,-13.5250450134075,10.0396564386133,-10.8988680073862
-7.42260572003229,-14.101238825588,10.4047371669214,-11.3324308489737
-7.76278071272677,-14.6895960396477,10.8098662637161,-11.7711449383876
-8.11532113065307,-15.2881848002375,11.2578110090746,-12.2131229201178
-8.48006708816093,-15.8946647547255,11.7513733002206,-12.6561990877168
-8.85674143423337,-16.5062448504421,12.293348998147,-13.0979210025715
-9.24493246731121,-17.1196420645118,12.8864774512516,-13.5355468343596
-9.64407553696998,-17.7310427539688,13.5333801489457,-13.9660498335309
-10.0534337646687,-18.3360687426792,14.2364876221133,-14.3861312994269
-10.4720782196773,-18.9297507227008,14.9979539885375,-14.7922433650188
-10.8988680073862,-19.5065120094692,15.8195589692705,-15.1806226999667
-11.3324308489737,-20.0601661330017,16.7025977107225,-15.5473358210971
-11.7711449383876,-20.5839321342739,17.6477597724912,-15.8883364291679
-12.2131229201178,-21.0704716315468,18.6549991415967,-16.1995343124068
-12.6561990877168,-21.5119517952295,19.7233987646605,-16.4768749364653
-13.0979210025715,-21.9001381146522,20.8510341225388,-16.7164277570418
-13.5355468343596,-22.2265201353584,22.0348418492496,-16.9144807755477
-13.9660498335309,-22.482472353966,23.2705008206577,-17.0676377983595
-14.3861312994269,-22.6594508090388,24.5523343354146,-17.1729145371247
-14.7922433650188,-22.7492238269237,25.8732430872283,-17.2278290237562
-15.1806226999667,-22.744132641204,27.2246790858698,-17.230481876887
-15.5473358210971,-22.637374589766,28.5966701904748,-17.1796220929225
-15.8883364291679,-22.4232986489298,29.9779041951639,-17.0746946130941
-16.1995343124068,-22.097699359185,31.3558785921414,-16.9158668292536
-16.4768749364653,-21.6580932531144,32.7171194469185,-16.7040323338351
-16.7164277570418,-21.1039594160098,34.0474677278116,-16.4407915342209
-16.9144807755477,-20.4369258472859,35.3324271376396,-16.1284101078348
-17.0676377983595,-19.6608840582043,36.5575610366621,-15.7697575422817
-17.1729145371247,-18.7820173824045,37.7089217464392,-15.3682290714718
-17.2278290237562,-17.8087332266786,38.7734901677521,-14.9276550959677
-17.230481876887,-16.7514956037492,39.7396012743664,-14.4522026117047
-17.1796220929225,-15.6225615280965,40.5973298533946,-13.9462732549671
-17.0746946130941,-14.4356323474792,41.3388122052762,-13.4144023299832
-16.9158668292536,-13.2054379065591,41.9584833835904,-12.8611626765391
-16.7040323338351,-11.9472768934954,42.4532153398706,-12.291076535569
-16.4407915342209,-10.6765401028385,42.8223486414443,-11.7085377648464
-16.1284101078348,-9.4082442297556,43.0676184094925,-11.1177459254379
-15.7697575422817,-8.15660213455362,43.1929828523522,-10.522652971373
-15.3682290714718,-6.9346515666309,43.2043693996779,-9.92692257486633
-14.9276550959677,-5.75395867220868,43.1093583143211,-9.33390154994517
-14.4522026117047,-4.62440597426828,42.9168263793991,-8.7466024193541
-13.9462732549671,-3.55406770582709,42.6365737492319,-8.1676958499278
-13.4144023299832,-2.54916912685221,42.278955522052,-7.59951154252249
-12.8611626765391,-1.61412132345646,41.8545364686428,-7.044046100758
-12.291076535569,-0.751619316682586,41.3737831880904,-6.50297642024483
-11.7085377648464,0.0372107913226711,40.8468033403125,-5.97767724263002
-11.1177459254379,0.752630525896384,40.28313705014,-5.4692416515358
-10.522652971373,1.39608786025417,39.6916014954812,-4.97850344543207
-9.92692257486633,1.97000886462151,39.0801863548756,-4.506060480646
-9.33390154994517,2.47759272192713,38.4559953250625,-4.05229825939337
-8.7466024193541,2.92261835446,37.8252273457871,-3.61741316582057
-8.1676958499278,3.30926833292859,37.193190355527,-3.20143491011748
-7.59951154252249,3.64197368374274,36.5643403078975,-2.80424786336394
-7.044046100758,3.92528128610754,35.9423385233418,-2.42561105852839
-6.50297642024483,4.16374399377544,35.3301211629568,-2.06517671512076
-5.97767724263002,4.36183251000464,34.7299755159902,-1.72250722359728
-5.4692416515358,4.52386727927112,34.1436187647716,-1.39709057876261
-4.97850344543207,4.65396817884691,33.5722758559246,-1.08835428122745
-4.506060480646,4.75601959112983,33.0167539654338,-0.795677762308452
-4.05229825939337,4.83364838843772,32.4775118683385,-0.518403407994101
-3.61741316582057,4.89021249071052,31.9547231121889,-0.255846271616848
-3.20143491011748,4.9287978319946,31.4483324652603,-0.00730256374565828
-2.80424786336394,4.95222182697612,30.9581055095515,0.227942965585709
-2.42561105852839,4.96304169268174,30.4836715146841,0.450610674394574
-2.06517671512076,4.96356623519351,30.0245599485773,0.66142059520146
-1.72250722359728,4.95586996496836,29.5802311246143,0.861087835214863
-1.39709057876261,4.94180863300358,29.1501015556537,1.05031871694677
-1.08835428122745,4.92303546906148,28.7335645990914,1.2298075877139
-0.795677762308452,4.90101757558729,28.3300069907587,1.4002342100547
-0.518403407994101,4.87705207077035,27.9388218371625,1.56226167706597
-0.255846271616848,4.85228169282029,27.5594185985666,1.71653478108553
-0.00730256374565828,4.82770966345246,27.1912305423494,1.86367877792412
0.227942965585709,4.80421368938437,26.8337201095123,2.00429850269849
0.450610674394574,4.78255902561706,26.4863825639859,2.13897778315743
0.66142059520146,4.76341057348206,26.1487482659939,2.26827910848024
0.861087835214863,4.74734401576593,25.8203838509646,2.39274352008882
1.05031871694677,4.73485601381031,25.5008925591145,2.51289068925902
1.2298075877139,4.72637349946744,25.1899139157352,2.62921914900566
1.4002342100547,4.72226211522603,24.8871229369071,2.74220665448932
1.56226167706597,4.72283385171637,24.5922289941657,2.85231064762092
1.71653478108553,4.72835393535686,24.3049744568051,2.95996880584532
1.86367877792412,4.73904702742995,24.0251332012131,3.06559965427752
2.00429850269849,4.7551027820699,23.752509057623,3.16960322394158
2.13897778315743,4.77668081511319,23.4869342544199,3.27236174119407
2.26827910848024,4.80391513591246,23.2282679017335,3.37424033458059
2.39274352008882,4.83691808269965,22.9763945461376,3.47558774677406
2.51289068925902,4.8757838036822,22.7312228203146,3.57673704047455
2.62921914900566,4.92059132156201,22.4926842049707,3.67800628821812
2.74220665448932,4.97140721642739,22.2607319124517,3.77969923696029
2.85231064762092,5.02828795732367,22.0353398980969,3.8821059390723
2.95996880584532,5.09128190866883,21.8165020011858,3.98550334207481
3.06559965427752,5.16043103739689,21.6042312150298,4.09015582992627
3.16960322394158,5.23577234192452,21.3985590834523,4.19631570916494
3.27236174119407,5.31733902196733,21.1995352188276,4.30422363352358
3.37424033458059,5.40516140552606,21.0072269358275,4.41410896092717
3.47558774677406,5.49926764702627,20.821718994044,4.5261900369621
3.57673704047455,5.59968420840052,20.643113441881,4.64067439906132
3.67800628821812,5.70643613283209,20.4715295534886,4.75775889575244
3.77969923696029,5.81954711892663,20.3071038499823,4.87762971539054
3.8821059390723,5.93903940125441,20.1499901956651,5.00046231884745
3.98550334207481,6.06493344147011,20.0003599594722,5.12642127065941
4.09015582992627,6.19724743261296,19.8584022312575,5.25565996311235
4.19631570916494,6.33599661770319,19.7243240818488,5.38832022770708
4.30422363352358,6.48119242242743,19.5983508549943,5.52453182768296
4.41410896092717,6.63284140038427,19.4807264783856,5.6644118286332
4.5261900369621,6.79094398838438,19.3717137797443,5.80806384414056
4.64067439906132,6.95549306837673,19.2715947926391,5.95557714841398
4.75775889575244,7.12647233187783,19.1806710351345,6.10702565173474
4.87762971539054,7.30385444233278,19.0992637425749,6.26246673426464
5.00046231884745,7.48759899061315,19.0277140337831,6.42193994967147
5.12642127065941,7.67765023887116,18.9663829876502,6.58546558866477
5.25565996311235,7.87393464814667,18.9156516044365,6.75304309133792
5.38832022770708,8.07635818676554,18.8759206232852,6.92464932525924
5.52453182768296,8.28480342125469,18.8476101662482,7.10023676276569
5.6644118286332,8.49912638278067,18.8311591716901,7.27973150096414
5.80806384414056,8.71915322083002,18.8270245814513,7.46303117615254
5.95557714841398,8.94467664094639,18.8356802386609,7.65000283430937
6.10702565173474,9.17545214021298,18.8576154498689,7.84048066807321
6.26246673426464,9.4111940711539,18.8933331752418,8.0342637310778
6.42193994967147,9.65157153985521,18.943347783343,8.23111368073658
6.58546558866477,9.89620416601879,19.0081823165638,8.43075247654761
6.75304309133792,10.1446577472304,19.0883652097296,8.63286018502778
6.92464932525924,10.3964399034264,19.1844264400969,8.83707292442403
7.10023676276569,10.6509957316829,19.2968930156085,9.04298094817796
7.27973150096414,10.9077035158833,19.4262837025426,9.25012698554924
7.46303117615254,11.1658706655206,19.5731030882293,9.45800491630966
7.65000283430937,11.4247299207051,19.7378348097537,9.66605882427713
7.84048066807321,11.6834359189997,19.9209338500767,9.87368252969829
8.0342637310778,11.9410623342922,20.1228181387577,10.080219685775
8.23111368073658,12.1965996901126,20.343859185038,10.2849645284189
8.43075247654761,12.4489540043289,20.5843717922348,10.4871633678969
8.63286018502778,12.6969464576353,20.8446031022546,10.6860169007364
8.83707292442403,12.9393143016651,21.1247207812205,10.8806834214484
9.04298094817796,13.1747131826571,21.4248005050845,11.0702829990588
9.25012698554924,13.401721046683,21.744813015481,11.2539026683874
9.45800491630966,13.6188439003269,22.084610779633,11.430602666475
9.66605882427713,13.8245235755747,22.4439145058236,11.5994237205454
9.87368252969829,14.0171476742057,22.8222998145298,11.7593953657325
10.080219685775,14.1950618102121,23.219184389647,11.909545239008
10.2849645284189,14.3565842857862,23.633815942117,12.0489092611365
10.4871633678969,14.5000232241567,24.0652614264641,12.1765425821652
10.6860169007364,14.6236961336462,24.5123979450298,12.2915311292688
10.8806834214484,14.7259518029918,24.9739058186368,12.3930035608799
11.0702829990588,14.8051943281217,25.4482643132175,12.4801433981158
11.2539026683874,14.8599089726565,25.9337505055556,12.5522010784147
11.430602666475,14.8886894559061,26.4284417470783,12.6085056558372
11.5994237205454,14.8902661518438,26.9302221359911,12.6484758612685
11.7593953657325,14.8635345756633,27.4367933334665,12.6716302341416
11.909545239008,14.8075834371891,27.9456899583286,12.6775960472134
12.0489092611365,14.7217214595039,28.4542996675017,12.6661167694426
12.1765425821652,14.6055021038078,28.9598878788957,12.6370578381789
12.2915311292688,14.4587453146991,29.4596269237557,12.590410559641
12.3930035608799,14.2815554094786,29.950629234867,12.5262940079684
12.4801433981158,14.074334285981,30.4299839891483,12.4449548478775
12.5522010784147,13.8377892173709,30.8947964459984,12.3467650639632
12.6085056558372,13.5729346398867,31.3422290592283,12.2322176516742
12.6484758612685,13.2810875160129,31.769543307057,12.1019203795892
12.6716302341416,12.9638560691311,32.1741410860932,11.956587779116
12.6775960472134,12.62312192193,32.5536044664046,11.7970315830679
12.6661167694426,12.2610159060755,32.9057326269097,11.6241498673902
12.6370578381789,11.8798880781446,33.2285748192544,11.4389151646333
12.590410559641,11.482272703932,33.5204583477269,11.2423618496368
12.5262940079684,11.0708491647416,33.7800107220595,11.0355731083905
12.4449548478775,10.6483999058135,34.0061753479037,10.8196677746193
12.3467650639632,10.2177666438397,34.1982203603927,10.5957873083541
12.2322176516742,9.78180615887803,34.355740456243,10.3650831879169
12.1019203795892,9.34334691168202,34.4786518586642,10.1287049290383
11.956587779116,8.90514768047851,34.5671807926044,9.88778892092088
11.7970315830679,8.46985933968648,34.6218460682372,9.6434482267351
11.6241498673902,8.0399906944106,34.64343655438,9.39676346838153
11.4389151646333,7.61787907361299,34.6329844629358,9.14877486480834
11.2423618496368,7.20566621015507,34.5917354614969,8.90047546149405
11.0355731083905,6.80527970669823,34.5211166687478,8.65280555735443
10.8196677746193,6.41842013934397,34.4227035566033,8.40664830651714
10.5957873083541,6.0465536713626,34.2981867403249,8.16282644821534
10.3650831879169,5.69090988847198,34.1493395657087,7.92210009835179
10.1287049290383,5.35248440337809,33.9779872406598,7.68516552225633
9.88778892092088,5.03204567523973,33.7859781504843,7.45265479735556
9.6434482267351,4.73014542246233,33.5751578342064,7.22513626851633
9.39676346838153,4.44713196740032,33.3473459707117,7.00311569572041
9.14877486480834,4.18316584411074,33.1043165637234,6.78703799359547
8.90047546149405,3.9382370232106,32.8477813939954,6.57728946528019
8.65280555735443,3.71218314798633,32.5793766984966,6.37420043886052
8.40664830651714,3.50470823335635,32.3006529433056,6.17804822198191
8.16282644821534,3.31540134691356,32.0130674842562,5.98906028720802
7.92210009835179,3.14375486937494,31.7179798559964,5.80741762372591
7.68516552225633,2.98918200320791,31.4166493976948,5.63325818094579
7.45265479735556,2.85103327288709,31.1102349046693,5.4666803711711
7.22513626851633,2.72861183230715,30.7997959922497,5.30774655336201
7.00311569572041,2.62118745101038,30.4862958649387,5.15648647356262
6.78703799359547,2.52800910993871,30.1706051995937,5.01290061893929
6.57728946528019,2.44831618457578,29.8535068748427,4.87696348040318
6.37420043886052,2.38134823286588,29.5357013081789,4.74862667370501
6.17804822198191,2.32635343352558,29.2178121933344,4.62782190318575
5.98906028720802,2.28259572958248,28.9003924451898,4.51446378360958
5.80741762372591,2.24936077985724,28.5839302114904,4.40845249866523
5.63325818094579,2.2259607982291,28.2688548039244,4.30967625863093
5.4666803711711,2.21173840842856,27.9555425004803,4.21801361278715
5.30774655336201,2.20606958111523,27.6443220904293,4.13333557920237
5.15648647356262,2.20836578078949,27.3354801298599,4.0555076034382
5.01290061893929,2.21807541684748,27.0292658609648,3.98439134664185
4.87696348040318,2.23468469525918,26.7258958106186,3.91984631901919
4.74862667370501,2.25771794684855,26.4255580076677,3.86173135822899
4.62782190318575,2.2867375284957,26.1284158252866,3.80990595953799
4.51446378360958,2.32134336412105,25.8346115142055,3.76423146841031
4.40845249866523,2.36117218203105,25.5442693718908,3.7245721383772
4.30967625863093,2.40589653209361,25.2574985843285,3.69079606848015
4.21801361278715,2.4552236064011,24.974395800237,3.66277602575095
4.13333557920237,2.50889392426092,24.6950474127843,3.64039016085607
4.0555076034382,2.56667991883826,24.4195315946371,3.62352262507615
3.98439134664185,2.62838445840901,24.1479201097084,3.61206409418992
3.91984631901919,2.69383932539783,23.8802799268445,3.60591220783726
3.86173135822899,2.76290367987657,23.6166746549064,3.60497193201109
3.80990595953799,2.83546252888169,23.3571658207045,3.60915584972664
3.76423146841031,2.91142521245052,23.1018140146989,3.61838438583318
3.7245721383772,2.99072392335398,22.8506799205012,3.63258597212035
3.69079606848015,3.07331226512552,22.6038252480972,3.65169715484776
3.66277602575095,3.15916385654163,22.3613135862432,3.67566265071781
3.64039016085607,3.24827098805936,22.1232111880495,3.7044353551564
3.62352262507615,3.34064333201718,21.8895877036646,3.7379763053293
3.61206409418992,3.43630670696814,21.660516873101,3.77625460216078
3.60591220783726,3.53530189661692,21.4360771884136,3.81924728996781
3.60497193201109,3.63768351903495,21.2163525359162,3.86693919571957
3.60915584972664,3.74351894427963,21.0014328263975,3.91932273016281
3.61838438583318,3.85288725639884,20.7914146205161,3.97639765239623
3.63258597212035,3.96587825385789,20.5864017559145,4.03817079579914
3.65169715484776,4.08259148301682,20.3865059825275,4.10465575038899
3.67566265071781,4.20313529827859,20.1918476096852,4.17587250383148
3.7044353551564,4.32762593935531,20.0025561703841,4.25184704472558
3.7379763053293,4.45618661841418,19.8187711056715,4.33261091497909
3.77625460216078,4.58894660897015,19.6406424701961,4.41820070799942
3.81924728996781,4.72604032593937,19.4683316634432,4.50865752060022
3.86693919571957,4.86760638976739,19.3020121853625,4.60402634691274
3.91932273016281,5.01378665729457,19.1418704205535,4.70435539532522
3.97639765239623,5.16472521215235,18.9881064466455,4.80969535177355
4.03817079579914,5.32056730240194,18.840934866934,4.92009856439937
4.10465575038899,5.48145821789355,18.7005856639213,5.03561812249776
4.17587250383148,5.64754207673914,18.5673050780328,5.15630689777732
4.25184704472558,5.81896052270656,18.4413564953039,5.28221640790739
4.33261091497909,5.99585132386002,18.3230213412416,5.41339567020881
4.41820070799942,6.17834682997839,18.2125999840832,5.54988984544569
4.50865752060022,6.36657229185266,18.110412626267,5.69173883295322
4.60402634691274,6.56064405295226,18.0168001660306,5.8389756957982
4.70435539532522,6.76066751002543,17.9321250435933,5.99162494156528
4.80969535177355,6.9667349371065,17.856772025449,6.14970070536662
4.92009856439937,7.17892308680506,17.791148911803,6.31320469724182
5.03561812249776,7.39729050932575,17.7356871774192,6.48212407688733
5.15630689777732,7.62187477366933,17.6908424592066,6.6564291080215
5.28221640790739,7.85268919543576,17.657094922374,6.83607065339981
5.41339567020881,8.08971959965682,17.6349494328482,7.02097755409829
5.54988984544569,8.33292046685572,17.6249354858323,7.21105377986659
5.69173883295322,8.58221109657924,17.6276069154455,7.40617547055672
5.8389756957982,8.83747123094009,17.6435412097432,7.60618786297211
5.99162494156528,9.09853652466015,17.6733385272269,7.81090203248899
6.14970070536662,9.36519370962379,17.7176202283764,8.020091599504
6.31320469724182,9.63717536881822,17.7770268863628,8.23348938622383
6.48212407688733,9.91415465193346,17.852215802419,8.45078398565832
6.6564291080215,10.1957395827544,17.9438577452096,8.67161645861782
6.83607065339981,10.4814672981585,18.0526330448113,8.89557707692042
7.02097755409829,10.7707982040946,18.1792268654395,9.12220223348348
7.21105377986659,11.0631099807813,18.3243234533723,9.35097163150224
7.40617547055672,11.3576917759963,18.4885995420753,9.58130582029342
7.60618786297211,11.6537385662923,18.672716627425,9.81256417253982
7.81090203248899,11.9503457806418,18.877311978369,10.0440434339652
8.020091599504,12.2465045150694,19.1029886502381,10.2749769715606
8.23348938622383,12.5410974251298,19.3503041051711,10.5045348429326
8.45078398565832,12.8328954961005,19.6197574704475,10.7318248122802
8.67161645861782,13.1205560332389,19.9117758156344,10.9558944485085
8.89557707692042,13.4026220882428,20.2266988804132,11.1757344260503
9.12220223348348,13.6775235914346,20.5647628296396,11.3902831380183
9.35097163150224,13.9435805287574,20.9260830256719,11.5984327124302
9.58130582029342,14.1990084862298,21.3106359549697,11.7990364962082
9.81256417253982,14.4419268698277,21.7182405971684,11.9909180383953
10.0440434339652,14.6703700208899,22.1485396963562,12.1728815636792
10.2749769715606,14.8823015900026,22.6009812212067,12.343723880437
10.5045348429326,15.0756323211909,23.0748005884253,12.5022476152832
10.7318248122802,15.2482414020125,23.5690041940601,12.6472756102116
10.9558944485085,15.3980014204546,24.0823549227216,12.7776662612306
11.1757344260503,15.52280686374,24.6133603316997,12.8923295212269
11.3902831380183,15.6206059570699,25.1602642523681,12.9902432382709
11.5984327124302,15.6894354838983,25.7210425655394,13.0704694535425
11.7990364962082,15.7274580595627,26.2934038883121,13.1321702582163
11.9909180383953,15.7330011522797,26.8747958532521,13.1746227771701
12.1728815636792,15.704596967787,27.4624175618606,13.1972328519478
12.343723880437,15.6410221467622,28.0532386502138,13.1995470081506
12.5022476152832,15.5413360796488,28.644025215256,13.1812623286193
12.6472756102116,15.4049165345428,29.2313726186648,13.1422339037363
12.7776662612306,15.2314912326836,29.8117449186813,13.0824795939871
12.8923295212269,15.0211640047837,30.3815203886671,13.0021819273052
12.9902432382709,14.7744342283626,30.9370422798982,12.9016870475747
13.0704694535425,14.4922083853278,31.4746736792239,12.7815007123306
13.1321702582163,14.1758027973523,31.9908550754738,12.642281459704
13.1746227771701,13.8269368773687,32.4821629828406,12.4848311276424
13.1972328519478,13.4477165834669,32.945367836829,12.3100830068521
13.1995470081506,13.0406081490778,33.3774892943794,12.1190879881625
13.1812623286193,12.6084025653906,33.7758470921222,11.9129990730403
13.1422339037363,12.1541716813664,34.1381057336991,11.693054712324
13.0824795939871,11.6812171630968,34.4623114739339,11.460561398488
13.0021819273052,11.1930139280171,34.7469203350543,11.2168759482424
12.9016870475747,10.6931498062123,34.9908163172089,10.9633879237512
12.7815007123306,10.1852633773024,35.1933193309725,10.7015025451957
12.642281459704,9.67298206375205,35.3541827917159,10.432624450318
12.4848311276424,9.15986232413987,35.4735812802763,10.1581425922074
12.3100830068521,8.64933379467792,35.5520890468628,9.87941648491818
12.1190879881625,8.14464894723883,35.5906504543219,9.59776396650648
11.9129990730403,7.64883944316639,35.5905437285118,9.31445059593384
11.693054712324,7.16468017458425,35.5533395864204,9.03068072420368
11.460561398488,6.69466148170868,35.4808563357898,8.74759024464864
11.2168759482424,6.24096973219772,35.3751130988087,8.46624097980003
10.9633879237512,5.80547614784766,35.2382827268481,8.18761663043962
10.7015025451957,5.38973339811351,35.0726457754469,7.91262018119824
10.432624450318,4.99497929272786,34.8805467920516,7.64207263736243
10.1581425922074,4.62214672080045,34.6643539000849,7.37671295473966
9.87941648491818,4.27187884822352,34.4264224111241,7.1171990169516
9.59776396650648,3.9445485402911,34.1690629818102,6.86410951255114
9.31445059593384,3.64028096398238,33.8945146066494,6.61794656709433
9.03068072420368,3.3589783787698,33.6049224979918,6.37913899167731
8.74759024464864,3.100346181598,33.3023207582257,6.14804601421563
8.46624097980003,2.86391938372178,32.9886195924906,5.9249613789735
8.18761663043962,2.64908881098922,32.6655967074824,5.71011769754016
7.91262018119824,2.4551264407252,32.3348924625492,5.50369096380884
7.64207263736243,2.28120941617553,31.9980082947196,5.30580514794082
7.37671295473966,2.12644239489249,31.6563079224047,5.11653678928428
7.1171990169516,1.98987799600485,31.3110208359619,4.93591953287847
6.86410951255114,1.87053520730544,30.9632476045579,4.76394856265791
6.61794656709433,1.76741569510906,30.6139665633679,4.60058488321908
6.37913899167731,1.67951802654372,30.2640414884862,4.44575943009762
6.14804601421563,1.60584986045924,29.9142299078966,4.29937697555452
5.9249613789735,1.54543822400336,29.5651917635329,4.1613198145872
5.71011769754016,1.49733798583331,29.2174981567037,4.03145121557369
5.50369096380884,1.46063869694762,28.8716399951584,3.90961864886173
5.30580514794082,1.43446994806872,28.528036386479,3.79565677015851
5.11653678928428,1.41800539980343,28.187042637349,3.68939016935437
4.93591953287847,1.4104656565581,27.8489577874385,3.59063588978388
4.76394856265791,1.41112013560192,27.514031623899,3.49920572468434
4.60058488321908,1.41928807635637,27.1824711358236,3.41490829765512
4.44575943009762,1.43433882482502,26.8544464138643,3.33755093890255
4.29937697555452,1.45569151245035,26.5300959831272,3.26694136739775
4.1613198145872,1.48281424478378,26.2095315849037,3.20288919043917
4.03145121557369,1.51522289949529,25.8928424394501,3.14520723244865
3.90961864886173,1.55247961120546,25.5800990328709,3.09371270491427
3.79565677015851,1.59419102637153,25.2713564414251,3.04822822931449
3.68939016935437,1.64000639102874,24.966657243949,3.00858272463796
3.59063588978388,1.68961552556251,24.6660340607474,2.97461217077418
3.49920572468434,1.7427467322576,24.3695117575726,2.94616025862296
3.41490829765512,1.79916467640931,24.0771093503874,2.92307893726695
3.33755093890255,1.85866827132177,23.788841648492,2.90522886812687
3.26694136739775,1.92108859354716,23.5047206691507,2.89247979519467
3.20288919043917,1.98628684898788,23.2247568550286,2.88471083971983
3.14520723244865,2.05415240590778,22.9489601231846,2.88181072770404
3.09371270491427,2.12460090700348,22.6773407717506,2.88367795739816
3.04822822931449,2.19757246934627,22.4099102678811,2.89022091348325
3.00858272463796,2.27302997815654,22.1466819381209,2.90135793401078
2.97461217077418,2.35095747796154,21.887671580034,2.91701733552924
2.94616025862296,2.43135866264945,21.6328980118166,2.93713740122475
2.92307893726695,2.51425546423927,21.3823835746547,2.96166633631033
2.90522886812687,2.59968673880252,21.1361546007569,2.99056219471742
2.89247979519467,2.68770704630475,20.894241858711,3.0237927793378
2.88471083971983,2.77838552126114,20.6566809859384,3.06133551837922
2.88181072770404,2.87180482898757,20.4235129171747,3.10317732017752
2.88367795739816,2.96806020217232,20.1947843167054,3.14931440744525
2.89022091348325,3.0672585518227,19.9705480211577,3.19975213206809
2.90135793401078,3.1695176460669,19.7508634988788,3.25450477205708
2.91701733552924,3.27496534983911,19.5357973312563,3.31359530626883
2.93713740122475,3.38373891802952,19.3254237207843,3.37705516852242
2.96166633631033,3.49598433433569,19.1198250301336,3.44492397962913
2.99056219471742,3.61185568754513,18.9190923557828,3.51724925870996
3.0237927793378,3.73151457641816,18.7233261405419,3.59408610300195
3.06133551837922,3.85512953529355,18.5326368270233,3.67549683574896
3.10317732017752,3.98287546979982,18.3471455556332,3.76155062596495
3.14931440744525,4.11493309286444,18.1669849099556,3.85232306721902
3.19975213206809,4.2514883505416,17.9922997114343,3.94789570193272
3.25450477205708,4.39273182625946,17.8232478639848,4.0483555149632
3.31359530626883,4.5388581140433,17.6600012516713,4.15379434722343
3.37705516852242,4.69006514720753,17.5027466896245,4.26430826240979
3.44492397962913,4.8465534642082,17.3516869333535,4.37999682760068
3.51724925870996,5.00852540300101,17.2070417364651,4.50096231920647
3.59408610300195,5.17618421616402,17.0690489592717,4.62730883207805
3.67549683574896,5.3497330680102,16.9379657426847,4.75914127721347
3.76155062596495,5.52937391393001,16.8140697183736,4.89656428932668
3.85232306721902,5.71530626421147,16.6976602525554,5.03968095758019
3.94789570193272,5.90772572723215,16.5890597720788,5.18859148706618
4.0483555149632,6.10682246843598,16.4886150490521,5.34339161446671
4.15379434722343,6.31277933640912,16.3966985923516,5.50417094676965
4.26430826240979,6.52576993020235,16.3137099541247,5.67101104514017
4.37999682760068,6.74595620149979,16.2400771216994,5.8439833355671
4.50096231920647,6.97348603467489,16.17625779,6.02314683624378
4.62730883207805,7.20849025146852,16.12274066001,6.20854559735348
4.75914127721347,7.45107953764407,16.0800466056641,6.40020595194757
4.89656428932668,7.7013408038424,16.0487297435157,6.5981335199387
5.03968095758019,7.9593332966042,16.0293783619738,6.80230991386784
5.18859148706618,8.22508426230479,16.0226156143867,7.01268922593968
5.34339161446671,8.49858408940492,16.0290999938637,7.22919426345088
5.50417094676965,8.77978118545669,16.0495254689453,7.4517124885651
5.67101104514017,9.06857614371802,16.0846212184684,7.68009175698596
5.8439833355671,9.36481561337193,16.1351509260028,7.91413585238027
6.02314683624378,9.66828563083178,16.2019114878635,8.15359980646706
6.20854559735348,9.97870437809537,16.2857310364132,8.39818509222323
6.40020595194757,10.2957146280726,16.3874662356419,8.64753476492902
6.5981335199387,10.6188756975349,16.507998641634,8.90122858542492
6.80230991386784,10.947654978938,16.6482299988688,9.15877820310409
7.01268922593968,11.2814192866749,16.8090764321679,9.41962258105938
7.22919426345088,11.6194259869996,16.9914612942929,9.6831237327007
7.4517124885651,11.9608140128906,17.1963064726354,9.94856291578025
7.68009175698596,12.3045950944361,17.4245221877132,10.215137479434
7.91413585238027,12.6496453109835,17.6769950235651,10.481958536156
8.15359980646706,12.9946971882226,17.9545739856023,10.7480496626769
8.39818509222323,13.3383327273714,18.2580546486538,11.0123468267361
8.64753476492902,13.6789776849078,18.5881613398978,11.2736997683766
8.90122858542492,14.0148974897642,18.9455270984823,11.5308750446962
9.15877820310409,14.3441952328859,19.3306716335828,11.7825609400257
9.41962258105938,14.6648122306245,19.7439775063964,12.0273744214657
9.6831237327007,14.9745316958285,20.1856644496272,12.263870285334
9.94856291578025,15.2709860443902,20.6557622482652,12.4905525925318
10.215137479434,15.5516683102504,21.1540827482895,12.7058884296934
10.481958536156,15.8139482787369,21.6801913512394,12.9083239589573
10.7480496626769,16.0550937469174,22.2333788057411,13.0963026357045
11.0123468267361,16.2722973025042,22.8126340841555,13.2682853722723
11.2736997683766,16.4627088606579,23.4166193778726,13.4227723425649
11.5308750446962,16.6234740497408,24.0436483049679,13.558326002546
11.7825609400257,16.7517783190841,24.6916685522111,13.6735948143814
12.0273744214657,16.8448963877071,25.3582502406001,13.7673370848817
12.263870285334,16.9002463639981,26.040581318827,13.8384442624003
12.4905525925318,16.9154475500377,26.7354712407465,13.885962996854
12.7058884296934,16.8883806150623,27.4393640582264,13.9091152548251
12.9083239589573,16.8172485003734,28.1483618510274,13.9073157956158
13.0963026357045,16.7006361316154,28.8582591221352,13.880186399683
13.2682853722723,16.5375667537078,29.5645883849424,13.8275663092643
13.4227723425649,16.3275525783736,30.2626767481667,13.749518461375
13.558326002546,16.0706373491374,30.9477127339891,13.6463312580027
13.6735948143814,15.7674285251066,31.6148220218518,13.5185157611571
13.7673370848817,15.4191170129214,32.2591502773695,13.3667983852361
13.8384442624003,15.0274827356863,32.8759507098898,13.1921093075676
13.885962996854,14.5948848158352,33.4606735772287,12.9955669977537
13.9091152548251,14.1242357850129,34.0090545504622,12.7784593609644
13.9073157956158,13.6189599831702,34.5171986442036,12.5422221410104
13.880186399683,13.0829370043408,34.981656571166,12.2884152449711
13.8275663092643,12.5204317464282,35.3994905648148,12.0186977466554
13.749518461375,11.9360134845882,35.7683270000783,11.7348022617832
13.6463312580027,11.334466664931,36.0863939324546,11.4385094287886
13.5185157611571,10.7206967703802,36.3525422027236,11.131623089056
13.3667983852361,10.0996346650052,36.5662495932894,10.815946774342
13.1921093075676,9.47614286205073,36.7276083464323,10.493261910093
12.9955669977537,8.85492703067,36.83729703906,10.1653081474616
12.7784593609644,8.24045555841876,36.8965385646438,9.83376604054764
12.5422221410104,7.63688962076336,36.9070464358766,9.50024223780983
12.2884152449711,7.04802543076329,36.8709620617043,9.16625725657424
12.0186977466554,6.47724982894515,36.7907858112684,8.83323580289151
11.7348022617832,5.92750955158455,36.6693047363994,8.50249955137545
11.4385094287886,5.40129403428835,36.5095196890969,8.1752622431507
11.131623089056,4.90063091632476,36.3145742900083,7.85262690719334
10.815946774342,4.42709310187386,36.0876879001717,7.535584989801
10.493261910093,3.98181579671651,35.8320942268681,7.22501715955799
10.1653081474616,3.5655218069515,35.5509868777251,6.92169554842415
9.83376604054764,3.17855328440342,35.2474725811895,6.62628719249867
9.50024223780983,2.82090808690586,34.9245324889997,6.33935844572601
9.16625725657424,2.49227906094873,34.5849915602623,6.06138015362857
8.83323580289151,2.19209470124025,34.2314957058787,5.79273339083852
8.50249955137545,1.91955984000649,33.8664961622384,5.53371559063847
8.1752622431507,1.67369523948759,33.4922403864608,5.28454691310451
7.85262690719334,1.4533752193163,33.1107686436483,5.04537671582118
7.535584989801,1.25736265743864,32.7239154188298,4.81629001775298
7.22501715955799,1.08434091072945,32.3333147791334,4.59731386311735
6.92169554842415,0.932942389447677,31.9404088437537,4.38842350945571
6.62628719249867,0.801773677635638,31.546458581318,4.18954838152526
6.33935844572601,0.689437216989227,31.1525562337774,4.00057774701466
6.06138015362857,0.594549668323343,30.7596387530774,3.82136608010349
5.79273339083852,0.515757138698565,30.3685017278713,3.65173809225239
5.53371559063847,0.45174751969119,29.979813374878,3.49149341793514
5.28454691310451,0.401260205270613,29.5941282634284,3.34041094899901
5.04537671582118,0.363093467330565,29.2119004953419,3.19825281955989
4.81629001775298,0.336109781382701,28.8334961589721,3.06476804909085
4.59731386311735,0.31923937905998,28.4592049262543,2.93969585130575
4.38842350945571,0.31148229069942,28.0892507127925,2.82276862264236
4.18954838152526,0.311909122620992,27.723801365235,2.7137146253681
4.00057774701466,0.319660790460673,27.3629773736133,2.61226038392134
3.82136608010349,0.333947407733007,27.0068596286057,2.51813280952941
3.65173809225239,0.354046505158369,26.655496266424,2.43106107219318
3.49149341793514,0.379300733296373,26.3089086566855,2.35077823869497
3.34041094899901,0.409115180881007,25.9670965951108,2.27702269565261
3.19825281955989,0.442954420736797,25.6300427703825,2.20953937443358
3.06476804909085,0.480339376264224,25.2977165763595,2.14808079480463
2.93969585130575,0.520844087977896,24.970077337645,2.09240794500956
2.82276862264236,0.564092443946293,24.6470770166881,2.04229101392681
2.7137146253681,0.60975492704157,24.3286624657809,1.99750999034505
2.61226038392134,0.657545418301298,24.0147772849496,1.95785514357974
2.51813280952941,0.707218090773278,23.7053633394814,1.92312739807763
2.43106107219318,0.758564418004746,23.4003619874588,1.89313861489453
2.35077823869497,0.811410316268446,23.099715061914,1.86771179155297
2.27702269565261,0.865613431933777,22.8033656481202,1.8466811907451
2.20953937443358,0.921060583881589,22.5112586909027,1.82989240760129
2.14808079480463,0.97766536564612,22.2233414630631,1.81720238443237
2.09240794500956,1.03536590947109,21.9395639217013,1.80847938107365
2.04229101392681,1.09412281169996,21.6598789757246,1.80360290815358
1.99750999034505,1.15391721706884,21.3842426844466,1.80246363007556
1.95785514357974,1.21474905822452,21.1126144041979,1.80496324359228
1.92312739807763,1.2766354463438,20.8449568973058,1.81101433739523
1.89313861489453,1.33960920633929,20.5812364156038,1.82054023748306
1.86771179155297,1.40371755074581,20.3214227685997,1.83347484252359
1.8466811907451,1.46902088541994,20.0654893848231,1.84976245291043
1.82989240760129,1.53559174004799,19.8134133734479,1.86935759672308
1.81720238443237,1.60351381630813,19.5651755921175,1.89222485534287
1.80847938107365,1.67288114646969,19.320760725924,1.91833869104618
1.80360290815358,1.74379735527155,19.0801573817181,1.94768327848842
1.80246363007556,1.81637501787077,18.8433582012835,1.98025234160376
1.80496324359228,1.89073510694114,18.6103599964396,2.01604899706848
1.81101433739523,1.96700652202086,18.3811639087588,2.05508560510557
1.82054023748306,2.04532569441882,18.1557755963282,2.09738362840452
1.83347484252359,2.12583626114656,17.9342054498138,2.142973499511
1.84976245291043,2.20868880149668,17.7164688399928,2.19189449521636
1.86935759672308,2.29404063003728,17.5025863988874,2.24419461816287
1.89222485534287,2.38205563991345,17.2925843366684,2.29993048525267
1.91833869104618,2.47290419044461,17.0864947965592,2.35916722328698
1.94768327848842,2.56676303306482,16.8843562500895,2.42197836528791
1.98025234160376,2.66381526967764,16.6862139351908,2.48844575022097
2.01604899706848,2.76425033747821,16.492120339827,2.55865942274942
2.05508560510557,2.86826401424486,16.3021357341912,2.63271752802975
2.09738362840452,2.97605843766184,16.1163287541219,2.71072620516034
2.142973499511,3.08784213176365,15.9347770394458,2.79279945836118
2.19189449521636,3.20383003530947,15.7575679301008,2.87905903332596
2.24419461816287,3.32424352455211,15.5847992237823,2.969634254212
2.29993048525267,3.44931042223434,15.4165800032091,3.06466184567015
2.35916722328698,3.57926498098619,15.2530315286916,3.16428572848925
2.42197836528791,3.71434784134666,15.09428820368,3.26865676362961
2.48844575022097,3.85480594947114,14.9404986268205,3.37793245848439
2.55865942274942,4.00089241617478,14.7918267241383,3.49227662136768
2.63271752802975,4.15286632311684,14.6484529541101,3.61185894075179
2.71072620516034,4.31099244905597,14.5105756355744,3.73685448884694
2.79279945836118,4.47554089932273,14.3784123430205,3.86744314699878
2.87905903332596,4.64678664827147,14.2522014054374,4.00380891615649
2.969634254212,4.82500892974541,14.1322035375709,4.14613910492344
3.06466184567015,5.01049051259326,14.0187035282104,4.29462339674072
3.16428572848925,5.20351679130109,13.9120120778148,4.44945275457169
3.26865676362961,5.40437468941032,13.8124677281553,4.61081813525918
3.37793245848439,5.61335135611526,13.7204388881434,4.77890903686372
3.49227662136768,5.83073260670354,13.6363259762142,4.95391180466783
3.61185894075179,6.05680107735424,13.5605636620036,5.13600767841548
3.73685448884694,6.29183407858247,13.4936231811756,5.32537060638896
3.86744314699878,6.53610109317294,13.4360147268325,5.5221647164766
4.00380891615649,6.78986084976308,13.3882899168078,5.72654146809848
4.14613910492344,7.05335798094398,13.3510442714609,5.93863645910381
4.29462339674072,7.32681919328893,13.3249196933898,6.15856582950773
4.44945275457169,7.61044885045317,13.3106069320564,6.38642223522804
4.61081813525918,7.90442397855883,13.3088479509942,6.62227039665669
4.77890903686372,8.20888866437392,13.3204381381474,6.86614217929121
4.95391180466783,8.52394762237545,13.3462283340806,7.1180311815747
5.13600767841548,8.84965908540821,13.3871265387435,7.37788682362065
5.32537060638896,9.18602687662233,13.4440992171716,7.64560795994559
5.5221647164766,9.53299150012033,13.5181720938306,7.92103600047339
5.72654146809848,9.89042040317104,13.6104302780674,8.20394759137242
5.93863645910381,10.2580972817193,13.7220175702153,8.49404687901127
6.15856582950773,10.6357103761845,13.8541347558253,8.79095744818035
6.38642223522804,11.0228397934722,14.0080366676562,9.09421403781893
6.62227039665669,11.4189439524883,14.1850278138677,9.40325415744834
6.86614217929121,11.8233451369488,14.3864562801677,9.71740978190739
7.1180311815747,12.2352142746405,14.6137056283752,10.0358992989344
7.37788682362065,12.6535551145802,14.8681844716295,10.3578200140248
7.64560795994559,13.0771880779795,15.1513134671173,10.6821414735049
7.92103600047339,13.5047340043513,15.4645093312535,11.0076999488183
8.20394759137242,13.9345982349909,15.8091656152767,11.3331944596423
8.49404687901127,14.3649554630294,16.1866298766993,11.6571847484798
8.79095744818035,14.7937359861045,16.5981770158107,11.9780916436522
9.09421403781893,15.2186140443664,17.0449786352199,12.2942002537442
9.40325415744834,15.6369990500456,17.5280682478017,12.6036664273312
9.71740978190739,16.0460306423992,18.0483023808177,12.9045268796235
10.0358992989344,16.4425786347205,18.6063175877306,13.1947133246423
10.3578200140248,16.8232488770346,19.2024841618669,13.4720708575708
10.6821414735049,17.1843963293326,19.8368567512316,13.7343807067978
11.0076999488183,17.5221464360972,20.5091230069298,13.9793873207373
11.3331944596423,17.8324259857195,21.2185514103501,14.2048295779359
11.6571847484798,18.1110044065122,21.963939917424,14.4084756490329
11.9780916436522,18.3535462969415,22.7435673095378,14.5881608696911
12.2942002537442,18.5556756536674,23.5551495032667,14.7418277698528
12.6036664273312,18.7130518012366,24.3958033838783,14.8675671241052
12.9045268796235,18.8214564853768,25.2620209347213,14.9636587654924
13.1947133246423,18.8768909290349,26.1496565359217,15.0286108176131
13.4720708575708,18.8756809090024,27.0539302491694,15.0611958405386
13.7343807067978,18.8145871471839,27.9694496582741,15.0604824921177
13.9793873207373,18.6909174839531,28.8902523945714,15.0258613879952
14.2048295779359,18.5026366256438,29.8098708020785,14.9570639970387
14.4084756490329,18.2484685849108,30.7214191441963,14.8541737211623
14.5881608696911,17.9279867345246,31.6177027419384,14.717628595213
14.7418277698528,17.5416861766981,32.4913472196956,14.5482154277641
14.8675671241052,17.0910334321407,33.3349444502701,14.3470555644283
14.9636587654924,16.5784892208428,34.1412106232182,14.1155828450449
15.0286108176131,16.0075009944137,34.9031508631946,13.8555146311189
15.0611958405386,15.3824633939859,35.614223558839,13.568817058109
15.0604824921177,14.708646451091,36.2684973724758,13.2576658779531
15.0258613879952,13.9920930185621,36.8607938457982,12.9244043429773
14.9570639970387,13.2394889888277,37.3868087282335,12.5714996140897
14.8541737211623,12.4580111914343,37.8432064906446,12.2014991420899
14.717628595213,11.6551594825427,38.2276835598051,11.8169883234316
14.5482154277641,10.8385803189456,38.5389977539085,11.4205505517788
14.3470555644283,10.0158894842528,38.7769632098804,11.0147306146138
14.1155828450449,9.19450166947855,38.9424120322659,10.6020020993804
13.8555146311189,8.38147375905458,39.0371257204348,10.1847392774377
13.568817058109,7.5833676867886,39.0637408555492,9.76519371541862
13.2576658779531,6.806137325636,39.0256346885502,9.34547562912934
12.9244043429773,6.05504217991563,38.9267968875487,8.92753988272795
12.5714996140897,5.33458905287897,38.7716938476768,8.51317634380799
12.2014991420899,4.64850132948931,38.5651317544548,8.10400424967249
11.8169883234316,3.99971410016862,38.3121239480414,7.70147014670438
11.4205505517788,3.3903923246355,38.0177671967084,7.30684893085061
11.0147306146138,2.82196849254592,37.6871305224403,6.92124752593542
10.6020020993804,2.29519575662401,37.3251590275727,6.54561066723242
10.1847392774377,1.81021248522843,36.9365941036624,6.18072845619481
9.76519371541862,1.36661419968887,36.5259104789298,5.82724512570476
9.34547562912934,0.963529330730746,36.0972696202698,5.48566874683432
8.92753988272795,0.599695549804333,35.6544884771739,5.1563815082964
8.51317634380799,0.273534149142881,35.201021974097,4.83965028961929
8.10400424967249,-0.0167796611054331,34.7399574434494,4.53563729397909
7.70147014670438,-0.273251938059084,34.2740190148847,4.24441054678922
7.30684893085061,-0.498011689313541,33.8055799613163,3.96595410603869
6.92124752593542,-0.693259521027077,33.3366811783393,3.70017786572258
6.54561066723242,-0.861223572466426,32.8690538523588,3.44692686469464
6.18072845619481,-1.004122193952,32.4041451555535,3.20599003976439
5.82724512570476,-1.12413353822179,31.9431452724978,2.97710838495299
5.48566874683432,-1.22337113763438,31.4870149252105,2.75998249515099
5.1563815082964,-1.30386504590398,31.0365124788062,2.55427949064277
4.83965028961929,-1.36754786647511,30.5922199762149,2.35963932815876
4.53563729397909,-1.41624500917093,30.1545676441569,2.17568051436237
4.24441054678922,-1.451668541854,29.7238565595382,2.00200524442553
3.96595410603869,-1.47541404155793,29.3002792952169,1.83820399322681
3.70017786572258,-1.48895990045331,28.8839384680136,1.68385959005212
3.44692686469464,-1.49366859947683,28.4748631927847,1.53855080974532
3.20599003976439,-1.49078952208825,28.0730235068398,1.40185551430635
2.97710838495299,-1.48146294007641,27.6783428732939,1.27335337965378
2.75998249515099,-1.46672485731777,27.2907088973682,1.15262824093298
2.55427949064277,-1.44751245099752,26.9099824117111,1.03927008837596
2.35963932815876,-1.42466989437026,26.5360050906112,0.932876746075284
2.17568051436237,-1.39895438627986,26.1686057553922,0.833055263688565
2.00200524442553,-1.37104224794264,25.8076055287646,0.739423051253182
1.83820399322681,-1.34153497757856,25.4528219878372,0.651608780593698
1.68385959005212,-1.31096517883528,25.1040724551219,0.569253078633339
1.53855080974532,-1.27980230008279,24.7611765550878,0.492009040380118
1.40185551430635,-1.24845813907128,24.4239581514095,0.419542576041558
1.27335337965378,-1.21729208239387,24.0922467676522,0.351532617124047
1.15262824093298,-1.18661605881263,23.7658785815342,0.287671197236488
1.03927008837596,-1.1566991960325,23.4446970715911,0.227663424396714
0.932876746075284,-1.12777217678263,23.1285533844219,0.171227359376713
0.833055263688565,-1.10003129513668,22.8173064808064,0.118093814897807
0.739423051253182,-1.07364222126452,22.5108231101824,0.0680060857541103
0.651608780593698,-1.04874348136847,22.2089776543828,0.0207196225630473
0.569253078633339,-1.02544966297471,21.9116518753193,-0.0239983419166787
0.492009040380118,-1.00385436140605,21.6187345953303,-0.0663692051073314
0.419542576041558,-0.984032878419714,21.330121332296,-0.106603437681399
0.351532617124047,-0.966044687453515,21.0457139089638,-0.144901050818131
0.287671197236488,-0.949935681713101,20.7654200503815,-0.18145208136348
0.227663424396714,-0.935740217017829,20.4891529813688,-0.216437089873492
0.171227359376713,-0.923482965626666,20.2168310322779,-0.250027667121943
0.118093814897807,-0.913180594152094,19.9483772599113,-0.282386944599752
0.0680060857541103,-0.904843278656867,19.6837190878941,-0.313670106338936
0.0207196225630473,-0.898476070673395,19.4227879698435,-0.344024899254535
-0.0239983419166787,-0.894080125945416,19.1655190772622,-0.373592138422385
-0.0663692051073314,-0.891653807768642,18.911851013204,-0.402506207622143
-0.106603437681399,-0.89119367619838,18.6617255520617,-0.430895551069945
-0.144901050818131,-0.892695373414693,18.4150874052783,-0.458883156838702
-0.18145208136348,-0.896154415356642,18.1718840124138,-0.48658703104082
-0.216437089873492,-0.901566898729448,17.9320653567086,-0.514120660189563
-0.250027667121943,-0.908930132035726,17.6955838041114,-0.541593463997948
-0.282386944599752,-0.918243199049677,17.462393964692,-0.569111236812451
-0.313670106338936,-0.929507461703737,17.2324525752642,-0.596776577420257
-0.344024899254535,-0.942727009723433,17.0057184020565,-0.624689307909007
-0.373592138422385,-0.957909063739147,16.7821521624642,-0.652946882283921
-0.402506207622143,-0.975064337018059,16.5617164647246,-0.681644784249651
-0.430895551069945,-0.994207362273532,16.3443757647895,-0.710876914934329
-0.458883156838702,-1.0153567882787,16.1300963395144,-0.740735971179993
-0.48658703104082,-1.03853565019994,15.9188462755345,-0.771313814959818
-0.514120660189563,-1.06377161972105,15.7105954734142,-0.802701834517349
-0.541593463997948,-1.09109723699336,15.5053156666037,-0.834991298029531
-0.569111236812451,-1.12055012880546,15.3029804550444,-0.86827370031835
-0.596776577420257,-1.15217321660108,15.1035653533936,-0.902641103404241
-0.624689307909007,-1.18601491691175,14.9070478539464,-0.938186471639163
-0.652946882283921,-1.22212933655129,14.7134075045055,-0.975004002138012
-0.681644784249651,-1.26057646555666,14.5226260016339,-1.01318945121519
-0.710876914934329,-1.30142236988861,14.3346872998666,-1.05284045750948
-0.740735971179993,-1.34473938582322,14.149577737645,-1.09405686244766
-0.771313814959818,-1.39060631779699,13.9672861809175,-1.1369410286538
-0.802701834517349,-1.43910864112549,13.7878041854571,-1.18159815685553
-0.834991298029531,-1.49033871100922,13.6111261792547,-1.22813660177306
-0.86827370031835,-1.54439597897966,13.4372496664494,-1.27666818739554
-0.902641103404241,-1.60138721768596,13.2661754544994,-1.32730852195533
-0.938186471639163,-1.66142675476636,13.0979079065186,-1.38017731279998
-0.975004002138012,-1.72463671634396,12.9324552209334,-1.43539868123098
-1.01318945121519,-1.79114728048083,12.7698297408633,-1.49310147722914
-1.05284045750948,-1.86109694070327,12.6100482958958,-1.55341959380979
-1.09405686244766,-1.93463277947604,12.4531325792124,-1.61649228054895
-1.1369410286538,-2.01191075124654,12.299109563324,-1.68246445555999
-1.18159815685553,-2.09309597439491,12.1480119580073,-1.7514870149696
-1.22813660177306,-2.17836303111145,11.999878714379,-1.82371713869486
-1.27666818739554,-2.2678962738646,11.8547555794205,-1.89931859075934
-1.32730852195533,-2.36189013672005,11.712695705671,-1.97846201215753
-1.38017731279998,-2.46054944931136,11.5737603212235,-2.06132520372024
-1.43539868123098,-2.56408975073526,11.438019465623,-2.14809339589278
-1.49310147722914,-2.67273760004313,11.305552797731,-2.23895950170603
-1.55341959380979,-2.7867308793045,11.1764504821331,-2.33412434849096
-1.61649228054895,-2.90631908442171,11.0508141611835,-2.43379688305502
-1.68246445555999,-3.03176359794412,10.9287580202416,-2.53819434408104
-1.7514870149696,-3.1633379371246,10.8104099544046,-2.64754239434641
-1.82371713869486,-3.30132796920243,10.6959128455563,-2.76207520417752
-1.89931859075934,-3.44603208447344,10.585425958696,-2.88203547655935
-1.97846201215753,-3.597761316215,10.4791264676409,-3.00767440203825
-2.06132520372024,-3.75683939462953,10.3772111203479,-3.13925153013699
-2.14809339589278,-3.92360271989744,10.2798980546079,-3.27703454194054
-2.23895950170603,-4.0984002370493,10.1874287752145,-3.4212989061451
-2.33412434849096,-4.28159319264686,10.100070303935,-3.57232739831818
-2.43379688305502,-4.47355475017577,10.0181175136786,-3.73040945994864
-2.53819434408104,-4.67466943754101,9.94189565810481,-3.89584037224183
-2.64754239434641,-4.88533239642702,9.8717631066394,-4.06892021724426
-2.76207520417752,-5.10594839825953,9.80811429610741,-4.24995259012877
-2.88203547655935,-5.33693058698502,9.75138290705943,-4.43924302364057
-3.00767440203825,-5.57869890395042,9.7020452702813,-4.63709708391101
-3.13925153013699,-5.83167814293957,9.66062400904424,-4.84381811037728
-3.27703454194054,-6.09629557731364,9.62769191728227,-5.05970452122379
-3.4212989061451,-6.37297809328069,9.60387607003453,-5.28504664176111
-3.57232739831818,-6.66214875639873,9.5898621549162,-5.52012301023659
-3.73040945994864,-6.96422273267529,9.58639900442491,-5.7651960849654
-3.89584037224183,-7.27960246718281,9.59430330883879,-6.020507295635
-4.06892021724426,-7.60867203424923,9.61446445935807,-6.28627136455087
-4.24995259012877,-7.95179053442508,9.64784948248572,-6.56266983935897
-4.43924302364057,-8.30928441617272,9.69550798916327,-6.84984377287728
-4.63709708391101,-8.68143862869288,9.75857703085843,-7.14788549244818
-4.84381811037728,-9.06848646730763,9.83828575975426,-7.45682940171582
-5.05970452122379,-9.47059792553733,9.93595975877585,-7.77664178872343
-5.28504664176111,-9.88786645636756,10.0530248320809,-8.10720961970103
-5.52012301023659,-10.3202940402478,10.1910100422811,-8.44832833023079
-5.7651960849654,-10.7677743651695,10.3515497355837,-8.79968866074115
-6.020507295635,-11.2300740564185,10.5363842271918,-9.16086262739424
-6.28627136455087,-11.7068118383654,10.7473587699026,-9.53128877485909
-6.56266983935897,-12.1974356077016,10.9864203638647,-9.9102569241344
-6.84984377287728,-12.7011974239335,11.2556119053123,-10.2968927054266
-7.14788549244818,-13.2171265003408,11.5570631060052,-10.6901422632711
-7.45682940171582,-13.7440003485819,11.8929775310063,-11.0887576017006
-7.77664178872343,-14.2803144047448,12.2656150660249,-11.4912831837792
-8.10720961970103,-14.8242505672806,12.6772690610452,-11.896044445923
-8.44832833023079,-15.3736452767308,13.1302373687179,-12.3011390534965
-8.79968866074115,-15.9259579811064,13.6267864954487,-12.704431790186
-9.16086262739424,-16.4782410757118,14.169108118911,-13.1035540328145
-9.53128877485909,-17.0271126828433,14.7592673154059,-13.4959088260171
-9.9102569241344,-17.5687339356768,15.3991419975242,-13.8786825287001
-10.2968927054266,-18.0987927463215,16.0903532854444,-14.2488639286541
-10.6901422632711,-18.6124963444524,16.8341869215372,-14.6032716051175
-11.0887576017006,-19.1045751060508,17.6315062385989,-14.9385900234072
-11.4912831837792,-19.5693004830793,18.4826578356483,-15.2514145024304
-11.896044445923,-20.0005198566838,19.3873716526917,-15.5383049077088
-12.3011390534965,-20.3917111497659,20.3446581560185,-15.7958472084145
-12.704431790186,-20.7360597624412,21.3527061174955,-16.0207217209433
-13.1035540328145,-21.0265598423304,22.4087854351399,-16.2097761330648
-13.4959088260171,-21.25614116644,23.5091603695811,-16.3601009775428
-13.8786825287001,-21.4178216823132,24.6490193745522,-16.469104732667
-14.2488639286541,-21.5048843348475,25.8224282448513,-16.5345854382315
-14.6032716051175,-21.5110750127706,27.0223136587377,-16.5547955711534
-14.9385900234072,-21.4308162831479,28.2404838494532,-16.5284970458118
-15.2514145024304,-21.2594296001322,29.4676922132931,-16.455003470896
-15.5383049077088,-20.9933566474594,30.6937485147117,-16.3342073945323
-15.7958472084145,-20.6303683788049,31.9076795879156,-16.1665909584957
-16.0207217209433,-20.1697496088883,33.0979391332984,-15.9532192684436
-16.2097761330648,-19.6124460805408,34.2526623693034,-15.6957167142645
-16.3601009775428,-18.9611619506751,35.3599579993115,-15.3962273868215
-16.469104732667,-18.2203970579985,36.4082261712448,-15.0573615563239
-16.5345854382315,-17.3964164381218,37.3864881674084,-14.6821308353437
-16.5547955711534,-16.4971483361595,38.2847111419979,-14.2738751014355
-16.5284970458118,-15.5320115712719,39.0941104348453,-13.8361844717695
-16.455003470896,-14.5116782047085,39.8074120430838,-13.3728196121863
-16.3342073945323,-13.4477819942489,40.4190601208393,-12.8876334461845
-16.1665909584957,-12.3525873273058,40.9253574576022,-12.3844969466246
-15.9532192684436,-11.2386361580191,41.3245314438287,-11.8672311947362
-15.6957167142645,-10.1183918831519,41.6167231534284,-11.3395473308087
-15.3962273868215,-9.00389886681632,41.8039024299776,-10.8049954488843
-15.0573615563239,-7.90647454177351,41.8897167160914,-10.2669229460088
-14.6821308353437,-6.8364479122175,41.8792853322748,-9.72844235718407
-14.2738751014355,-5.80295426395743,41.7789536539376,-9.19240831399449
-13.8361844717695,-4.81379141219458,41.5960229659864,-8.66140294847056
-13.3728196121863,-3.87533838489792,41.3384717214955,-8.13772887488595
-12.8876334461845,-2.99253345646773,41.0146826535894,-7.62340872827435
-12.3844969466246,-2.16890522888612,40.6331879740839,-7.12019020525563
-11.8672311947362,-1.4066481851994,40.2024420825871,-6.62955555105739
-11.3395473308087,-0.706732860394091,39.7306281558785,-6.15273449136767
-10.8049954488843,-0.0690404213526226,39.2255020009478,-5.69071969382448
-10.2669229460088,0.507488126833988,38.6942738783558,-5.24428394558043
-9.72844235718407,1.02469687968337,38.1435267967683,-4.81399834405261
-9.19240831399449,1.48506151604713,37.5791681273685,-4.40025091777791
-8.66140294847056,1.89154311518333,37.0064102734781,-4.0032651986841
-8.13772887488595,2.24745360254428,36.4297755683233,-3.62311837454992
-7.62340872827435,2.55633552015892,35.8531203904192,-3.25975873300398
-7.12019020525563,2.82185763466398,35.2796736819315,-2.91302219588237
-6.62955555105739,3.04772677778738,34.7120854590406,-2.58264779928883
-6.15273449136767,3.23761550065,34.1524814725795,-2.26829203594586
-5.69071969382448,3.39510454358331,33.6025208032616,-1.96954202181528
-5.24428394558043,3.52363874116213,33.063453810411,-1.68592748125345
-4.81399834405261,3.62649476852989,32.5361784572391,-1.41693156954113
-4.40025091777791,3.70675905401197,32.0212935899532,-1.16200057415695
-4.0032651986841,3.76731421710443,31.519148207154,-0.920552549683117
-3.62311837454992,3.81083248303981,31.0298861594878,-0.691984949412187
-3.25975873300398,3.83977466845643,30.5534860086346,-0.475681322726036
-2.91302219588237,3.85639349527383,30.0897960332056,-0.271017149590085
-2.58264779928883,3.86274016012579,29.6385645267008,-0.0773648841314116
-2.26829203594586,3.86067325481925,29.1994656633307,0.105901724826009
-1.96954202181528,3.8518692936314,28.7721212859324,0.279403963057777
-1.68592748125345,3.83783424514593,28.3561190074008,0.443755071840354
-1.41693156954113,3.81991558835795,27.9510270312397,0.599557695368933
-1.16200057415695,3.79931452342418,27.5564060986293,0.747401800205416
-0.920552549683117,3.77709805699654,27.1718189510994,0.887863013868204
-0.691984949412187,3.75421075600847,26.7968376712055,1.02150133265121
-0.475681322726036,3.7314860257909,26.4310492336087,1.14886015810331
-0.271017149590085,3.70965681376696,26.0740595648652,1.27046561816112
-0.0773648841314116,3.68936568314512,25.725496376799,1.38682613678017
0.105901724826009,3.67117421950738,25.3850110038092,1.49843222366513
0.279403963057777,3.6555717696269,25.0522794463982,1.60575644537309
0.443755071840354,3.64298351367372,24.7270027896027,1.70925355827665
0.599557695368933,3.63377789280364,24.4089071427964,1.80936077772224
0.747401800205416,3.62827341640069,24.0977432216979,1.90649815812861
0.887863013868204,3.62674488277005,23.7932856729671,2.00106906626635
1.02150133265121,3.62942904438832,23.4953322253569,2.0934607331413
1.14886015810331,3.63652975642438,23.2037027323245,2.18404486550021
1.27046561816112,3.6482226400658,22.9182381624195,2.27317830348721
1.38682613678017,3.66465930073732,22.6387995783991,2.3612037125913
1.49843222366513,3.68597112826986,22.3652671382281,2.44845029855764
1.60575644537309,3.71227271659604,22.0975391451146,2.53523453613336
1.70925355827665,3.74366493029177,21.8355311634071,2.62186090185981
1.80936077772224,3.78023764470265,21.5791752150155,2.70862260286112
1.90649815812861,3.82207218765177,21.3284190665693,2.79580229466767
2.00106906626635,3.86924350674689,21.0832256128656,2.88367278147431
2.0934607331413,3.9218220813527,20.8435723599242,2.97249769277635
2.18404486550021,3.97987560067466,20.6094510100237,3.06253213076141
2.27317830348721,4.04347042541689,20.3808671487224,3.15402328317357
2.3612037125913,4.11267284892731,20.1578400327719,3.24721099660775
2.44845029855764,4.18755017148504,19.9404024773229,3.34232830534148
2.53523453613336,4.2681715992089,19.7286008399909,3.43960191087689
2.62186090185981,4.35460897876275,19.5224950994191,3.53925260734491
2.70862260286112,4.44693737623271,19.3221590255164,3.64149564782773
2.79580229466767,4.54523550713919,19.1276804384294,3.74654104648578
2.88367278147431,4.64958602287295,18.939161553299,3.85459381113453
2.97249769277635,4.76007565722677,18.7567194077888,3.96585410061579
3.06253213076141,4.87679523507987,18.5804863693086,4.0805173009398
3.15402328317357,4.99983954368281,18.4106107187406,4.19877401374622
3.24721099660775,5.12930706537843,18.2472573072856,4.32080995012236
3.34232830534148,5.26529956897566,18.0906082827641,4.44680572221143
3.43960191087689,5.40792155537483,17.9408638812857,4.5769365239515
3.53925260734491,5.55727955141355,17.7982432796389,4.71137169431718
3.64149564782773,5.7134812442788,17.6629855029949,4.85027415347129
3.74654104648578,5.87663444721089,17.5353503815667,4.99379970150887
3.85459381113453,6.04684588561972,17.4156195486586,5.14209616890238
3.96585410061579,6.22421979115994,17.3040974710782,5.29530240708675
4.0805173009398,6.40885628976397,17.2011125011135,5.45354711257175
4.19877401374622,6.60084956811525,17.107017937177,5.6169474795695
4.32080995012236,6.80028580150282,17.0221930777319,5.78560765122769
4.44680572221143,7.00724082632972,16.947044249794,5.95961696466283
4.5769365239515,7.22177753771025,16.8820057911906,6.1390480128433
4.71137169431718,7.44394299142635,16.8275409598774,6.3239544671621
4.85027415347129,7.67376519393648,16.7841427404952,6.51436866080378
4.99379970150887,7.91124955618095,16.7523345143393,6.71029898756135
5.14209616890238,8.15637499012419,16.7326705507577,6.91172702898267
5.29530240708675,8.4090896466599,16.7257362755458,7.11860445432433
5.45354711257175,8.66930626302753,16.732148261213,7.33084972941119
5.6169474795695,8.93689712265601,16.7525538796561,7.54834459254867
5.78560765122769,9.21168858057855,16.7876305411764,7.77093032771033
5.95961696466283,9.49345522992871,16.838084465282,7.99840390616054
6.1390480128433,9.78191368458147,16.9046488877295,8.23051400323103
6.3239544671621,10.0767159074459,16.9880815700522,8.46695689835087
6.51436866080378,10.3774422840043,17.0891615991765,8.70737239513013
6.71029898756135,10.6835943987762,17.2086853161525,8.95133982470409
6.91172702898267,10.994587504586,17.3474612088029,9.19837412066246
7.11860445432433,11.3097429233126,17.5063037631056,9.44792220501698
7.33084972941119,11.6282804252627,17.6860261121867,9.69935973915864
7.54834459254867,11.9493106641782,17.8874312838124,9.95198835545244
7.77093032771033,12.2718279201452,18.1113020245684,10.2050335518458
7.99840390616054,12.594703358938,18.3583891490149,10.4576434016825
8.23051400323103,12.9166789926298,18.6293981942711,10.7088882513677
8.46695689835087,13.236362639148,18.9249743162397,10.9577615718543
8.70737239513013,13.5522242208562,19.2456856925059,11.2031821481225
8.95133982470409,13.8625937708247,19.5920050770226,11.4439977742613
9.19837412066246,14.1656614600294,19.9642897237288,11.6789906085566
9.44792220501698,14.4594801016812,20.3627600370826,11.9068843194569
9.69935973915864,14.7419705882509,20.7874768854776,12.1263531194533
9.95198835545244,15.0109306797809,21.2383179680566,12.3360327395785
10.2050335518458,15.2640474929259,21.714953819663,12.5345333425087
10.4576434016825,15.4989141674516,22.2168238085017,12.7204543081355
10.7088882513677,15.7130509936075,22.7431128598697,12.8924007542731
10.9577615718543,15.903931236339,23.2927296323521,13.0490015722373
11.2031821481225,16.0690117716401,23.8642870308619,13.1889286890812
11.4439977742613,16.205768495012,24.4560860045286,13.3109171753962
11.6789906085566,16.3117362768551,25.0661036460485,13.4137857517032
11.9068843194569,16.3845530218992,25.6919866401047,13.496457186779
12.1263531194533,16.4220071494866,26.3310510922618,13.5579780379241
12.3360327395785,16.4220875567556,26.9802896989001,13.5975371547794
12.5345333425087,16.3830348700305,27.6363870856483,13.6144823771538
12.7204543081355,16.3033925473498,28.295743942007,13.6083348695714
12.8924007542731,16.18205618742,28.9545103152389,13.5788005979013
13.0490015722373,16.0183192257272,29.6086280820428,13.5257785423604
13.1889286890812,15.811913136985,30.253882263744,13.4493653225537
13.3109171753962,15.5630402359094,30.885960393753,13.3498560468998
13.4137857517032,15.2723972878427,31.5005187217821,13.2277413202157
13.496457186779,14.9411883582017,32.0932536201789,13.0837004848829
13.5579780379241,14.571125651699,32.6599761847439,12.9185913027904
13.5975371547794,14.1644175244733,33.1966876959047,12.7334363918754
13.6144823771538,13.7237433392432,33.6996534456759,12.52940687178
13.6083348695714,13.2522154313875,34.1654722993189,12.307803693583
13.5788005979013,12.7533290574169,34.5911394391639,12.0700372664245
13.5257785423604,12.2309016984974,34.9741000140177,11.8176059252258
13.4493653225537,11.6890036311811,35.3122917046194,11.552073887625
13.3498560468998,11.1318821972232,35.6041746434184,11.2750492281181
13.2277413202157,10.5638822631232,35.8487478103404,10.9881624264226
13.0837004848829,9.98936576395029,36.0455515164149,10.6930459501119
12.9185913027904,9.41263302669357,36.1946562564111,10.3913152409255
12.7334363918754,8.83784846165333,36.2966388199007,10.0845514507279
12.52940687178,8.26897298849661,36.3525470172877,9.77428612084024
12.307803693583,7.70970498159637,36.3638548360798,9.4619879560417
12.0700372664245,7.16343126449516,36.3324101339251,9.14905177156758
11.8176059252258,6.63318892225273,36.2603770888064,8.83678959758246
11.552073887625,6.12163839328594,36.1501757569694,8.52642388360737
11.2750492281181,5.63104764272442,36.0044208576156,8.21908269665795
10.9881624264226,5.16328688176054,35.8258618615998,7.91579676818962
10.6930459501119,4.71983291820493,35.617326067068,7.61749821641622
10.3913152409255,4.30178192333508,35.3816660699396,7.32502075675866
10.0845514507279,3.90986927441637,35.1217127252027,7.03910120478405
9.77428612084024,3.54449502213089,34.8402342528953,6.76038207517748
9.4619879560417,3.20575352212791,34.539901887013,6.48941508551761
9.14905177156758,2.89346583743731,34.2232621537361,6.22666538364807
8.83678959758246,2.6072136530985,33.8927155789552,5.9725163312113
8.52642388360737,2.34637355777622,33.5505014593037,5.72727469305488
8.21908269665795,2.11015074984558,33.1986881679602,5.49117608734481
7.91579676818962,1.89761138557332,32.8391683698345,5.2643905882847
7.61749821641622,1.70771298145849,32.4736584608039,5.04702837311641
7.32502075675866,1.53933244193624,32.1037015339476,4.83914532793425
7.03910120478405,1.39129143591731,31.7306731892743,4.64074854230262
6.76038207517748,1.26237897758871,31.3557895416365,4.45180163463254
6.48941508551761,1.15137117674342,30.9801168367941,4.27222986456206
6.22666538364807,1.05704821240079,30.6045821519207,4.10192499456509
5.9725163312113,0.978208651327584,30.2299847294122,3.94074988153441
5.72727469305488,0.913681281603823,29.8570075679185,3.78854278025209
5.49117608734481,0.862334651840364,29.4862289450032,3.64512135083698
5.2643905882847,0.823084554417203,29.1181336451328,3.51028636625096
5.04702837311641,0.794899667408308,28.7531236946987,3.38382512229903
4.83914532793425,0.776805586822821,28.3915284752692,3.26551455594771
4.64074854230262,0.767887466865505,28.0336141258855,3.15512408079998
4.45180163463254,0.767291473733905,27.6795921811844,3.05241815093065
4.27222986456206,0.774225243262414,27.3296274257597,2.95715856606837
4.10192499456509,0.787957516663171,26.9838449615427,2.8691065322118
3.94074988153441,0.807817110131846,26.6423365168241,2.78802449252419
3.78854278025209,0.833191354453646,26.3051660301178,2.71367774410035
3.64512135083698,0.863524124851677,25.9723745532311,2.64583585589035
3.51028636625096,0.898313565044634,25.6439845237501,2.58427390320566
3.38382512229903,0.93710959401452,25.3200034620535,2.52877353386956
3.26551455594771,0.979511270281541,25.0004271483149,2.47912388062269
3.15512408079998,1.02516407624087,24.6852423343984,2.43512233383098
3.05241815093065,1.0737571742196,24.3744290437692,2.39657518789993
2.95715856606837,1.12502067630177,24.0679625098678,2.36329817409864
2.8691065322118,1.17872296183712,23.7658147999752,2.33511689175777
2.78802449252419,1.23466806938602,23.4679561680106,2.31186714904682
2.71367774410035,1.29269318335515,23.1743561759851,2.29339522377695
2.64583585589035,1.35266623101501,22.8849846196864,2.27955805387783
2.58427390320566,1.41448360085726,22.5998122906203,2.27022336644668
2.52877353386956,1.4780679896976,22.3188116025734,2.26526975366697
2.47912388062269,1.54336638291519,22.0419571077989,2.26458670290403
2.43512233383098,1.61034816973919,21.7692259247103,2.26807458783131
2.39657518789993,1.67900339346574,21.5005980961392,2.27564462667196
2.36329817409864,1.74934113484766,21.2360568946678,2.28721881301831
2.33511689175777,1.82138802558546,20.975589089278,2.30272982407527
2.31186714904682,1.89518688780473,20.719185185568,2.32212091059702
2.29339522377695,1.97079549458615,20.4668396500486,2.34534577221433
2.27955805387783,2.04828544600491,20.2185511275345,2.37236842131266
2.27022336644668,2.12774115465558,19.9743226593751,2.40316303818449
2.26526975366697,2.20925893420854,19.7341619091762,2.4377138197886
2.26458670290403,2.29294618445132,19.4980814017909,2.47601482325401
2.26807458783131,2.3789206659352,19.2660987806097,2.51806980569524
2.27564462667196,2.46730985728692,19.0382370875908,2.56389206101553
2.28721881301831,2.55825038814066,18.8145250700095,2.61350425383668
2.30272982407527,2.6518875405792,18.5949975175415,2.66693825111789
2.32212091059702,2.74837481190312,18.3796956330355,2.72423495136115
2.34534577221433,2.84787353148771,18.1686674401485,2.78544410711892
2.37236842131266,2.9505525243987,17.9619682309162,2.85062414135385
2.40316303818449,3.05658781434291,17.7596610561383,2.91984195842769
2.4377138197886,3.16616235812502,17.5618172615871,2.99317274358511
2.47601482325401,3.27946580422174,17.3685170732318,3.07069974610874
2.51806980569524,3.39669426745457,17.1798502338633,3.1525140473501
2.56389206101553,3.5180501112284,16.9959166946028,3.23871430999949
2.61350425383668,3.64374172864839,16.8168273649372,3.329406493234
2.66693825111789,3.77398331297156,16.64270492351,3.42470354273317
2.72423495136115,3.90899460668404,16.4736846925184,3.52472503908549
2.78544410711892,4.04900062341981,16.3099155774042,3.62959680184387
2.85062414135385,4.19423132748129,16.1515610807931,3.73945044063744
2.91984195842769,4.34492125437271,15.9988003901175,3.85442283090423
2.99317274358511,4.50130907105942,15.8518295284923,3.97465554822272
3.07069974610874,4.66363705666689,15.7108625997735,4.10029417302468
3.1525140473501,4.83215046997006,15.57613311097,4.23148754619861
3.23871430999949,5.00709683960786,15.4478953411076,4.36838688454049
3.329406493234,5.18872506369443,15.3264258707989,4.51114476996821
3.42470354273317,5.37728444483734,15.2120250628354,4.65991403989815
3.52472503908549,5.57302342633234,15.1050187925379,4.81484645274714
3.62959680184387,5.77618828763771,15.0057600513841,4.97609125037449
3.73945044063744,5.98702145336359,14.9146308037726,5.14379347681872
3.85442283090423,6.20575968102018,14.8320437671061,5.31809208822055
3.97465554822272,6.43263188781399,14.7584443055916,5.49911786629002
4.10029417302468,6.66785667470358,14.6943123468301,5.68699101666132
4.23148754619861,6.91163955411446,14.640164269684,5.88181852127214
4.36838688454049,7.16416968111559,14.5965548386938,6.08369120472726
4.51114476996821,7.42561626962735,14.5640790414278,6.29268043546067
4.65991403989815,7.69612449136052,14.5433738535654,6.50883451648699
4.81484645274714,7.97581080552221,14.5351199020666,6.73217472565241
4.97609125037449,8.26475790377012,14.540042891265,6.9626909715336
5.14379347681872,8.56300884871,14.5589148197258,7.20033707147642
5.31809208822055,8.87056074950819,14.5925548484639,7.44502567000102
5.49911786629002,9.18735774014604,14.6418297454946,7.69662279849617
5.68699101666132,9.51328315772372,14.7076538048146,7.95494207074702
5.88181852127214,9.84815114555122,14.790988128889,8.2197385767282
6.08369120472726,10.1916974931687,14.892839122407,8.49070252418552
6.29268043546067,10.543569674901,15.0142560260437,8.76745270684944
6.50883451648699,10.9033163071234,15.156327373177,9.04952985368372
6.73217472565241,11.2703759390667,15.3201761416249,9.33639000103998
6.9626909715336,11.6440652482928,15.5069533865095,9.62739805895845
7.20033707147642,12.0235668069504,15.717830146881,9.92182171568626
7.44502567000102,12.4079166017879,15.9539874395452,10.2188258676455
7.69662279849617,12.7959914829563,16.2166040690382,10.5174678580513
7.95494207074702,13.1864967792326,16.5068419914738,10.8166937552136
8.2197385767282,13.5779544827135,16.8258290624194,11.1153359876126
8.49070252418552,13.9686923878123,17.1746390049561,11.4121126212489
8.76745270684944,14.3568346749524,17.5542684336099,11.7056286205082
9.04952985368372,14.7402944658336,17.9656107244088,11.9943794133688
9.33639000103998,15.1167690493897,18.4094268251992,12.2767570710181
9.62739805895845,15.4837384499846,18.8863132416221,12.5510593815725
9.92182171568626,15.8384681614978,19.3966671388161,12.8155020458452
10.2188258676455,16.1780168594714,19.9406490146499,13.0682341517001
10.5174678580513,16.4992498878735,20.5181437225284,13.3073569815067
10.8166937552136,16.7988594096295,21.1287203673322,13.5309461086675
11.1153359876126,17.0733919621678,21.7715922245577,13.7370765809169
11.4121126212489,17.3192840621915,22.4455778418938,13.9238508396348
11.7056286205082,17.5329063117121,23.1490648672572,14.089428878652
11.9943794133688,17.7106162132861,23.8799782841583,14.2320599849374
12.2767570710181,17.848819565832,24.6357549398729,14.3501152661718
12.5510593815725,17.944039903103,25.4133263787013,14.4421200010598
12.8155020458452,17.9929949648827,26.209112028253,14.5067848205349
13.0682341517001,17.992678682327,27.0190247159178,14.5430346671409
13.3073569815067,17.9404465880619,27.8384902816265,14.550034451647
13.5309461086675,17.8341020744347,28.6624827367041,14.5272104287144
13.7370765809169,17.6719803914132,29.4855758746599,14.4742664380111
13.9238508396348,17.4530269090896,30.3020115744153,14.3911942972436
14.089428878652,17.1768659876319,31.1057842825941,14.2782778918186
14.2320599849374,16.8438567088018,31.8907402765351,14.1360907373721
14.3501152661718,16.4551319223853,32.6506894254024,13.9654870531358
14.4421200010598,16.0126175280115,33.3795260989554,13.767586674269
14.5067848205349,15.5190296515574,34.0713552778064,13.5437543423646
14.5430346671409,14.977848206879,34.7206192627182,13.2955741515439
14.550034451647,14.3932665466463,35.322219853309,13.0248200905365
14.5272104287144,13.7701181336816,35.8716308996849,12.7334236965352
14.4742664380111,13.1137822391534,36.3649964900349,12.4234399518216
14.3911942972436,12.4300721578258,36.7992103084016,12.0970124731656
14.2782778918186,11.7251100079225,37.1719729549869,11.756339044137
14.1360907373721,11.005193351364,37.4818248061169,11.4036384193677
13.9654870531358,10.2766588451244,37.7281535226804,11.0411191694649
13.767586674269,9.54574857863781,37.9111764493292,10.67095124517
13.5437543423646,8.81848413539842,38.0318995623644,10.2952406851713
13.2955741515439,8.10055300270928,38.0920556245821,9.91600782719555
13.0248200905365,7.3972110280864,38.0940252106728,9.53516913255274
12.7334236965352,6.71320350372548,38.0407447600321,9.15452267322268
12.4234399518216,6.05270650180139,37.9356062189483,8.77573716733819
12.0970124731656,5.41928879099915,37.7823527621727,8.40034436127249
11.756339044137,4.81589379951557,37.584974823145,8.02973450599039
11.4036384193677,4.24484012299143,37.3476102392573,7.66515460047358
11.0411191694649,3.70783845532516,37.0744515383924,7.30770905882918
10.67095124517,3.20602233759613,36.7696628400149,6.95836244729704
10.2952406851713,2.73998989257394,36.4373078850307,6.61794393643661
9.91600782719555,2.30985362136316,36.0812901805583,6.28715312597887
9.53516913255274,1.91529551705968,35.7053054012786,5.96656694585162
9.15452267322268,1.55562488023531,35.312805791955,5.65664731342873
8.77573716733819,1.2298366627913,34.9069757695812,5.35774932235393
8.40034436127249,0.93666845769832,34.4907176483501,5.07012972918298
8.02973450599039,0.674654643529758,34.0666462174287,4.79395554861711
7.66515460047358,0.442176642899459,33.637090774357,4.52931260185113
7.30770905882918,0.237508526525248,33.2041032149479,4.27621389011884
6.95836244729704,0.0588575554178821,32.7694708360021,4.03460769221599
6.61794393643661,-0.0956005121976813,32.334732600108,3.80438530830825
6.28715312597887,-0.227691299378703,31.9011977416706,3.58538839413001
5.96656694585162,-0.33921662880418,31.469965785561,3.37741584628605
5.65664731342873,-0.431934033776778,31.0419471143699,3.18023021543504
5.35774932235393,-0.507540481864043,30.6178834799676,2.99356363541188
5.07012972918298,-0.567659907762891,30.198367934137,2.81712326781464
4.79395554861711,-0.61383409124786,29.7838637943433,2.65059626900889
4.52931260185113,-0.647516423185696,29.3747223819589,2.49365429170084
4.27621389011884,-0.670068126090819,28.9711993617279,2.34595753946535
4.03460769221599,-0.682756525091655,28.5734695903814,2.20715839772015
3.80438530830825,-0.686755000952811,28.1816404452008,2.07690466177224
3.58538839413001,-0.683144296221798,27.7957636543279,1.95484238721875
3.37741584628605,-0.672914885427165,27.4158456843856,1.84061839212612
3.18023021543504,-0.656970159299326,27.0418567687609,1.73388243368894
2.99356363541188,-0.636130209015049,26.6737386749942,1.63428908523329
2.81712326781464,-0.611136031205219,26.3114113214887,1.54149934257257
2.65059626900889,-0.58265400468235,25.9547783566894,1.45518197822001
2.49365429170084,-0.551280515430767,25.6037318125873,1.37501467281278
2.34595753946535,-0.517546631036045,25.2581559426917,1.30068494102281
2.20715839772015,-0.481922747826599,24.9179303493465,1.2318908756338
2.07690466177224,-0.444823147696347,24.5829324954994,1.16834172860053
1.95484238721875,-0.406610416799594,24.2530396895285,1.10975834677012
1.84061839212612,-0.36759969321487,23.9281306240626,1.05587347977899
1.73388243368894,-0.328062718925585,23.6080865400629,1.0064319756115
1.63428908523329,-0.288231676159743,23.2927920787541,0.961190877933023
1.54149934257257,-0.248302802956068,22.9821358779375,0.919919438654498
1.45518197822001,-0.208439778051684,22.6760109597112,0.882399057446438
1.37501467281278,-0.168776878804534,22.374314951652,0.848423159424639
1.30068494102281,-0.129421911150097,22.0769501761774,0.817797020695495
1.2318908756338,-0.0904589192806005,21.7838236380412,0.790337550326197
1.16834172860053,-0.0519506805095782,21.4948469347723,0.765873038114998
1.10975834677012,-0.0139409940549606,21.2099361106261,0.744242873264496
1.05587347977899,0.0235432269839781,20.9290114710008,0.725297242639268
1.0064319756115,0.0604900505737217,20.6519973710255,0.708896812125936
0.961190877933023,0.096900797575077,20.3788219893122,0.694912398768137
0.919919438654498,0.132788479874549,20.1094170955751,0.683224634613935
0.882399057446438,0.168176394633956,19.8437178188566,0.673723630338486
0.848423159424639,0.203096864290504,19.5816624215196,0.666308638703222
0.817797020695495,0.237590112517102,19.3231920828266,0.660887721912263
0.790337550326197,0.271703266604234,19.0682506948125,0.657377426371435
0.765873038114998,0.305489476293172,18.8167846723654,0.655702466159291
0.744242873264496,0.339007141634861,18.5687427786737,0.655795416512828
0.725297242639268,0.37231923964545,18.3240759666389,0.657596419965031
0.708896812125936,0.405492743898191,18.0827372365688,0.661052906118254
0.694912398768137,0.438598127195726,17.8446815099788,0.666119325992464
0.683224634613935,0.471708943174443,17.6098655192585,0.672756901875599
0.673723630338486,0.504901477407796,17.3782477127646,0.680933393366174
0.666308638703222,0.538254463980372,17.1497881747478,0.690622880088715
0.660887721912263,0.571848861591824,16.9244485596093,0.701805561637766
0.657377426371435,0.605767683117129,16.7021920398663,0.714467574963201
0.655702466159291,0.640095874421774,16.4829832672592,0.728600829378411
0.655795416512828,0.674920238632859,16.2667883465188,0.744202859299894
0.657596419965031,0.71032940110945,16.0535748213369,0.761276694753819
0.661052906118254,0.746413811691937,15.843311672169,0.779830749624387
0.666119325992464,0.783265781051644,15.6359693255952,0.799878727543992
0.672756901875599,0.820979548172301,15.4315196750653,0.821439545399151
0.680933393366174,0.859651376356413,15.2299361129482,0.844537274290813
0.690622880088715,0.899379675414675,15.0311935739291,0.869201097675359
0.701805561637766,0.940265147824976,14.8352685898991,0.895465286497893
0.714467574963201,0.982410957056853,14.6421393566057,0.923369191171152
0.728600829378411,1.02592291643012,14.451785812457,0.952957250259105
0.744202859299894,1.07090969706785,14.2641897299993,0.984279015704562
0.761276694753819,1.11748305368669,14.0793348207184,1.0173891938331
0.779830749624387,1.16575806713049,13.8972068539523,1.05234770213646
0.799878727543992,1.21585340276401,13.7177937908696,1.08921974193415
0.821439545399151,1.26789158378521,13.5410859345834,1.1280758870215
0.844537274290813,1.32199927859955,13.3670760975852,1.16899218498692
0.869201097675359,1.37830760203719,13.1957597881117,1.21205027489943
0.895465286497893,1.43695242945158,13.0271354167543,1.25733751905308
0.923369191171152,1.49807472333987,12.8612045252634,1.30494714783755
0.952957250259105,1.56182087219188,12.6979720397202,1.35497841724391
0.984279015704562,1.62834304077151,12.5374465502782,1.40753677899717
1.0173891938331,1.69779953003102,12.3796406192878,1.46273406275199
1.05234770213646,1.7703551484947,12.2245711212515,1.52068866868372
1.08921974193415,1.84618159311917,12.0722596171154,1.58152576972283
1.1280758870215,1.92545783984678,11.9227327682557,1.64537752215636
1.16899218498692,2.00837053823458,11.7760227895921,1.71238328309774
1.21205027489943,2.0951144156708,11.6321679491428,1.7826898328777
1.25733751905308,2.18589268601229,11.491213118053,1.85645160081208
1.30494714783755,2.28091746098313,11.3532103757165,1.93383089156332
1.35497841724391,2.38041016174148,11.2182196735042,2.01499810914173
1.40753677899717,2.48460192931397,11.0863095649427,2.10013197522749
1.46273406275199,2.59373403006716,10.9575580073886,2.18941973780317
1.52068866868372,2.70805825219891,10.8320532422463,2.28305736540915
1.58152576972283,2.82783728884176,10.709894761105,2.38124972152888
1.64537752215636,2.95334510219387,10.5911943653137,2.48421071254267
1.71238328309774,3.08486726220953,10.476077327336,2.59216340201551
1.7826898328777,3.22270125213656,10.3646836623752,2.70534008284212
1.85645160081208,3.36715673229583,10.2571695215382,2.82398229686142
1.93383089156332,3.51855575109944,10.1537087146326,2.94834079045003
2.01499810914173,3.67723289113767,10.0544943745179,3.07867539269846
2.10013197522749,3.84353533585663,9.95974077404734,3.21525480070337
2.18941973780317,4.0178228399996,9.86968530715658,3.35835625426084
2.28305736540915,4.20046758429687,9.78459064608734,3.508265079232
2.38124972152888,4.39185389179686,9.70474708687049,3.6652740779346
2.48421071254267,4.59237778003421,9.63047509407852,3.82968274062313
2.59216340201551,4.80244631850498,9.56212805921107,4.00179624722978
2.70534008284212,5.02247675757894,9.50009528115137,4.18192422480533
2.82398229686142,5.25289538925099,9.44480517955578,4.3703792232098
2.94834079045003,5.49413609450944,9.39672874998612,4.56747487272515
3.07867539269846,5.74663852603905,9.35638326646833,4.77352368083982
3.21525480070337,6.01084586774014,9.32433623442745,4.98883439180068
3.35835625426084,6.28720210652237,9.30120959034831,5.21370888686412
3.508265079232,6.57614874271271,9.28768414135482,5.44843854714108
3.6652740779346,6.87812085460409,9.28450423267828,5.69330002309878
3.82968274062313,7.19354243215538,9.29248261233379,5.948550331967
4.00179624722978,7.52282087046954,9.3125054666836,6.2144212228085
4.18192422480533,7.86634050618152,9.34553757678382,6.49111273921019
4.3703792232098,8.22445509762573,9.39262751296139,6.77878591047064
4.56747487272515,8.5974791080018,9.45491279430547,7.07755449899789
4.77352368083982,8.98567765940796,9.53362489999556,7.38747575787416
4.98883439180068,9.38925496256412,9.63009399609938,7.70854014804057
5.21370888686412,9.80834118021813,9.74575316928374,8.04065999197531
5.44843854714108,10.2429774858509,9.88214198464523,8.38365706488126
5.69330002309878,10.6930992289941,10.0409090844749,8.73724915845889
5.948550331967,11.1585170421072,10.2238135157817,9.10103569660752
6.2144212228085,11.6388958161216,10.4327244019952,9.47448253768823
6.49111273921019,12.1337314785525,10.6696185213947,9.85690616516749
6.77878591047064,12.6423255573993,10.9365752851963,10.2474575472633
7.07755449899789,13.1637575616696,11.2357685201209,10.6451060457908
7.38747575787416,13.6968553628573,11.5694544096172,11.0486238324504
7.70854014804057,14.2401638213998,11.9399548649688,11.456571441418
8.04065999197531,14.7919120809637,12.3496355443122,11.8672851143056
8.38365706488126,15.3499801298506,12.8008776967581,12.2788667890905
8.73724915845889,15.9118654456237,13.2960429937567,12.6891776557687
9.10103569660752,16.4746507928929,13.8374305335233,13.0958362674596
9.47448253768823,17.0349745314488,14.4272252802083,13.4962222804846
9.85690616516749,17.5890051065579,15.0674373425557,13.8874868643117
10.2474575472633,18.1324217285183,15.7598317133999,14.2665707588932
10.6451060457908,18.6604035792759,16.505848468168,14.6302308429521
11.0486238324504,19.1676301653794,17.3065137664372,14.9750758162259
11.456571441418,19.6482957445936,18.1623427832026,15.2976112085717
11.8672851143056,20.0961408271086,19.0732360715743,15.5942936650758
12.2788667890905,20.5045038034039,20.0383720448334,15.861593724901
12.6891776557687,20.8663955397207,21.0560990160604,16.0960659330014
13.0958362674596,21.1745992408457,22.1238312826104,16.2944244037628
13.4962222804846,21.421797207,23.2379547410446,16.4536214439221
13.8874868643117,21.6007248588129,24.393748437941,16.5709263236371
14.2665707588932,21.7043509721289,25.5853291054912,16.6440009451945
14.6302308429521,21.7260812035333,26.8056261864456,16.6709689529996
14.9750758162259,21.6599797655428,28.04639468556,16.6504749444559
15.2976112085717,21.5010018556191,29.298272261998,16.5817306685019
15.5942936650758,21.2452273956108,30.5508859100319,16.4645457161881
15.861593724901,20.8900841861674,31.7930108534304,16.2993409180228
16.0960659330014,20.4345477093557,33.0127817748143,16.0871435920891
16.2944244037628,19.8793036562198,34.1979526394723,15.8295647738612
16.4536214439221,19.2268601012897,35.3361977080559,15.5287595390083
16.5709263236371,18.4815975834785,36.4154423069655,15.1873724189253
16.6440009451945,17.6497484583919,37.4242086521739,14.8084706311655
16.6709689529996,16.7393008255901,38.3519591751422,14.3954683495396
16.6504749444559,15.7598271612004,39.1894188323617,13.9520454934272
16.5817306685019,14.7222432545847,39.9288576266449,13.482064523341
16.4645457161881,13.6385080007038,40.5643168211283,12.9894885122252
16.2993409180228,12.5212792228108,41.0917654728336,12.4783033631544
16.0871435920891,11.3835439391192,41.5091786640676,11.952446517817
15.8295647738612,10.2382431994624,41.8165342648664,11.4157439040808
15.5287595390083,9.09791156832827,42.0157307269989,10.8718562599162
15.1873724189253,7.97434957652548,42.110433697714,10.3242353911235
14.8084706311655,6.8783442467109,42.1058636177751,9.77609040828636
14.3954683495396,5.81944853916112,42.0085395384491,9.23036355801394
13.9520454934272,4.80582577686002,41.8259959512463,8.68971495041185
13.482064523341,3.84416032042816,41.5664894720692,8.15651523555713
12.9894885122252,2.93963143558348,41.2387109249522,7.63284517236166
12.4783033631544,2.09594378115408,40.8515160371464,7.12050096011101
11.952446517817,1.31540544751776,40.4136849585592,6.62100422169462
11.4157439040808,0.599043053154364,39.9337175372293,6.13561557109991
10.8718562599162,-0.0532570059413593,39.4196680618587,5.66535080652957
10.3242353911235,-0.6425916227656,38.8790202906067,5.21099886953379
9.77609040828636,-1.17087775702246,38.3186012014487,4.77314083485312
9.23036355801394,-1.64069081429005,37.7445301032799,4.3521693200641
8.68971495041185,-2.05511090246084,37.1621985702438,3.94830781320804
8.15651523555713,-2.41758137639363,36.5762760171115,3.5616295377413
7.63284517236166,-2.73178273205975,35.990735572269,3.19207555065577
7.12050096011101,-3.00152324734093,35.4088951203131,2.83947186673045
6.62100422169462,-3.23064691917521,34.8334687992104,2.50354547194587
6.13561557109991,-3.42295810688009,34.2666248734905,2.1839391358719
5.66535080652957,-3.58216184679259,33.7100465752082,1.88022498959279
5.21099886953379,-3.71181832677352,33.1649931870436,1.59191686291725
4.77314083485312,-3.81530980503239,32.6323592947098,1.31848140854923
4.3521693200641,-3.8958181840118,32.1127307234908,1.0593480595838
3.94830781320804,-3.95631149020111,31.606436150121,0.813917876397662
3.5616295377413,-3.99953761044559,31.1135938328463,0.581571355677623
3.19207555065577,-4.02802379783636,30.6341531842269,0.361675269868437
2.83947186673045,-4.04408063117011,30.1679311944425,0.153588616276242
2.50354547194587,-4.04980930478712,29.7146438913649,-0.0433322479704631
2.1839391358719,-4.04711129998168,29.2739331268861,-0.229729215122548
1.88022498959279,-4.03769966342406,28.8453890798829,-0.40623870587084
1.59191686291725,-4.02311126264922,28.4285688925801,-0.573488552308883
1.31848140854923,-4.00471952629513,28.0230118812153,-0.732095419970197
1.0593480595838,-3.98374728962061,27.628251753068,-0.882662713424542
0.813917876397662,-3.96127945877672,27.2438262393533,-1.02577890639838
0.581571355677623,-3.93827528805304,26.8692845300271,-1.16201625233972
0.361675269868437,-3.91558012346596,26.5041928565834,-1.29192982213056
0.153588616276242,-3.89393651819314,26.148138538326,-1.41605683761745
-0.0433322479704631,-3.87399466531916,25.8007327690004,-1.53491625164335
-0.229729215122548,-3.85632212131299,25.4616123832276,-1.64900854948871
-0.40623870587084,-3.84141281276683,25.1304408125276,-1.75881573884248
-0.573488552308883,-3.82969534187667,24.8069084077232,-1.86480149646111
-0.732095419970197,-3.82154061151968,24.49073227819,-1.96741145068652
-0.882662713424542,-3.81726879898414,24.1816557722497,-2.06707357880072
-1.02577890639838,-3.8171557172991,23.8794477032492,-2.16419869528143
-1.16201625233972,-3.82143859508524,23.5839014052736,-2.25918101469042
-1.29192982213056,-3.83032132088546,23.2948336882572,-2.35239877326976
-1.41605683761745,-3.84397918241159,23.012083745167,-2.44421489654099
-1.53491625164335,-3.86256314328461,22.7355120576551,-2.53497769821543
-1.64900854948871,-3.88620369069509,22.4649993304999,-2.62502159931027
-1.75881573884248,-3.91501428519658,22.2004454818463,-2.71466785761911
-1.86480149646111,-3.94909444764898,21.9417687085977,-2.80422529834686
-1.96741145068652,-3.98853251058812,21.688904639345,-2.89399103761714
-2.06707357880072,-4.03340805945584,21.4418055839565,-2.98425119132397
-2.16419869528143,-4.08379408932155,21.200439886728,-3.07528156242175
-2.25918101469042,-4.13975889979875,20.9647913855218,-3.16734830043013
-2.35239877326976,-4.20136774760724,20.7348589781384,-3.2607085270781
-2.44421489654099,-4.26868427355401,20.5106562951964,-3.35561092256041
-2.53497769821543,-4.34177172101317,20.292211478377,-3.4522962670566
-2.62502159931027,-4.42069395941511,20.0795670615889,-3.55099793228178
-2.71466785761911,-4.50551632473957,19.8727799520283,-3.65194231789038
-2.80422529834686,-4.59630628707226,19.6719215078496,-3.7553492275244
-2.89399103761714,-4.6931339535262,19.4770777088891,-3.86143217919067
-2.98425119132397,-4.79607241310565,19.2883494167228,-3.97039864440583
-3.07528156242175,-4.90519792833953,19.1058527201142,-4.08245021044595
-3.16734830043013,-5.020589976908,18.9297193618931,-4.19778265971224
-3.2607085270781,-5.1423311448061,18.7600972430853,-4.31658595981695
-3.35561092256041,-5.2705068708801,18.5971509998414,-4.43904415768556
-3.4522962670566,-5.40520504096753,18.4410626484188,-4.56533517053055
-3.55099793228178,-5.54651542825486,18.2920322930065,-4.69563046604405
-3.65194231789038,-5.69452897486212,18.1502788905833,-4.83009462353098
-3.7553492275244,-5.8493369080706,18.0160410662178,-4.96888476686435
-3.86143217919067,-6.01102968306903,17.8895779712167,-5.11214986053518
-3.97039864440583,-6.17969574275797,17.7711701752691,-5.26002986418128
-4.08245021044595,-6.35542008305578,17.6611205825363,-5.41265473101753
-4.19778265971224,-6.53828261161546,17.5597553592397,-5.57014323898677
-4.31658595981695,-6.72835628615424,17.4674248586919,-5.73260164437705
-4.43904415768556,-6.92570501752467,17.3845045270905,-5.9001221645541
-4.56533517053055,-7.13038132166854,17.3113957705511,-6.07278126779124
-4.69563046604405,-7.34242370353376,17.2485267605589,-6.25063774305829
-4.83009462353098,-7.56185375534031,17.1963531510111,-6.43373058851788
-4.96888476686435,-7.78867295805769,17.1553586761671,-6.62207669659182
-5.11214986053518,-8.02285916146084,17.1260555944586,-6.81566828570207
-5.26002986418128,-8.2643627375275,17.108984935346,-7.014470167439
-5.41265473101753,-8.51310238400537,17.1047165051049,-7.2184168007718
-5.57014323898677,-8.76896056613923,17.1138485948609,-7.42740911823047
-5.73260164437705,-9.03177861740192,17.1370073408045,-7.64131121070485
-5.9001221645541,-9.30135147783631,17.1748456619656,-7.85994686142371
-6.07278126779124,-9.5774220568786,17.2280416967304,-8.08309591024115
-6.25063774305829,-9.85967525935258,17.2972966649916,-8.31049056918966
-6.43373058851788,-10.147731754006,17.3833320994204,-8.54181172903787
-6.62207669659182,-10.4411413981386,17.4868862753456,-8.77668521614901
-6.81566828570207,-10.7393764587112,17.6087097989105,-9.01467822606125
-7.014470167439,-11.0418247471504,17.7495602872481,-9.25529592884807
-7.2184168007718,-11.3477826347448,17.9101959239786,-9.49797833904586
-7.42740911823047,-11.6564481371263,18.0913678452069,-9.74209760941589
-7.64131121070485,-11.9669142605169,18.2938113423497,-9.98695587376629
-7.85994686142371,-12.2781626903173,18.5182356446016,-10.2317837396925
-8.08309591024115,-12.5890580438293,18.7653122033277,-10.4757396092366
-8.31049056918966,-12.8983429853532,19.0356616452404,-10.7179099765271
-8.54181172903787,-13.2046344202623,19.3298391305026,-10.9573108579693
-8.77668521614901,-13.5064210585068,19.6483180262649,-11.1928905107614
-9.01467822606125,-13.8020626955235,19.9914724795181,-11.4235335832516
-9.25529592884807,-14.0897916045475,20.3595583314406,-11.6480668247581
-9.49797833904586,-14.3677163551397,20.7526929325033,-11.8652664583135
-9.74209760941589,-14.6338284301243,21.1708341018573,-12.0738672847741
-9.98695587376629,-14.8860120861145,21.6137584563587,-12.2725735426672
-10.2317837396925,-15.1220577695394,22.0810395325878,-12.4600714990143
-10.4757396092366,-15.3396793897528,22.5720263125584,-12.6350436842618
-10.7179099765271,-15.5365357001387,23.0858227379602,-12.7961846190709
-10.9573108579693,-15.7102559501384,23.6212689231946,-12.942217811533
-11.1928905107614,-15.8584698438732,24.1769248785907,-13.071913732694
-11.4235335832516,-15.9788416784918,24.7510576211443,-13.1841084117461
-11.6480668247581,-16.069108375207,25.3416325808204,-13.277722232824
-11.8652664583135,-16.1271209166765,25.9463102231045,-13.3517784659952
-12.0738672847741,-16.1508884856526,26.5624487731406,-13.4054210304487
-12.2725735426672,-16.138624373855,27.1871138392717,-13.4379309800062
-12.4600714990143,-16.0887925209677,27.8170955967503,-13.4487411952729
-12.6350436842618,-16.0001533327017,28.4489339918489,-13.4374488083865
-12.7961846190709,-15.8718072633247,29.0789521700149,-13.4038249425119
-12.942217811533,-15.7032345333858,29.7032980251922,-13.3478214148693
-13.071913732694,-15.4943293054693,30.3179934183031,-13.2695741450546
-13.1841084117461,-15.2454266750964,30.9189902418005,-13.1694031336205
-13.277722232824,-14.9573209585924,31.5022321332052,-13.0478089685908
-13.3517784659952,-14.6312739790295,32.0637202817363,-12.9054659662152
-13.4054210304487,-14.2690123623269,32.5995814541451,-12.7432121335169
-13.4379309800062,-13.8727132473624,33.1061361580649,-12.5620362720474
-13.4487411952729,-13.4449782863641,33.5799646588543,-12.3630626212708
-13.4374488083865,-12.988796315138,34.0179685730769,-12.1475334869667
-13.4038249425119,-12.5074955643652,34.4174258605371,-11.9167904002862
-13.3478214148693,-12.0046867295652,34.7760372573219,-11.6722542934229
-13.2695741450546,-11.4841987670849,35.0919624394129,-11.4154052689512
-13.1694031336205,-10.9500094878216,35.3638447362184,-11.1477624350841
-13.0478089685908,-10.4061732553999,35.5908236769947,-10.8708642856026
-12.9054659662152,-9.8567483499463,35.7725351316614,-10.586250049287
-12.7432121335169,-9.30572626779354,35.9090994150078,-10.2954423211471
-12.5620362720474,-8.75696530321068,36.0010981932357,-9.999931278712
-12.3630626212708,-8.21413034788923,36.0495414471076,-9.70116067137173
-12.1475334869667,-7.6806404828591,36.0558261344881,-9.40051570114017
-11.9167904002862,-7.15962562629882,36.0216884134199,-9.0993128647387
-11.6722542934229,-6.6538928692933,35.9491513875745,-8.79879175650313
-11.4154052689512,-6.16590286442346,35.8404704327676,-8.50010877390266
-11.1477624350841,-5.69775606935284,35.6980779560771,-8.2043326337111
-10.8708642856026,-5.25118833982872,35.5245293821141,-7.91244157031468
-10.586250049287,-4.82757507238783,35.3224518581159,-7.62532206538268
-10.2954423211471,-4.42794282124966,35.0944968735348,-7.34376894169529
-9.999931278712,-4.05298720103037,34.8432977624411,-7.06848664647665
-9.70116067137173,-3.70309581544661,34.5714326736956,-6.80009154882937
-9.40051570114017,-3.37837492582528,34.2813933411199,-6.53911508010765
-9.0993128647387,-3.07867863995931,33.9755597382027,-6.28600755216208
-8.79879175650313,-2.80363949211975,33.6561804708311,-6.04114250428944
-8.50010877390266,-2.55269942998635,33.3253585763608,-5.80482143621001
-8.2043326337111,-2.32514034943524,32.9850422826031,-5.57727880351975
-7.91244157031468,-2.12011348688228,32.6370201813466,-5.35868717118376
-7.62532206538268,-1.93666713432773,32.2829202238909,-5.14916242383433
-7.34376894169529,-1.77377228159906,31.9242119272219,-4.94876895367512
-7.06848664647665,-1.63034592907597,31.5622111893036,-4.75752475913258
-6.80009154882937,-1.5052719276939,31.1980871437066,-4.57540640534881
-6.53911508010765,-1.39741930100142,30.8328705301274,-4.40235379336476
-6.28600755216208,-1.30565807860221,30.4674631090954,-4.23827471357523
-6.04114250428944,-1.22887274619808,30.1026477211186,-4.08304916174138
-5.80482143621001,-1.16597343918277,29.7390986348175,-3.93653338577031
-5.57727880351975,-1.11590505962168,29.3773919019276,-3.79856367127177
-5.35868717118376,-1.07765451066884,29.0180155069736,-3.66895985169213
-5.14916242383433,-1.05025623498895,28.661379120615,-3.54752854670526
-4.94876895367512,-1.03279626221866,28.3078233309887,-3.43406613223931
-4.75752475913258,-1.02441496108313,27.9576282670332,-3.32836144916989
-4.57540640534881,-1.02430867963517,27.6110215666228,-3.23019826020365
-4.40235379336476,-1.03173044372504,27.2681856485102,-3.13935746610074
-4.23827471357523,-1.0459898736539,26.9292642987466,-3.0556190936337
-4.08304916174138,-1.06645245523592,26.5943685874364,-2.97876406852798
-3.93653338577031,-1.09253829851169,26.2635821177616,-2.90857578713241
-3.79856367127177,-1.12372049069143,25.9369656740371,-2.8448415007829
-3.66895985169213,-1.15952314133571,25.6145612952401,-2.7873535268085
-3.54752854670526,-1.19951920273872,25.2963958245155,-2.7359102999259
-3.43406613223931,-1.24332813630976,24.9824839824056,-2.69031727741763
-3.32836144916989,-1.2906134847463,24.6728310120366,-2.65038771102539
-3.23019826020365,-1.34108039961798,24.3674349434828,-2.61594329793659
-3.13935746610074,-1.39447316523723,24.0662885223754,-2.58681472262883
-3.0556190936337,-1.45057275199548,23.7693808451777,-2.56284210067686
-2.97876406852798,-1.50919442565569,23.47669874052,-2.54387533497027
-2.90857578713241,-1.57018543333127,23.1882279327569,-2.52977439390177
-2.8448415007829,-1.63342278195783,22.9039540205921,-2.52040952083125
-2.7873535268085,-1.6988111208816,22.6238633003568,-2.51566138286921
-2.7359102999259,-1.76628073666136,22.3479434603709,-2.51542116669086
-2.69031727741763,-1.83578566522437,22.0761841698374,-2.51959062830454
-2.65038771102539,-1.90730192405348,21.8085775829569,-2.52808210304004
-2.61594329793659,-1.98082586504724,21.5451187764031,-2.54081848137377
-2.58681472262883,-2.05637264701844,21.2858061360113,-2.55773315558977
-2.56284210067686,-2.13397482543065,21.030641706474,-2.57876994167746
-2.54387533497027,-2.21368105584878,20.7796315160164,-2.60388298044314
-2.52977439390177,-2.29555490678352,20.5327858864526,-2.63303662084186
-2.52040952083125,-2.37967377664024,20.2901197376055,-2.6662052881811
-2.51566138286921,-2.46612790924756,20.0516528939282,-2.70337333956018
-2.51542116669086,-2.55501950175362,19.8174104001401,-2.7445349080785
-2.51959062830454,-2.64646189838907,19.5874228518557,-2.7896937368616
-2.52808210304004,-2.74057886329435,19.3617267464835,-2.83886300384818
-2.54081848137377,-2.83750392536523,19.140364859107,-2.89206513845185
-2.55773315558977,-2.93737978784753,18.9233866476028,-2.94933162667229
-2.57876994167746,-3.04035779522807,18.7108486908748,-3.01070280566839
-2.60388298044314,-3.14659744972029,18.5028151636726,-3.07622764634871
-2.63303662084186,-3.25626596930744,18.2993583517508,-3.14596352525888
-2.6662052881811,-3.36953787975969,18.1005592101181,-3.21997597597721
-2.70337333956018,-3.48659463182769,17.9065079676441,-3.29833841992365
-2.7445349080785,-3.60762423502097,17.7173047810534,-3.38113187896431
-2.7896937368616,-3.73282089885538,17.5330604415024,-3.46844465906481
-2.83886300384818,-3.8623846720002,17.3538971362358,-3.56037199069906
-2.89206513845185,-3.99652106862174,17.1799492672264,-3.65701565700313
-2.94933162667229,-4.13544067370717,17.0113643303515,-3.75848353093682
-3.01070280566839,-4.2793587153673,16.8483038564818,-3.86488913121793
-3.07622764634871,-4.42849458829107,16.6909444220319,-3.97635102054001
-3.14596352525888,-4.58307131738102,16.539478720226,-4.09299225071407
-3.21997597597721,-4.74331495748044,16.3941166966579,-4.21493960348138
-3.29833841992365,-4.90945389461096,16.2550867710697,-4.34232286044524
-3.38113187896431,-5.08171804259111,16.1226371105969,-4.47527386492531
-3.46844465906481,-5.26033794462281,15.9970369616685,-4.61392555150978
-3.56037199069906,-5.44554366891801,15.8785781066953,-4.75841079254707
-3.65701565700313,-5.63756366275491,15.7675762612894,-4.90886111214964
-3.75848353093682,-5.83662323239914,15.6643727200515,-5.0654052693701
-3.86488913121793,-6.04294307594054,15.5693358053284,-5.22816759887298
-3.97635102054001,-6.25673728146204,15.4828626260376,-5.39726623411336
-4.09299225071407,-6.47821136884708,15.4053806092125,-5.57281105042995
-4.21493960348138,-6.7075597536633,15.3373492677527,-5.75490140061055
-4.34232286044524,-6.94496316494316,15.2792617688539,-5.9436236254855
-4.47527386492531,-7.19058542659585,15.2316466340932,-6.13904824185479
-4.61392555150978,-7.44457014753624,15.1950692371681,-6.34122688030653
-4.75841079254707,-7.70703669504559,15.1701333064571,-6.55018893408557
-4.90886111214964,-7.97807595912081,15.1574822227371,-6.76593785586163
-5.0654052693701,-8.25774546965298,15.1578001348867,-6.98844715928907
-5.22816759887298,-8.54606401407524,15.1718128334859,-7.21765610488642
-5.39726623411336,-8.84300580368942,15.2002882717118,-7.45346505586953
-5.57281105042995,-9.14849386882017,15.2440366790135,-7.69573051348327
-5.75490140061055,-9.46239301892122,15.3039101780606,-7.94425988817188
-5.9436236254855,-9.78450214711413,15.3808017749544,-8.19880602885546
-6.13904824185479,-10.1145458205572,15.4756435895758,-8.45906152459668
-6.34122688030653,-10.4521654008214,15.5894042470497,-8.72465288011182
-6.55018893408557,-10.7969095594357,15.7230852301748,-8.99513465249934
-6.76593785586163,-11.1482242006579,15.8777160020793,-9.26998366241811
-6.98844715928907,-11.5054420401878,16.0543478082731,-9.54859334332967
-7.21765610488642,-11.8677718528394,16.2540459225788,-9.83026847185557
-7.45346505586953,-12.2342875259534,16.4778801267611,-10.1142204273823
-7.69573051348327,-12.6039171365758,16.7269132241216,-10.3995631633344
-7.94425988817188,-12.975432350843,17.0021874932907,-10.6853101471077
-8.19880602885546,-13.3474384011087,17.3047088367572,-10.9703725099261
-8.45906152459668,-13.7183649708365,17.6354284031982,-11.2535586763756
-8.72465288011182,-14.0864584869516,17.9952216864927,-11.5335757488234
-8.99513465249934,-14.4497762697777,18.3848650851762,-11.8090329167179
-9.26998366241811,-14.8061831264559,18.8050098138624,-12.0784471537055
-9.54859334332967,-15.1533509744812,19.2561531797663,-12.3402514357893
-9.83026847185557,-15.4887621348001,19.7386078202849,-12.5928056674325
-10.1142204273823,-15.8097170650194,20.2524689062035,-12.8344104466603
-10.3995631633344,-16.1133471788628,20.7975799022083,-13.0633237153108
-10.6853101471077,-16.3966334675152,21.3734976225255,-13.2777802426425
-10.9703725099261,-16.6564314820761,21.9794574759682,-13.4760137773832
-11.2535586763756,-16.8895032589706,22.6143398958574,-13.6562815808788
-11.5335757488234,-17.0925565352299,23.2766392497167,-13.8168909186309
-11.8090329167179,-17.262291361751,23.9644366814379,-13.9562269723698
-12.0784471537055,-17.3954539966301,24.6753784565603,-14.0727814852205
-12.3402514357893,-17.488897598962,25.4066614960078,-14.1651813581185
-12.5928056674325,-17.5396488487422,26.1550278026564,-14.2322163554327
-12.8344104466603,-17.5449792193778,26.9167694248988,-14.2728650264911
-13.0633237153108,-17.5024791589195,27.6877454346493,-14.2863179316331
-13.2777802426425,-17.4101330061449,28.463412103664,-14.2719973191225
-13.4760137773832,-17.2663920791894,29.238867047753,-14.2295725153047
-13.6562815808788,-17.0702430733113,30.0089075835095,-14.1589703787772
-13.8168909186309,-16.821268700459,30.7681028949826,-14.0603803880915
-13.9562269723698,-16.519697452977,31.5108789434504,-13.9342541079953
-14.0727814852205,-16.1664395166901,32.2316142211507,-13.7812990139094
-14.1651813581185,-15.7631062204559,32.9247437281508,-13.6024668668378
-14.2322163554327,-15.3120109637043,33.5848679499023,-13.3989370448164
-14.2728650264911,-14.8161502385357,34.2068630596652,-13.1720954328155
-14.2863179316331,-14.2791643036755,34.7859881573583,-12.9235095951744
-14.2719973191225,-13.7052780949987,35.3179852488791,-12.6549011174777
-14.2295725153047,-13.0992238021997,35.7991679897481,-12.3681159893321
-14.1589703787772,-12.4661477528221,36.226495347903,-12.0650940081722
-14.0603803880915,-11.8115048800019,36.5976272300416,-11.7478380531707
-13.9342541079953,-11.1409448319923,36.9109598841341,-11.418384107973
-13.7812990139094,-10.4601941540375,37.1656398814186,-11.0787727223154
-13.6024668668378,-9.77493910727866,37.3615566308534,-10.7310225606942
-13.3989370448164,-9.09071352724168,37.4993143435732,-10.3771064775282
-13.1720954328155,-8.41279577529311,37.5801854274812,-10.018930498492
-12.9235095951744,-7.74611807010161,37.6060479903115,-9.6583158683221
-12.6549011174777,-7.09519087330283,37.5793108298509,-9.29698429086105
-12.3681159893321,-6.46404389026159,37.5028295252443,-8.9365463036454
-12.0650940081722,-5.85618455813097,37.3798174579622,-8.57849267936285
-11.7478380531707,-5.27457381229035,37.2137553719506,-8.22418867110111
-11.418384107973,-4.72161833737091,37.008302837786,-7.87487084949001
-11.0787727223154,-4.19917772359015,36.7672144676289,-7.53164625607347
-10.7310225606942,-3.70858461791658,36.4942631966537,-7.19549357686285
-10.3771064775282,-3.2506755497778,36.1931723030395,-6.86726603166246
-10.018930498492,-2.82583007726053,35.8675572763184,-6.5476956806385
-9.6583158683221,-2.43401585012874,35.5208779931728,-6.23739886370794
-9.29698429086105,-2.07483732935304,35.1564012662946,-5.93688251345272
-8.9365463036454,-1.74758616808681,34.7771733025735,-5.64655109524762
-8.57849267936285,-1.45129147515346,34.3860013627727,-5.36671396412185
-8.22418867110111,-1.18476851830648,33.9854436668885,-5.09759295863781
-7.87487084949001,-0.94666477390055,33.5778064383366,-4.83933006886879
-7.53164625607347,-0.735502473965183,33.1651469345873,-4.59199504979649
-7.19549357686285,-0.54971712679085,32.7492813145111,-4.35559287084986
-6.86726603166246,-0.387691700625542,32.3317962418543,-4.13007091826134
-6.5476956806385,-0.247786381556144,31.91406321562,-3.9153258845233
-6.23739886370794,-0.128363970172281,31.4972547291213,-3.71121029746692
-5.93688251345272,-0.0278111147043651,31.0823614923258,-3.51753865608053
-5.64655109524762,0.0554443572868829,30.6702100596828,-3.33409315245099
-5.36671396412185,0.122919659908853,30.2614803416814,-3.16062896827764
-5.09759295863781,0.176066452160903,29.8567226029503,-2.99687914741339
-4.83933006886879,0.216263052014014,29.4563736330844,-2.84255904958909
-4.59199504979649,0.244809082972233,29.0607718794761,-2.69737039308642
-4.35559287084986,0.262922195866098,28.67017140213,-2.561004906706
-4.13007091826134,0.271736530517916,28.2847545792971,-2.43314760424676
-3.9153258845233,0.272302612464846,27.9046435399756,-2.3134797051057
-3.71121029746692,0.265588411219414,27.5299103406077,-2.20168122116861
-3.51753865608053,0.25248131871519,27.1605859319022,-2.09743323261019
-3.33409315245099,0.23379083826092,26.7966679830259,-2.00041987549449
-3.16062896827764,0.210251802329623,26.4381276428295,-1.91033006341198
-2.99687914741339,0.182527967441279,26.0849153298833,-1.82685896556184
-2.84255904958909,0.151215859532491,25.7369656450023,-1.74970926219856
-2.69737039308642,0.116848760537244,25.3942014955501,-1.67859219799123
-2.561004906706,0.0799007547037451,25.0565375270139,-1.6132284542233
-2.43314760424676,0.0407907612151127,24.7238829442741,-1.55334885495743
-2.3134797051057,-0.000113498493169732,24.3961438055872,-1.49869492962851
-2.20168122116861,-0.042491642866309,24.0732248621011,-1.44901934206643
-2.09743323261019,-0.0860669132331516,23.7550310107165,-1.40408620793091
-2.00041987549449,-0.130602621149262,23.441468420607,-1.36367130805822
-1.91033006341198,-0.175898776476833,23.1324453870285,-1.32756221497521
-1.82685896556184,-0.221788906576149,22.827872959624,-1.29555834406149
-1.74970926219856,-0.268137072800655,22.527665386309,-1.26747093700508
-1.67859219799123,-0.314835085791101,22.2317404083518,-1.24312299107505
-1.6132284542233,-0.361799918727068,21.9400194370674,-1.22234914250928
-1.55334885495743,-0.408971316236462,21.6524276379686,-1.204995510382
-1.49869492962851,-0.456309591730753,21.3688939443276,-1.1909195095257
-1.44901934206643,-0.503793609788915,21.089351018227,-1.17998963952816
-1.40408620793091,-0.551418942994983,20.8137351744061,-1.17208525521198
-1.36367130805822,-0.59919619780239,20.5419862791438,-1.1670963239426
-1.32756221497521,-0.647149500096893,20.2740476344829,-1.16492317428622
-1.29555834406149,-0.695315130440031,20.0098658558106,-1.16547624026501
-1.26747093700508,-0.743740302806255,19.7493907493391,-1.16867580506986
-1.24312299107505,-0.792482076514631,19.4925751946993,-1.17445174728582
-1.22234914250928,-0.84160639217547,19.2393750365223,-1.18274329240818
-1.204995510382,-0.891187225048245,18.9897489881702,-1.19349877205804
-1.1909195095257,-0.941305846909692,18.743658549952,-1.20667539295874
-1.17998963952816,-0.992050188590152,18.5010679435862,-1.22223901742478
-1.17208525521198,-1.0435142958595,18.2619440642088,-1.24016395683195
-1.1670963239426,-1.0957978716711,18.0262564509232,-1.26043277928062
-1.16492317428622,-1.14900589846316,17.7939772766576,-1.28303613243068
-1.16547624026501,-1.2032483339782,17.5650813579139,-1.30797258227351
-1.16867580506986,-1.25863987473025,17.3395461849182,-1.3352484684081
-1.17445174728582,-1.3152997816681,17.1173519726503,-1.36487777620144
-1.18274329240818,-1.37335176289101,16.8984817332514,-1.39688202603447
-1.19349877205804,-1.43292390861362,16.6829213703685,-1.43129017989187
-1.20667539295874,-1.4941486738998,16.4706597960799,-1.46813856543508
-1.22223901742478,-1.5571629049788,16.2616890711735,-1.50747081632119
-1.24016395683195,-1.62210790523004,16.0560045696905,-1.54933782923893
-1.26043277928062,-1.68912953716889,15.853605168812,-1.5937977374236
-1.28303613243068,-1.75837835698059,15.6544934653585,-1.64091589994059
-1.30797258227351,-1.83000977833595,15.4586760203635,-1.69076490482267
-1.3352484684081,-1.90418426237364,15.2661636334061,-1.74342458614605
-1.36487777620144,-1.98106753086869,15.0769716486305,-1.79898205565086
-1.39688202603447,-2.06083079977829,14.8911202947259,-1.85753174190846
-1.43129017989187,-2.14365103000926,14.7086350611572,-1.91917544234249
-1.46813856543508,-2.22971119197829,14.529547113348,-1.98402238524671
-1.50747081632119,-2.31920054247047,14.3538937498812,-2.05218929142663
-1.54933782923893,-2.41231490968702,14.1817189046562,-2.12380044489008
-1.5937977374236,-2.50925698409004,14.0130736995192,-2.19898776441212
-1.64091589994059,-2.6102366088405,13.8480170486319,-2.2778908716701
-1.69076490482267,-2.71547106816932,13.6866163199382,-2.3606571526823
-1.74342458614605,-2.82518537125973,13.5289480572335,-2.44744181155182
-1.79898205565086,-2.93961252526369,13.3750987757539,-2.53840791034672
-1.85753174190846,-3.0589937858424,13.2251658227638,-2.6337263886547
-1.91917544234249,-3.18357889158533,13.0792583155187,-2.73357605723279
-1.98402238524671,-3.31362626831249,12.9374981751002,-2.83814355813908
-2.05218929142663,-3.44940319099877,12.8000212389638,-2.94762328578605
-2.12380044489008,-3.5911859045435,12.6669784750137,-3.06221725870958
-2.19898776441212,-3.73925968718268,12.5385373023615,-3.18213493071606
-2.2778908716701,-3.89391884474593,12.4148830262931,-3.30759293003124
-2.3606571526823,-4.05546662403904,12.2962203874242,-3.43881471255828
-2.44744181155182,-4.22421503029154,12.1827752423677,-3.57603011641773
-2.53840791034672,-4.40048453124285,12.0747963772079,-3.71947480178446
-2.6337263886547,-4.58460362682326,11.9725574667218,-3.86938955298649
-2.73357605723279,-4.77690826256091,11.8763591819187,-4.02601942243093
-2.83814355813908,-4.97774106282432,11.7865314499803,-4.18961269161264
-2.94762328578605,-5.18745035278397,11.7034358786024,-4.36041963513448
-3.06221725870958,-5.40638893919585,11.6274683414923,-4.53869104382889
-3.18213493071606,-5.63491260976442,11.5590617339199,-4.72467646831214
-3.30759293003124,-5.87337831063714,11.4986888937748,-4.91862217789936
-3.43881471255828,-6.12214196108719,11.4468656787499,-5.12076877992826
-3.57603011641773,-6.3815558470915,11.4041542015805,-5.33134843656719
-3.71947480178446,-6.65196554612972,11.371166199524,-5.5505816781733
-3.86938955298649,-6.93370630676721,11.3485665319625,-5.77867375087626
-4.02601942243093,-7.22709882432871,11.3370767654785,-6.0158104414958
-4.18961269161264,-7.53244434141196,11.337478810884,-6.26215333786973
-4.36041963513448,-7.850019002337,11.3506185601839,-6.51783449800104
-4.53869104382889,-8.18006733636368,11.3774094826228,-6.78295046180459
-4.72467646831214,-8.52279480403352,11.418836076599,-7.05755558558868
-4.91862217789936,-8.87835937244317,11.4759570707848,-7.34165465456793
-5.12076877992826,-9.24686192582713,11.5499082902783,-7.63519476242082
-5.33134843656719,-9.62833543681835,11.6419050165109,-7.93805645522785
-5.5505816781733,-10.0227329095766,11.7532436614731,-8.25004416084252
-5.77867375087626,-10.4299139172814,11.8853025639703,-8.5708759326983
-6.0158104414958,-10.8496296855003,12.0395416596425,-8.90017259749405
-6.26215333786973,-11.2815066866335,12.2175007295146,-9.23744641448736
-6.51783449800104,-11.7250287906027,12.4207959227863,-9.58208940578465
-6.78295046180459,-12.179517921034,12.6511141675567,-9.93336157015079
-7.05755558558868,-12.6441133674998,12.910205071567,-10.2903792621886
-7.34165465456793,-13.1177498672701,13.1998698484374,-10.6521040750846
-7.63519476242082,-13.5991347229676,13.5219467812233,-11.0173326542879
-7.93805645522785,-14.0867243070834,13.8782927089496,-11.3846878972694
-8.25004416084252,-14.5787004345458,14.2707600232517,-11.7526121247483
-8.5708759326983,-15.0729471916791,14.7011686139145,-12.1193628353218
-8.90017259749405,-15.567029044356,15.1712723042858,-12.4830117039083
-9.23744641448736,-16.0581711747476,15.6827193479246,-12.8414475286885
-9.58208940578465,-16.5432432088454,16.2370066696515,-13.1923838134942
-9.93336157015079,-17.018747709323,16.8354276783044,-13.5333716360259
-10.2903792621886,-17.48081501409,17.4790137570441,-13.8618183593176
-10.6521040750846,-17.9252060879373,18.1684698864622,-14.1750125983174
-11.0173326542879,-18.3473253349937,18.9041050586448,-14.4701556866756
-11.3846878972694,-18.7422452474511,19.6857586580528,-14.7443995830788
-11.7526121247483,-19.1047448253298,20.5127246236923,-14.9948908412001
-12.1193628353218,-19.429363508271,21.3836756618917,-15.21882002061
-12.4830117039083,-19.7104720439787,22.2965904059733,-15.4134754019337
-12.8414475286885,-19.9423613015091,23.2486870094367,-15.5762995787269
-13.1923838134942,-20.1193492694374,24.2363672354956,-15.7049472204623
-13.5333716360259,-20.2359055994265,25.2551755096057,-15.7973418486938
-13.8618183593176,-20.2867919506357,26.2997776211598,-15.8517295360331
-14.1750125983174,-20.2672151669716,27.3639637004714,-15.8667271485018
-14.4701556866756,-20.172988933766,28.4406798218912,-15.8413630363082
-14.7443995830788,-20.0006981164851,29.522091692327,-15.7751081716078
-14.9948908412001,-19.747858840419,30.5996826200932,-15.667896208093
-15.21882002061,-19.4130664139186,31.6643866196062,-15.5201313749701
-15.4134754019337,-18.9961223967623,32.7067551278751,-15.3326837324906
-15.5762995787269,-18.4981323978529,33.71715373716,-15.1068719235937
-15.7049472204623,-17.9215665405026,34.6859832183831,-14.8444341747905
-15.7973418486938,-17.2702760901454,35.6039162532644,-14.5474888571757
-15.8517295360331,-16.54946158624,36.4621403043896,-14.2184863799214
-15.8667271485018,-15.7655906647007,37.252594819228,-13.8601545130223
-15.8413630363082,-14.9262665049232,37.9681913050244,-13.4754394240443
-15.7751081716078,-14.0400513490222,38.603004478609,-13.0674447481057
-15.667896208093,-13.1162522209033,39.1524245726032,-12.6393709060784
-15.5201313749701,-12.164678799586,39.6132626783876,-12.1944566697551
-15.3326837324906,-11.1953851773397,39.983804050766,-11.7359246630512
-15.1068719235937,-10.2184081130039,40.2638075475564,-11.2669321247339
-14.8444341747905,-9.24351443752666,40.4544527168562,-10.7905278791998
-14.5474888571757,-8.27996920999003,40.5582392405668,-10.3096160852529
-14.2184863799214,-7.33633437417889,40.578846107085,-9.82692698275636
-13.8601545130223,-6.42030517624798,40.5209598059359,-9.34499454788015
-13.4754394240443,-5.53858880772755,40.3900819446721,-8.8661407347919
-13.0674447481057,-4.69682685399754,40.1923269096521,-8.39246578617963
-12.6393709060784,-3.89956045249903,39.9342196355294,-7.92584397109898
-12.1944566697551,-3.15023479273276,39.6225023511421,-7.4679240187145
-11.7359246630512,-2.45123785858598,39.2639575010359,-7.02013352982534
-11.2669321247339,-1.80396718780477,38.8652521398187,-6.58368658977125
-10.7905278791998,-1.20891790462976,38.4328071433113,-6.15959390923749
-10.3096160852529,-0.665785271893392,37.9726927535747,-5.74867483448826
-9.82692698275636,-0.173575425051466,37.4905503677995,-5.35157065447989
-9.34499454788015,0.2692812916387,36.991539175361,-4.96875870241673
-8.8661407347919,0.664819039942978,36.4803053207666,-4.60056682969136
-8.39246578617963,1.01543091288384,35.9609706455697,-4.2471879017402
-7.92584397109898,1.32377175385471,35.4371377440645,-3.90869403517516
-7.4679240187145,1.59267102882035,34.9119080016728,-3.58505035870028
-7.02013352982534,1.82505667500214,34.3879094884637,-3.27612813565508
-6.58368658977125,2.02389035401097,33.8673316809203,-2.98171713340165
-6.15959390923749,2.19211358353533,33.351964574763,-2.70153716450423
-5.74867483448826,2.33260430037225,32.8432399641706,-2.43524875730512
-5.35157065447989,2.44814289701614,32.3422731604752,-2.18246293981474
-4.96875870241673,2.54138670625413,31.8499037846203,-1.94275014211772
-4.60056682969136,2.61485183404944,31.3667346298461,-1.71564823853646
-4.2471879017402,2.67090124922346,30.8931678927726,-1.50066976171862
-3.90869403517516,2.71173808621348,30.4294383324426,-1.29730832979422
-3.58505035870028,2.73940319785684,29.9756431289058,-1.10504433292873
-3.27612813565508,2.75577609421442,29.5317683785659,-0.923349928765579
-2.98171713340165,2.76257851018359,29.0977122880875,-0.751693397968714
-2.70153716450423,2.76137995158,28.673305218192,-0.589542911452954
-2.43524875730512,2.75360467148727,28.2583267891772,-0.436369757975653
-2.18246293981474,2.74053962287508,27.8525202971186,-0.291651082251175
-1.94275014211772,2.72334301868301,27.4556047090449,-0.15487218172727
-1.71564823853646,2.70305320527438,27.0672845096085,-0.0255284000163969
-1.50066976171862,2.68059761834826,26.6872576649947,0.096873334758377
-1.29730832979422,2.65680164491829,26.3152219575798,0.212813293118201
-1.10504433292873,2.63239725954053,25.9508799267165,0.322758011600837
-0.923349928765579,2.60803133955186,25.5939426306102,0.427159611571575
-0.751693397968714,2.58427359335256,25.2441324226736,0.526455340115763
-0.589542911452954,2.56162406114178,24.9011849141172,0.621067305368779
-0.436369757975653,2.54052016273417,24.5648502724573,0.711402379896403
-0.291651082251175,2.52134328178902,24.2348939870112,0.797852253758926
-0.15487218172727,2.50442489281803,23.9110972134452,0.880793609812791
-0.0255284000163969,2.4900522326121,23.593256791127,0.960588411525047
0.096873334758377,2.47847353688694,23.2811850148481,1.03758427828012
0.212813293118201,2.46990285690515,22.9747092265696,1.11211493920932
0.322758011600837,2.46452447884937,22.6736712824788,1.18450075139647
0.427159611571575,2.4624969681066,22.3779269402774,1.25504926659601
0.526455340115763,2.46395686138705,22.087345202808,1.32405584166694
0.621067305368779,2.46902203071893,21.8018076467867,1.3918042809651
0.711402379896403,2.47779474199544,21.5212077597986,1.45856750119783
0.797852253758926,2.49036442970731,21.2454503020227,1.52460821271341
0.880793609812791,2.50681021164461,20.974450707443,1.59017961247999
0.960588411525047,2.52720316105183,20.7081345325829,1.65552608127973
1.03758427828012,2.55160835831065,20.4464369615541,1.72088388045338
1.11211493920932,2.58008673971515,20.1893023708442,1.78648184441944
1.18450075139647,2.61269675852542,19.936683957554,1.85254206522139
1.25504926659601,2.64949587811092,19.6885434332192,1.91928056572906
1.32405584166694,2.69054190860388,19.4448507833154,1.98690795894967
1.3918042809651,2.73589420137237,19.205584093085,2.05563009039933
1.45856750119783,2.78561471489026,18.9707294395526,2.12564866132635
1.52460821271341,2.83976896315855,18.7402808490916,2.19716183067796
1.59017961247999,2.89842685537724,18.5142403197972,2.27036479374395
1.65552608127973,2.96166343735555,18.2926179083661,2.34545033546391
1.72088388045338,3.0295595425298,18.0754318809875,2.42260935637496
1.78648184441944,3.10220235956445,17.8627089279872,2.50203136910545
1.85254206522139,3.17968592253654,17.6544844422981,2.58390496318934
1.91928056572906,3.2621115284585,17.4508028619411,2.66841823578025
1.98690795894967,3.34958808604774,17.2517180771706,2.75575918558737
2.05563009039933,3.44223239881438,17.0572939032221,2.8461160670338
2.12564866132635,3.54016938412538,16.8676046198363,2.93967770124675
2.19716183067796,3.64353222892092,16.6827355790912,3.03663374003192
2.27036479374395,3.75246248162627,16.502783883342,3.13717487844718
2.34545033546391,3.86711007863149,16.3278591353172,3.24149301094547
2.42260935637496,3.98763330248655,16.1580842626213,3.34978132521974
2.50203136910545,4.11419866766898,15.9935964190543,3.46223432770902
2.58390496318934,4.24698072842261,15.8345479652395,3.57904779338712
2.66841823578025,4.38616180171796,15.6811075310623,3.70041863153681
2.75575918558737,4.53193159684773,15.5334611623239,3.82654465831993
2.8461160670338,4.68448674152713,15.3918135538048,3.95762426564684
2.93967770124675,4.84403019260747,15.2563893705775,4.09385597459776
3.03663374003192,5.01077051762633,15.1274346588854,4.23543785949442
3.13717487844718,5.1849210313806,15.005218347187,4.38256683216809
3.24149301094547,5.366698769719,14.8900338367978,4.53543777039414
3.34978132521974,5.55632328064403,14.7822006804223,4.69424246929084
3.46223432770902,5.75401520903347,14.6820663460856,4.85916839749651
3.57904779338712,5.95999465131479,14.5900080595336,5.03039724177039
3.70041863153681,6.1744792516645,14.5064347185323,5.20810323498408
3.82654465831993,6.3976820091636,14.4317888682176,5.39245120385506
3.95762426564684,6.62980876176003,14.3665487234682,5.58359434546762
4.09385597459776,6.8710553127104,14.311230218237,5.78167173385274
4.23543785949442,7.12160416306109,14.266389058414,5.98680545710628
4.38256683216809,7.38162080428652,14.2326227483865,6.19909743269261
4.53543777039414,7.65124953587794,14.2105725527499,6.41862586572868
4.69424246929084,7.93060874427067,14.2009253537341,6.64544130641338
4.85916839749651,8.21978562321676,14.2044153411663,6.87956230136346
5.03039724177039,8.5188302826613,14.2218254741822,7.12097064909351
5.20810323498408,8.82774921086362,14.2539886338821,7.36960624646264
5.39245120385506,9.14649796510545,14.3017883797057,7.62536151298485
5.58359434546762,9.47497322764054,14.3661592041571,7.8880754233186
5.78167173385274,9.81300406595617,14.4480861548038,8.15752719437958
5.98680545710628,10.1603423363043,14.5486036787686,8.43342965827173
6.19909743269261,10.5166524081894,14.6687935564578,8.71542239222831
6.41862586572868,10.8815000916967,14.8097817230106,9.00306467829395
6.64544130641338,11.2543408074119,14.9727337754037,9.29582844187803
6.87956230136346,11.6345071093462,15.1588489496477,9.59309131650266
7.12097064909351,12.0211956988082,15.3693523717367,9.89412997563645
7.36960624646264,12.4134540343505,15.6054852994027,10.1981139636886
7.62536151298485,12.8101667291058,15.8684930925842,10.5041002852689
7.8880754233186,13.2100420384641,16.1596106584762,10.81102902152
8.15752719437958,13.611598794302,16.4800451925507,11.1177202821012
8.43342965827173,14.0131541568395,16.8309559119625,11.4228728218595
8.71542239222831,14.4128126928572,17.2134306332954,11.7250646850103
9.00306467829395,14.8084573676228,17.6284589569729,12.0227562286723
9.29582844187803,15.1977431355726,18.076902218593,12.3142958723985
9.59309131650266,15.5780938799726,18.5594601573925,12.59792889271
9.89412997563645,15.9467035486327,19.0766343247634,12.8718095311149
10.1981139636886,16.3005423710162,19.6286887932536,13.1340166098113
10.5041002852689,16.6363690434566,20.2156087236397,13.3825727521158
10.81102902152,16.9507498946391,20.8370574022467,13.6154671759813
11.1177202821012,17.2400858368309,21.4923328763858,13.8306819056099
11.4228728218595,17.500647891619,22.1803254229285,14.0262210410919
11.7250646850103,17.7286218519669,22.8994774489374,14.2001425798589
12.0227562286723,17.9201624179461,23.6477475963709,14.3505921084653
12.3142958723985,18.0714567795888,24.4225810835283,14.4758375345194
12.59792889271,18.1787971924819,25.2208884727119,14.5743038223836
12.8718095311149,18.2386615844488,26.0390351237445,14.644606655264
13.1340166098113,18.2478006633281,26.8728435477441,14.6855838851506
13.3825727521158,18.2033294097353,27.7176106907444,14.696323582645
13.6154671759813,18.1028201983361,28.5681418247141,14.6761875983458
13.8306819056099,17.944394299504,29.4188022476748,14.6248296844507
14.0262210410919,17.7268079622536,30.2635872087194,14.5422073687823
14.2001425798589,17.4495290737374,31.0962096744534,14.428587054902
14.3505921084653,17.1128002843982,31.910204597027,14.2845420736357
14.4758375345194,16.717684599523,32.6990473859572,14.1109437055826
14.5743038223836,16.2660899219065,33.4562830485897,13.9089455006089
14.644606655264,15.7607698184875,34.1756617516516,13.6799614845842
14.6855838851506,15.2052986740614,34.8512758403256,13.4256390692188
14.696323582645,14.6040206980419,35.4776926949161,13.1478277031924
14.6761875983458,13.9619736380702,36.0500777698257,12.8485443721715
14.6248296844507,13.2847892514934,36.5643025355379,12.5299371556708
14.5422073687823,12.5785742367689,37.0170323055835,12.194248039122
14.428587054902,11.8497760422632,37.4057902852596,11.8437760731739
14.2845420736357,11.1050392458814,37.7289950491952,11.4808419325245
14.1109437055826,10.3510582901608,37.9859703474232,11.1077547027925
13.9089455006089,9.59443275047768,38.1769274110924,10.7267816048168
13.6799614845842,8.84153083788412,38.3029215090467,10.3401211652785
13.4256390692188,8.09836617202974,38.3657856566965,9.94988014953254
13.1478277031924,7.37049202902,38.3680454696838,9.55805443091892
12.8485443721715,6.66291591956441,38.3128197997218,9.16651379463436
12.5299371556708,5.98003626108305,38.2037121181532,8.77699055280392
12.194248039122,5.32560160132267,38.0446976933581,8.39107176242257
11.8437760731739,4.70269167896517,37.8400111823355,8.01019472936581
11.4808419325245,4.1137187386334,37.5940388284889,7.6356454598176
11.1077547027925,3.56044665310894,37.3112186522084,7.26855967638431
10.7267816048168,3.04402502100095,36.9959512121562,6.90992600907873
10.3401211652785,2.56503502709243,36.6525227211521,6.56059097748308
9.94988014953254,2.12354392448751,36.2850413853932,6.22126540282637
9.55805443091892,1.71916499994898,35.8973872281932,5.89253190091073
9.16651379463436,1.35112029764384,35.4931749453987,5.57485316328771
8.77699055280392,1.01830361694353,35.0757289215379,5.26858074716814
8.39107176242257,0.719341802398316,34.6480691861011,4.97396414159648
8.01019472936581,0.452652771810866,34.2129068487441,4.69115991310049
7.6356454598176,0.216499106175325,33.7726474853083,4.4202407668042
7.26855967638431,0.00903645689335719,33.3294009226996,4.1612043911164
6.90992600907873,-0.171643630905182,32.8849959476068,3.91398198273401
6.56059097748308,-0.327476634002683,32.4409985741545,3.67844637417971
6.22126540282637,-0.460393592706226,31.9987326843964,3.45441970804953
5.89253190091073,-0.572295052662161,31.5593019668495,3.24168062055985
5.57485316328771,-0.665029973356434,31.1236123464779,3.03997091304772
5.26858074716814,-0.740379183449947,30.6923941881431,2.84900170280818
4.97396414159648,-0.80004287412477,30.2662237452739,2.66845905492623
4.69115991310049,-0.845631619116621,29.8455434695522,2.4980091049654
4.4202407668042,-0.878660424034767,29.4306809123291,2.33730268947213
4.1612043911164,-0.900545331854285,29.0218660528123,2.18597950399368
3.91398198273401,-0.912602147441911,28.6192469717625,2.0436718135289
3.67844637417971,-0.916046885894229,28.2229038558751,1.9100077409507
3.45441970804953,-0.911997594217672,27.8328613688706,1.78461416146054
3.24168062055985,-0.901477240328389,27.4490994615385,1.66711923339104
3.03997091304772,-0.885417406358712,27.0715627193582,1.55715458957357
2.84900170280818,-0.864662563611517,26.7001683624771,1.45435721829679
2.66845905492623,-0.839974742961482,26.3348130211517,1.35837106400946
2.4980091049654,-0.812038447213034,25.9753784126704,1.26884836900063
2.33730268947213,-0.781465681541831,25.6217360447029,1.18545078188762
2.18597950399368,-0.748801000922018,25.2737510634295,1.10785025996689
2.0436718135289,-0.714526497890778,24.9312853601394,1.03572977995371
1.9100077409507,-0.679066668442007,24.5942000391711,0.968783885761597
1.78461416146054,-0.642793110817977,24.2623573423215,0.906719084702505
1.66711923339104,-0.606029026639796,23.9356221156234,0.849254116105488
1.55715458957357,-0.569053499161789,23.6138628930433,0.796120102763383
1.45435721829679,-0.532105533511406,23.2969526640334,0.747060605332702
1.35837106400946,-0.495387853627848,22.9847693835266,0.701831588341373
1.26884836900063,-0.45907045188636,22.6771962737901,0.660201313861607
1.18545078188762,-0.42329389072024,22.3741219610854,0.62195017207575
1.10785025996689,-0.388172365136341,22.0754404837778,0.586870458940201
1.03572977995371,-0.353796528232112,21.7810512016933,0.554766110735127
0.968783885761597,-0.32023609200718,21.4908586327594,0.525452403121322
0.906719084702505,-0.287542210814307,21.2047722370926,0.498755622050074
0.849254116105488,-0.255749659779542,20.9227061661039,0.474512713046949
0.796120102763383,-0.224878817841193,20.6445789897256,0.452570914572201
0.747060605332702,-0.194937468518762,20.3703134130302,0.432787380562504
0.701831588341373,-0.165922427752158,20.0998359903328,0.415028796498994
0.660201313861607,-0.13782101219484,19.8330768434015,0.399170992921797
0.62195017207575,-0.11061235758914,19.5699693885421,0.385098559725966
0.586870458940201,-0.0842685984021149,19.3104500759388,0.372704464191892
0.554766110735127,-0.0587559193437162,19.0544581436569,0.361889675044866
0.525452403121322,-0.0340354883132218,18.8019353877633,0.3525627947042
0.498755622050074,-0.010064280328605,18.5528259493351,0.34463970199111
0.474512713046949,0.0132041986136676,18.307076118601,0.33804320532375
0.452570914572201,0.0358192793652614,18.064634156051,0.332702709819852
0.432787380562504,0.0578325811621863,17.8254501300444,0.328553896519789
0.415028796498994,0.0792975395457393,17.5894757702285,0.325538417361858
0.399170992921797,0.100269003705247,17.3566643359401,0.323603603900753
0.385098559725966,0.12080289685373,17.1269704986711,0.322702191694003
0.372704464191892,0.140955933639804,16.9003502376361,0.322792060646882
0.361889675044866,0.16078538926028,16.6767607474691,0.323835990307855
0.3525627947042,0.180348915097909,16.4561603570811,0.325801431171544
0.34463970199111,0.199704396011021,16.2385084587853,0.328660291804023
0.33804320532375,0.218909845965673,16.0237654467776,0.332388741516519
0.332702709819852,0.238023336576639,15.8118926642039,0.336967028270609
0.328553896519789,0.257102957079072,15.6028523580241,0.342379311833702
0.325538417361858,0.2762068004242,15.3966076410396,0.3486135119752
0.323603603900753,0.295392974509491,15.1931224604322,0.355661171337859
0.322702191694003,0.314719635021745,14.992361572321,0.363517332711258
0.322792060646882,0.334245037353728,14.7942905218444,0.37218043042202
0.323835990307855,0.354027606650671,14.5988756283771,0.381652195549313
0.325801431171544,0.374126023393633,14.4060839755561,0.391937574679095
0.328660291804023,0.394599323027562,14.215883405845,0.403044661894553
0.332388741516519,0.415507008415113,14.0282425194277,0.414984643749808
0.336967028270609,0.436909174145178,13.8431306772901,0.427771756946037
0.342379311833702,0.45886664149245,13.6605180083985,0.441423258470891
0.3486135119752,0.481441103166848,13.4803754209393,0.455959407976298
0.355661171337859,0.504695277262948,13.3026746176424,0.471403462199904
0.363517332711258,0.528693069864566,13.1273881152604,0.487781681274639
0.37218043042202,0.553499745881823,12.9544892683345,0.505123346737546
0.381652195549313,0.579182107812965,12.7839522974229,0.523460791073331
0.391937574679095,0.605808682221285,12.6157523220297,0.54282943870323
0.403044661894553,0.633449913840718,12.4498653985221,0.563267858394438
0.414984643749808,0.662178367261556,12.2862685633869,0.584817827191427
0.427771756946037,0.692068936274486,12.1249398822294,0.607524405585314
0.441423258470891,0.723199060993496,11.9658585049877,0.631436023465456
0.455959407976298,0.755648952955754,11.809004727901,0.656604578108703
0.471403462199904,0.78950182846632,11.6543600628481,0.68308554330009
0.487781681274639,0.824844150530435,11.5019073147655,0.710938089841155
0.505123346737546,0.861765879449626,11.3516306678508,0.740225217539716
0.523460791073331,0.900360732668664,11.2035157815035,0.77101389874768
0.54282943870323,0.940726454401716,11.0575498968822,0.8033752335375
0.563267858394438,0.982965095244943,10.9137219551512,0.837384616844353
0.584817827191427,1.0271833026867,10.7720227288329,0.873121917366177
0.607524405585314,1.07349262231428,10.6324449673945,0.910671668447575
0.631436023465456,1.12200980977063,10.4949835583251,0.950123271006143
0.656604578108703,1.17285715573463,10.3596357057394,0.991571208552947
0.68308554330009,1.22616282278982,10.2264011281426,1.03511527432455
0.710938089841155,1.28206119508866,10.0952822774309,1.08086081049762
0.740225217539716,1.34069324106041,9.9662845812053,1.12891895939465
0.77101389874768,1.40220688946508,9.83941671084259,1.17940692651111
0.8033752335375,1.46675741908547,9.71469087807061,1.23244825508479
0.837384616844353,1.53450786246322,9.59212316320939,1.28817311180905
0.873121917366177,1.60562942318291,9.47173387801497,1.34671858324841
0.910671668447575,1.68030190691426,9.35354796702339,1.40822898210489
0.950123271006143,1.75871416580124,9.23759545130568,1.47285616246738
0.991571208552947,1.84106455566948,9.12391191903673,1.5407598428409
1.03511527432455,1.92756140526101,9.01253906772754,1.61210793544973
1.08086081049762,2.01842349639167,8.9035253034488,1.68707687994447
1.12891895939465,2.11388055354965,8.79692640289959,1.76585197920775
1.17940692651111,2.21417374100901,8.69280624474137,1.8486277344432
1.23244825508479,2.31955616498873,8.59123761719865,1.9356081761322
1.28817311180905,2.43029337778617,8.49230310962516,2.02700718673846
1.34671858324841,2.54666388018796,8.39609609663014,2.12304881022191
1.40822898210489,2.66895961729197,8.30272182356476,2.22396754246397
1.47285616246738,2.79748646219393,8.21229860356591,2.33000859559523
1.5407598428409,2.93256468065106,8.12495913689644,2.441428127891
1.61210793544973,3.07452936848039,8.04085196424818,2.55849342948174
1.68707687994447,3.22373085184841,7.96014306658059,2.681483052445
1.76585197920775,3.38053503873524,7.88301762498792,2.81068687170409
1.8486277344432,3.54532370768842,7.80968195500203,2.94640606105166
1.9356081761322,3.71849471746709,7.7403656306287,3.08895296599561
2.02700718673846,3.90046211826891,7.67532381425138,3.23865085220759
2.12304881022191,4.09165614188466,7.61483980927637,3.39583350502331
2.22396754246397,4.29252304426503,7.55922785299286,3.56084465160141
2.33000859559523,4.50352476956083,7.50883616751184,3.73403717333987
2.441428127891,4.7251383997459,7.46405028632348,3.91577207060624
2.55849342948174,4.95785534789905,7.42529667501302,4.10641713879522
2.681483052445,5.20218024695843,7.39304666248487,4.30634531054135
2.81068687170409,5.45862947844005,7.36782069754081,4.515932604843
2.94640606105166,5.72772927701282,7.3501929445174,4.73555562015618
3.08895296599561,6.01001333775691,7.34079622737747,4.96558851654271
3.23865085220759,6.30601984256929,7.34032732714467,5.20639940175927
3.39583350502331,6.61628781067693,7.34955263127349,5.45834604686758
3.56084465160141,6.94135266514046,7.36931412550284,5.72177083778704
3.73403717333987,7.28174089628489,7.40053570457413,5.99699487356028
3.91577207060624,7.6379636864007,7.44422976760635,6.28431111321517
4.10641713879522,8.01050934390913,7.50150404760325,6.58397647053781
4.30634531054135,8.39983439861094,7.57356858953388,6.8962027565414
4.515932604843,8.80635314471266,7.66174279922456,7.22114637377187
4.73555562015618,9.23042545868218,7.76746239941947,7.55889667611182
4.96558851654271,9.6723427113313,7.89228612203134,7.90946292398844
5.20639940175927,10.1323115130036,8.03790193088988,8.2727597896974
5.45834604686758,10.6104351157246,8.20613247592171,8.64859140291932
5.72177083778704,11.1066922319119,8.39893944256042,9.03663397463014
5.99699487356028,11.6209130861741,8.61842636864422,9.43641710065209
6.28431111321517,12.1527525278249,8.86683942228306,9.84730392613391
6.58397647053781,12.7016600767521,9.14656553741404,10.2684704508518
6.8962027565414,13.266846843254,9.46012719907328,10.6988843732991
7.22114637377187,13.84724935792,9.81017306023746,11.1372840125514
7.55889667611182,14.4414904766431,10.1994634601112,11.5821579836896
7.90946292398844,15.0478376949034,10.6308498057527,12.0317265198231
8.2727597896974,15.6641594211262,11.107246683382,12.4839254308452
8.64859140291932,16.2878800269571,11.6315954941106,12.9363939302207
9.03663397463014,16.9159348170439,12.2068183762896,13.3864676748004
9.43641710065209,17.5447264437114,12.8357612020845,13.8311784758383
9.84730392613391,18.1700847298768,13.5211245420796,14.2672621943949
10.2684704508518,18.787232347322,14.2653817045388,14.6911763124011
10.6988843732991,19.3907593114954,15.0706833006675,15.0991285316651
11.1372840125514,19.9746097623416,15.9387483253081,15.4871173911115
11.5821579836896,20.5320849656038,16.8707423572859,15.8509856585509
12.0317265198231,21.0558668593863,17.8671446216608,16.1864864382341
12.4839254308452,21.538066632055,18.9276064365126,16.4893614569643
12.9363939302207,21.9703028011321,20.0508052275508,16.755429944918
13.3864676748004,22.3438128172951,21.2342996215055,16.9806858733905
13.8311784758383,22.649601341075,22.4743927271731,17.1614001822592
14.2672621943949,22.878626995166,23.7660121986759,17.2942241350359
14.6911763124011,23.0220274018541,25.1026170429369,17.3762891042465
15.0991285316651,23.0713797004791,26.4761420360493,17.405297969409
15.4871173911115,23.018990557611,27.8769906305148,17.3796032753753
15.8509856585509,22.8582066236568,29.2940869290917,17.2982677308828
16.1864864382341,22.5837321348706,30.7149951187576,17.1611034618103
16.4893614569643,22.1919378885779,32.1261122073426,16.9686875532637
16.755429944918,21.6811424646614,33.5129352214977,16.7223527859729
16.9806858733905,21.0518457976466,34.8603994120071,16.4241539536179
17.1614001822592,20.3068949570707,36.1532772949032,16.0768115936217
17.2942241350359,19.4515643649365,37.3766232112943,15.6836362430593
17.3762891042465,18.493536799981,38.5162417286252,15.2484373283337
17.405297969409,17.4427775450789,39.5591545640861,14.7754214367552
17.3796032753753,16.3113015363325,40.494038253334,14.2690849682198
17.2982677308828,15.1128416209615,41.3116049118276,13.7341060387207
17.1611034618103,13.862434000218,42.004901475521,13.1752400568823
16.9686875532637,12.5759438127617,42.5695081429998,12.597222698985
16.7223527859729,11.2695587086197,43.0036241447051,12.00468315953
16.4241539536179,9.95928052976637,43.3080375691981,11.4020696461455
16.0768115936217,8.66044460831083,43.4859847558568,10.7935881976668
15.6836362430593,7.38729288088417,43.5429127263786,10.1831551074127
15.2484373283337,6.15262147543776,43.4861644164827,9.57436256181567
14.7754214367552,4.96751643774028,43.3246105023695,8.97045656596566
14.2690849682198,3.8411837151126,43.0682531571061,8.37432589581979
13.7341060387207,2.78087227413819,42.7278262261668,7.78850056502326
13.1752400568823,1.79188301793741,42.3144134757604,7.21515820922673
12.597222698985,0.877651471950366,41.8391023248139,6.65613680796241
12.00468315953,0.0398892466233852,41.312685477362,6.11295224127531
11.4020696461455,-0.721231958668067,40.7454177485288,5.5868193125747
10.7935881976668,-1.40686979222862,40.1468306382642,5.07867504051551
10.1831551074127,-2.01928869644453,39.5256032231404,4.58920320246848
9.57436256181567,-2.56163775484831,38.889484882553,4.11885929597143
8.97045656596566,-3.03773863403653,38.2452633101521,3.66789525192241
8.37432589581979,-3.45189086854427,37.5987701541148,3.23638338663243
7.78850056502326,-3.8086988689184,36.9549162845798,2.82423921427691
7.21515820922673,-4.11292316860785,36.3177489307333,2.43124287413846
6.65613680796241,-4.36935641211477,35.6905236670507,2.0570590056527
6.11295224127531,-4.58272331408955,35.0757851602483,1.70125497794323
5.5868193125747,-4.75760286284129,34.4754516416692,1.36331746027759
5.07867504051551,-4.89837042020638,33.8908991622697,1.04266735366801
4.58920320246848,-5.00915708507085,33.3230426895376,0.738673137436571
4.11885929597143,-5.09382361507655,32.7724119966386,0.450662707393389
3.66789525192241,-5.15594630002191,32.2392210234194,0.177933805883786
3.23638338663243,-5.1988123703821,31.7234300102664,-0.0802368648915673
2.82423921427691,-5.22542278812014,31.2248001672043,-0.324585717378205
2.43124287413846,-5.23850056276345,30.7429410214558,-0.555855460995312
2.0570590056527,-5.24050302945628,30.2773507842579,-0.774789269107167
1.70125497794323,-5.23363679363625,29.8274502494625,-0.982125839351102
1.36331746027759,-5.21987431526731,29.3926108522216,-1.17859524799715
1.04266735366801,-5.2009713217087,28.9721775312565,-1.3649155174768
0.738673137436571,-5.17848443116907,28.5654870439246,-1.54178980509188
0.450662707393389,-5.1537885223235,28.1718823603349,-1.70990415114915
0.177933805883786,-5.12809352712238,27.7907237288263,-1.86992570950724
-0.0802368648915673,-5.10246041845373,27.421396940105,-2.02250139876179
-0.324585717378205,-5.07781625899848,27.0633192836451,-2.16825692602888
-0.555855460995312,-5.05496822115627,26.7159436018114,-2.30779612672692
-0.774789269107167,-5.03461655459481,26.3787608217195,-2.44170057532222
-0.982125839351102,-5.01736649737284,26.0513012758256,-2.57052942858928
-1.17859524799715,-5.00373916659046,25.7331350806743,-2.69481946743225
-1.3649155174768,-4.99418145936617,25.4238717974684,-2.81508530125508
-1.54178980509188,-4.98907502942054,25.1231595648497,-2.93181970735161
-1.70990415114915,-4.98874439103789,24.8306838523991,-3.04549407992921
-1.86992570950724,-4.99346421128176,24.5461659653183,-3.15655896582033
-2.02250139876179,-5.00346585785445,24.2693613985707,-3.2654446675902
-2.16825692602888,-5.01894325603602,24.0000581180278,-3.37256189459211
-2.30779612672692,-5.04005811204769,23.738074834042,-3.47830244594909
-2.44170057532222,-5.06694455893586,23.4832593136386,-3.58303991123813
-2.57052942858928,-5.09971327221395,23.2354867664673,-3.68713037590736
-2.69481946743225,-5.13845509951841,22.9946583293472,-3.79091311976953
-2.81508530125508,-5.18324424608264,22.7606996686424,-3.89471129806269
-2.93181970735161,-5.23414105340929,22.5335597107973,-3.99883259555979
-3.04549407992921,-5.29119440474361,22.3132095068061,-4.10356984505793
-3.15655896582033,-5.35444378652343,22.0996412328471,-4.20920160230376
-3.2654446675902,-5.42392103177371,21.8928673254816,-4.3159926700187
-3.37256189459211,-5.49965176968143,21.6929197480571,-4.4241945641989
-3.47830244594909,-5.5816566013695,21.4998493827842,-4.53404591628465
-3.58303991123813,-5.66995201969008,21.3137255413239,-4.64577280514522
-3.68713037590736,-5.76455108823931,21.1346355857768,-4.75958901310938
-3.79091311976953,-5.86546389250455,20.9626846510837,-4.87569620051419
-3.89471129806269,-5.97269777392943,20.7979954591318,-4.99428399344779
-3.99883259555979,-6.08625735571128,20.6407082142382,-5.11552997953483
-4.10356984505793,-6.20614436732364,20.4909805691031,-5.23959960675618
-4.20920160230376,-6.3323572730864,20.348987649734,-5.36664598039427
-4.3159926700187,-6.4648907085809,20.2149221271963,-5.49680955269191
-4.4241945641989,-6.6037347273409,20.0889943233177,-5.63021770236496
-4.53404591628465,-6.7488738590432,19.9714323366187,-5.76698420071031
-4.64577280514522,-6.90028597939794,19.8624821737491,-5.90720855908128
-4.75958901310938,-7.05794099110155,19.762407870554,-6.05097525428563
-4.87569620051419,-7.22179931459712,19.6714915855567,-6.19835282858756
-4.99428399344779,-7.39181018699535,19.5900336471187,-6.34939286408045
-5.11552997953483,-7.5679097673531,19.5183525338011,-6.50412884127162
-5.23959960675618,-7.75001904658061,19.4567847654623,-6.66257486600211
-5.36664598039427,-7.93804156137734,19.4056846805622,-6.82472426938271
-5.49680955269191,-8.13186091400106,19.3654240738233,-6.99054809686161
-5.63021770236496,-8.33133809496147,19.3363916632192,-7.15999350265369
-5.76698420071031,-8.53630861800223,19.3189923559667,-7.33298201903979
-5.90720855908128,-8.74657946893919,19.3136462785063,-7.50940774139666
-6.05097525428563,-8.96192587614149,19.3207875309716,-7.6891354783984
-6.19835282858756,-9.18208792767358,19.3408626332521,-7.87199881230168
-6.34939286408045,-9.40676704251319,19.3743286154113,-8.05779813814544
-6.50412884127162,-9.63562232913773,19.4216507116953,-8.24629874950632
-6.66257486600211,-9.86826684243565,19.4832995981197,-8.43722892438834
-6.82472426938271,-10.1042638085044,19.5597481512295,-8.63027809539684
-6.99054809686161,-10.3431228534775,19.6514676771001,-8.82509517834117
-7.15999350265369,-10.5842962855715,19.7589235489876,-9.02128706212286
-7.33298201903979,-10.827175490763,19.882570191012,-9.21841733409004
-7.50940774139666,-11.0710875652695,20.0228454589816,-9.41600531119328
-7.6891354783984,-11.3152922431423,20.1801643061815,-9.61352545154512
-7.87199881230168,-11.5589792124236,20.3549116589981,-9.81040719640716
-8.05779813814544,-11.8012659774236,20.5474346725842,-10.006035328109
-8.24629874950632,-12.0411963816239,20.7580342260993,-10.1997509158639
-8.43722892438834,-12.2777399310971,20.9869556252085,-10.3908529200494
-8.63027809539684,-12.5097920586078,21.2343787600626,-10.5786005268993
-8.82509517834117,-12.7361755215419,21.500407630936,-10.7622162696545
-9.02128706212286,-12.9556430925234,21.7850593276895,-10.940889987752
-9.21841733409004,-13.166881685042,22.0882526837139,-11.1137836611183
-9.41600531119328,-13.3685180826398,22.4097967239216,-11.2800371388149
-9.61352545154512,-13.5591264424541,22.749379110874,-11.438774760735
-9.81040719640716,-13.7372376871607,23.1065548138232,-11.5891128471608
-10.006035328109,-13.9013508845446,23.4807353083295,-11.7301680043618
-10.1997509158639,-14.0499466712682,23.8711786197592,-11.8610661657118
-10.3908529200494,-14.181502739489,24.2769805524974,-11.9809522579986
-10.5786005268993,-14.2945113583639,24.6970674839253,-12.0890003527506
-10.7622162696545,-14.3874987936772,25.130191126121,-12.184424134173
-10.940889987752,-14.4590464499341,25.5749256490682,-12.266487489252
-11.1137836611183,-14.5078134591753,26.0296675615443,-12.334515004407
-11.2800371388149,-14.5325603561054,26.4926387163381,-12.3879021375275
-11.438774760735,-14.5321733915622,26.9618927616679,-12.4261248258332
-11.5891128471608,-14.5056889520158,27.4353252953548,-12.4487482883994
-11.7301680043618,-14.4523174773408,27.9106878920388,-12.4554347925616
-11.8610661657118,-14.3714662078749,28.3856060673493,-12.4459501685771
-11.9809522579986,-14.2627600502142,28.8576011188892,-12.4201688864034
-12.0890003527506,-14.1260598344994,29.3241156457398,-12.3780775381937
-12.184424134173,-13.9614772484223,29.7825424021697,-12.3197766153422
-12.266487489252,-13.7693857783794,30.2302559917358,-12.2454805154073
-12.334515004407,-13.5504270675505,30.6646467655407,-12.1555157639301
-12.3879021375275,-13.305512213764,31.0831561600752,-12.0503174812532
-12.4261248258332,-13.0358176729677,31.4833126057666,-11.930424183595
-12.4487482883994,-12.7427756073937,31.8627670568172,-11.7964710498183
-12.4554347925616,-12.4280587021772,32.2193271628857,-11.6491818235515
-12.4459501685771,-12.0935596812065,32.55098909603,-11.4893595481397
-12.4201688864034,-11.7413659328635,32.8559661157102,-11.3178763766212
-12.3780775381937,-11.3737298642423,33.1327130183471,-11.1356626960376
-12.3197766153422,-10.9930357619839,33.3799457665893,-10.9436958149586
-12.2454805154073,-10.6017640599768,33.596655761157,-10.7429884624677
-12.1555157639301,-10.2024540166724,33.782118404868,-10.5345773475295
-12.0503174812532,-9.79766582909904,33.9358958194332,-10.3195119907016
-11.930424183595,-9.38994326336098,34.0578337743524,-10.0988440281183
-11.7964710498183,-8.98177779040887,34.1480531008852,-9.87361715362557
-11.6491818235515,-8.57557513450175,34.2069360442063,-9.64485784577039
-11.4893595481397,-8.17362501536107,34.2351081569396,-9.41356698285851
-11.3178763766212,-7.77807475371068,34.2334164726709,-9.18071242157017
-11.1356626960376,-7.39090718702253,34.2029047590869,-8.94722258523154
-10.9436958149586,-7.01392318521532,34.1447867075583,-8.71398107981111
-10.7429884624677,-6.6487288847274,34.060417909297,-8.48182233018578
-10.5345773475295,-6.29672760112692,33.9512674537839,-8.25152820713563
-10.3195119907016,-5.95911621451217,33.8188898881619,-8.02382559864883
-10.0988440281183,-5.63688570748226,33.6648982175336,-7.79938486408317
-9.87361715362557,-5.33082543909613,33.4909385003744,-7.57881909946649
-9.64485784577039,-5.04153066911807,33.2986664996547,-7.36268413505362
-9.41356698285851,-4.76941280066954,33.089726712926,-7.15147918232848
-9.18071242157017,-4.51471179641177,32.8657339961045,-6.94564804540545
-8.94722258523154,-4.27751022875499,32.6282578904382,-6.74558081306693
-8.71398107981111,-4.05774844837677,32.3788096663793,-6.55161595144501
-8.48182233018578,-3.85524039449826,32.1188320153043,-6.36404272302101
-8.25152820713563,-3.66968962523931,31.8496912522335,-6.18310385379122
-8.02382559864883,-3.5007051976142,31.5726718449392,-6.00899838897828
-7.79938486408317,-3.34781708987961,31.2889730467216,-5.84188466776026
-7.57881909946649,-3.21049091698254,30.9997073886113,-5.68188338953854
-7.36268413505362,-3.08814175116266,30.7059007768126,-5.5290806952529
-7.15147918232848,-2.98014690941451,30.4084939416198,-5.38353123417858
-6.94564804540545,-2.88585761587732,30.1083449905179,-5.24526118926905
-6.74558081306693,-2.80460949553646,29.8062328338463,-5.11427124034495
-6.55161595144501,-2.7357318900203,29.5028612726345,-4.99053941522066
-6.36404272302101,-2.67855601428259,29.1988635625844,-4.8740238146606
-6.18310385379122,-2.63242198034989,28.8948072782682,-4.76466525028183
-6.00899838897828,-2.59668476415582,28.591199343068,-4.66238970573564
-5.84188466776026,-2.57071916861848,28.2884910828129,-4.56711064828276
-5.68188338953854,-2.5539238945673,27.9870832543878,-4.47873123500032
-5.5290806952529,-2.54572475706129,27.6873309252374,-4.39714631819522
-5.38353123417858,-2.54557715792834,27.3895481481056,-4.3222443218249
-5.24526118926905,-2.55296790287967,27.0940124080733,-4.25390897315703
-5.11427124034495,-2.56741643331448,26.8009688246203,-4.19202088357047
-4.99053941522066,-2.58847554367988,26.5106340410374,-4.13645898189808
-4.8740238146606,-2.61573167566887,26.2231998134979,-4.08710182060875
-4.76466525028183,-2.64880483797524,25.9388363692835,-4.04382875176599
-4.66238970573564,-2.68734821687898,25.6576954044388,-4.00652098056843
-4.56711064828276,-2.73104754685065,25.3799128519986,-3.97506249772662
-4.47873123500032,-2.77962025429764,25.1056113937973,-3.9493409039247
-4.39714631819522,-2.83281446168271,24.8349026997927,-3.92924813422701
-4.3222443218249,-2.89040785759542,24.5678894723007,-3.91468108500147
-4.25390897315703,-2.9522064722164,24.3046672780721,-3.90554215146241
-4.19202088357047,-3.01804339380885,24.0453261909223,-3.90173967810255
-4.13645898189808,-3.08777744695998,23.7899522731166,-3.90318833388519
-4.08710182060875,-3.16129184479774,23.5386289145096,-3.90980941482938
-4.04382875176599,-3.2384928369583,23.2914380415314,-3.92153107955782
-4.00652098056843,-3.31930836715719,23.048461213651,-3.93828852210535
-3.97506249772662,-3.4036867497751,22.8097806270591,-3.96002408297859
-3.9493409039247,-3.49159537136559,22.5754800384995,-3.98668730663438
-3.92924813422701,-3.58301942036522,22.3456456232455,-4.01823494664716
-3.91468108500147,-3.67796065383643,22.1203667766369,-4.05463092323263
-3.90554215146241,-3.77643619823643,21.8997368737857,-4.0958462306948
-3.90173967810255,-3.87847738868438,21.6838539953888,-4.14185879727184
-3.90318833388519,-3.98412864017987,21.4728216298108,-4.1926533005479
-3.90980941482938,-4.09344635013737,21.2667493587144,-4.24822094126729
-3.92153107955782,-4.20649783015988,21.0657535316609,-4.30855916939513
-3.93828852210535,-4.32336025964489,20.8699579376622,-4.37367136153104
-3.96002408297859,-4.44411965976262,20.6794944771793,-4.44356645276912
-3.98668730663438,-4.56886987628722,20.4945038400862,-4.51825852492493
-4.01823494664716,-4.69771156514571,20.3151361927468,-4.59776633619578
-4.05463092323263,-4.83075117490071,20.1415518742215,-4.68211279426549
-4.0958462306948,-4.96809991592175,19.9739221064032,-4.77132438192824
-4.14185879727184,-5.10987270989324,19.8124297165428,-4.86543051419893
-4.1926533005479,-5.25618710106827,19.6572698760253,-4.96446282055897
-4.24822094126729,-5.40716212636845,19.5086508486118,-5.06845437497997
-4.30855916939513,-5.56291713267673,19.3667947492619,-5.17743883257631
-4.37367136153104,-5.72357053017753,19.2319383099532,-5.2914494812403
-4.44356645276912,-5.88923845531182,19.1043336523561,-5.41051823485968
-4.51825852492493,-6.06003335055442,18.9842490524067,-5.53467447042416
-4.59776633619578,-6.23606244754036,18.8719696933169,-5.6639438446817
-4.68211279426549,-6.41742610455401,18.7677984080564,-5.79834691704465
-4.77132438192824,-6.60421603166064,18.6720563847892,-5.9378977277465
-4.86543051419893,-6.79651337911977,18.5850838256358,-6.08260221651889
-4.96446282055897,-6.99438661241499,18.5072405594743,-6.23245651248248
-5.06845437497997,-7.19788928053273,18.43890656909,-6.38744514090881
-5.17743883257631,-7.40705754194192,18.3804824171769,-6.54753901269475
-5.2914494812403,-7.62190748898467,18.3323895690962,-6.71269337323009
-5.41051823485968,-7.84243233401979,18.2950705462268,-6.88284554246401
-5.53467447042416,-8.06859920491274,18.2689889073769,-7.05791254511724
-5.6639438446817,-8.30034595031773,18.254629036738,-7.23778865335071
-5.79834691704465,-8.53757742586298,18.2524956194912,-7.42234273206933
-5.9378977277465,-8.78016181593063,18.2631129121537,-7.61141555297996
-6.08260221651889,-9.02792650107052,18.2870235565398,-7.8048170043884
-6.23245651248248,-9.28065382793111,18.3247870990138,-8.0023231916513
-6.38744514090881,-9.53807665919349,18.376977995957,-8.20367360031246
-6.54753901269475,-9.79987362885349,18.4441830845316,-8.40856818170262
-6.71269337323009,-10.0656644354375,18.5269985803191,-8.61666451785538
-6.88284554246401,-10.3350048314851,18.6260262665204,-8.82757513038117
-7.05791254511724,-10.6073816912644,18.741869118847,-9.04086490438375
-7.23778865335071,-10.8822080943831,18.8751261005567,-9.25604876985901
-7.42234273206933,-11.1588184218987,19.0263860078901,-9.4725897162854
-7.61141555297996,-11.4364637972184,19.196220615249,-9.68989720245793
-7.8048170043884,-11.7143077960332,19.3851766636328,-9.90732606279232
-8.0023231916513,-11.9914226250644,19.5937668936611,-10.1241760151328
-8.20367360031246,-12.2667860247079,19.8224602088063,-10.3396918805234
-8.40856818170262,-12.5392789476457,20.0716704740075,-10.5530646108879
-8.61666451785538,-12.807684272885,20.3417445972235,-10.7634332286357
-8.82757513038117,-13.070686823043,20.6329495296229,-10.969887777968
-9.04086490438375,-13.3268748678015,20.945458266276,-11.1714733737863
-9.25604876985901,-13.574743327298,21.2793352467039,-11.3671954191606
-9.4725897162854,-13.8126990006314,21.6345211108088,-11.5560260413918
-9.68989720245793,-14.0390680299926,22.0108170720526,-11.7369117701323
-9.90732606279232,-14.2521058182919,22.4078692371952,-11.9087824490905
-10.1241760151328,-14.450009564317,22.8251532423779,-12.0705613359456
-10.3396918805234,-14.6309336521761,23.2619595494702,-12.2211763040907
-10.5530646108879,-14.7930079276162,23.7173799225917,-12.3595720159759
-10.7634332286357,-14.9343589122766,24.190295578469,-12.4847228927194
-10.969887777968,-15.0531338806613,24.6793675872147,-12.5956466607424
-11.1714733737863,-15.1475276278881,25.1830301095854,-12.6914182140976
-11.3671954191606,-15.2158116349127,25.699487067786,-12.7711834965132
-11.5560260413918,-15.256365205925,26.2267128311746,-12.834173079266
-11.7369117701323,-15.2677080153959,26.7624574531582,-12.8797150911453
-11.9087824490905,-15.2485333656427,27.3042569187296,-12.907247155993
-12.0705613359456,-15.1977413271999,27.8494487514591,-12.9163269985327
-12.2211763040907,-15.1144708224463,28.3951931841794,-12.9066413993811
-12.3595720159759,-14.9981296271873,28.9384999213102,-12.8780132201856
-12.4847228927194,-14.8484212145601,29.476260317363,-12.8304062712731
-12.5956466607424,-14.6653673587757,30.0052845744861,-12.763927850905
-12.6914182140976,-14.4493254606465,30.5223433275137,-12.6788288528581
-12.7711834965132,-14.2009996555501,31.0242127588442,-12.5755014220925
-12.834173079266,-13.9214449188851,31.5077221742769,-12.4544742097551
-12.8797150911453,-13.6120635940238,31.9698027806533,-12.3164053430726
-12.907247155993,-13.27459401995,32.4075362896317,-12.1620733198572
-12.9163269985327,-12.9110912198433,32.8182018871357,-11.9923660725158
-12.9066413993811,-12.5238999304815,33.199320086122,-11.8082684930279
-12.8780132201856,-12.1156205654458,33.5486920549598,-11.6108487780546
-12.8304062712731,-11.689068989984,33.8644331535509,-11.4012439315364
-12.763927850905,-11.2472312407678,34.1449996104171,-11.1806447819991
-12.6788288528581,-10.7932145446434,34.3892075202384,-10.9502808894091
-12.5755014220925,-10.3301961715296,34.5962436363162,-10.7114056557211
-12.4544742097551,-9.86137165018639,34.7656677866379,-10.4652819363037
-12.3164053430726,-9.38990390118499,34.8974070506669,-10.2131684347711
-12.1620733198572,-8.9188748347926,34.9917421441374,-9.95630708593528
-11.9923660725158,-8.45124068918309,35.0492867462748,-9.69591159865015
-11.8082684930279,-7.98979223546584,35.0709607380578,-9.43315728394616
-11.6108487780546,-7.53712078302604,35.0579585021789,-9.16917225180481
-11.4012439315364,-7.09559054242964,35.0117135116864,-8.90503000605377
-11.1806447819991,-6.66731768212648,34.9338605068766,-8.6417434348516
-10.9502808894091,-6.25415616671307,34.8261965469146,-8.38026016094078
-10.7114056557211,-5.857690161336,34.6906421011549,-8.12145918772281
-10.4652819363037,-5.47923260160598,34.5292032566537,-7.86614875484593
-10.2131684347711,-5.11982936702085,34.3439359817073,-7.61506530213711
-9.95630708593528,-4.78026835438789,34.1369131546198,-7.36887342930522
-9.69591159865015,-4.46109266405919,33.9101949227091,-7.12816673294967
-9.43315728394616,-4.16261708800352,33.665802757079,-6.89346940146094
-9.16917225180481,-3.88494707817956,33.4056974092825,-6.66523844917203
-8.90503000605377,-3.62799941626504,33.1317608005377,-6.44386647506382
-8.6417434348516,-3.39152386275659,32.8457817543235,-6.22968483925901
-8.38026016094078,-3.17512513950554,32.5494453750502,-6.02296716027423
-8.12145918772281,-2.97828468713008,32.2443257918059,-5.82393304384098
-7.86614875484593,-2.80038174225012,31.931881927333,-5.63275195256983
-7.61506530213711,-2.64071336486524,31.6134559209466,-5.44954715670969
-7.36887342930522,-2.49851314123198,31.2902738176241,-5.27439970051126
-7.12816673294967,-2.37296836822039,30.9634481374659,-5.10735233931047
-6.89346940146094,-2.26323560563279,30.6339819570054,-4.94841338867448
-6.66523844917203,-2.16845453657795,30.3027741560976,-4.79756046408347
-6.44386647506382,-2.08776013448837,29.970625515119,-4.6547440691032
-6.22968483925901,-2.02029318171655,29.6382453861759,-4.51989103380949
-6.02296716027423,-1.96520921563555,29.3062587024715,-4.39290777132443
-5.82393304384098,-1.92168599556929,28.9752131246414,-4.27368332419224
-5.63275195256983,-1.88892959583809,28.6455861440583,-4.16209223358562
-5.44954715670969,-1.86617926293537,28.317792019418,-4.05799720615773
-5.27439970051126,-1.85271115994639,27.9921884465545,-3.9612515736585
-5.10735233931047,-1.84784112475771,27.6690828965927,-3.87170155854041
-4.94841338867448,-1.85092655729241,27.348738543923,-3.78918834666306
-4.79756046408347,-1.86136756366797,27.031379773524,-3.71354997598815
-4.6547440691032,-1.87860746428202,26.7171972337294,-3.64462304580145
-4.51989103380949,-1.90213276699604,26.4063524703118,-3.58224425587876
-4.39290777132443,-1.9314726896085,26.0989821132462,-3.52625178558018
-4.27368332419224,-1.96619833067052,25.7952016232745,-3.47648652183141
-4.16209223358562,-2.00592154619619,25.4951086755733,-3.43279314490393
-4.05799720615773,-2.05029359971087,25.1987861584919,-3.39502108349652
-3.9612515736585,-2.0990036499536,24.90630482564,-3.36302534779378
-3.87170155854041,-2.15177711574438,24.6177256441185,-3.33666724984633
-3.78918834666306,-2.20837396291929,24.3331018597623,-3.31581502065776
-3.71354997598815,-2.26858694535953,24.0524808125551,-3.30034433249278
-3.64462304580145,-2.33223983120987,23.775905528999,-3.2901387347675
-3.58224425587876,-2.39918563767532,23.5034161197047,-3.28509001023551
-3.52625178558018,-2.46930489298621,23.2350510082401,-3.28509846008021
-3.47648652183141,-2.54250393992572,22.970848015681,-3.29007312401985
-3.43279314490393,-2.61871329469859,22.7108453213583,-3.29993194141324
-3.39502108349652,-2.69788606757092,22.4550823210666,-3.31460185885098
-3.36302534779378,-2.77999645218149,22.2036004003438,-3.33401888940105
-3.33666724984633,-2.86503828724294,21.9564436392254,-3.35812812810636
-3.31581502065776,-2.95302369242895,21.7136594629929,-3.3868837257942
-3.30034433249278,-3.0439817789313,21.4752992518109,-3.42024882594257
-3.2901387347675,-3.13795743203564,21.2414189215795,-3.45819546681065
-3.28509001023551,-3.2350101651686,21.0120794854598,-3.50070445060831
-3.28509846008021,-3.3352130401886,20.7873476055557,-3.54776518285219
-3.29007312401985,-3.43865164969423,20.5672961427503,-3.59937547967574
-3.29993194141324,-3.54542315607915,20.3520047117313,-3.65554134377938
-3.31460185885098,-3.65563538114189,20.1415602474728,-3.71627670968452
-3.33401888940105,-3.76940593972966,19.9360575882504,-3.7816031598059
-3.35812812810636,-3.88686140896619,19.735600080494,-3.85154960645782
-3.3868837257942,-4.00813652672748,19.5403002093811,-3.92615193516609
-3.42024882594257,-4.13337340983171,19.350280258471,-4.00545261021395
-3.45819546681065,-4.26272078219677,19.1656730021053,-4.08950024393582
-3.50070445060831,-4.39633320343028,18.9866224330454,-4.17834911452969
-3.54776518285219,-4.53437028815011,18.8132845254217,-4.27205862928677
-3.59937547967574,-4.67699590442655,18.6458280369877,-4.37069274428823
-3.65554134377938,-4.82437734293866,18.4844353486273,-4.47431931010142
-3.71627670968452,-4.97668443765343,18.3293033460723,-4.5830093456218
-3.7816031598059,-5.13408862912135,18.1806443376926,-4.69683626332552
-3.85154960645782,-5.29676195832282,18.0386870081558,-4.81587494905948
-3.92615193516609,-5.46487597946253,17.9036774055091,-4.9402008404337
-4.00545261021395,-5.63860055696982,17.7758799670336,-5.06988878833495
-4.08950024393582,-5.81810255554251,17.6555785605959,-5.20501192609192
-4.17834911452969,-6.00354440606258,17.5430775433631,-5.34564030327128
-4.27205862928677,-6.19508247947314,17.4387028506536,-5.49183947376229
-4.37069274428823,-6.39286534113413,17.3428030573969,-5.64366888841307
-4.47431931010142,-6.59703177160245,17.2557504450514,-5.80118013593423
-4.5830093456218,-6.80770857933287,17.1779420451171,-5.96441506141033
-4.69683626332552,-7.02500824152861,17.1098006010258,-6.13340363247241
-4.81587494905948,-7.24902614208521,17.0517755235041,-6.30816169600604
-4.9402008404337,-7.47983776851459,17.0043436675174,-6.48868850204131
-5.06988878833495,-7.71749531617302,16.9680100667744,-6.67496401751644
-5.20501192609192,-7.9620243093305,16.9433084374705,-6.866946090033
-5.34564030327128,-8.21341954236416,16.9308015141389,-7.06456735699977
-5.49183947376229,-8.47164100089065,16.9310811338827,-7.26773197362922
-5.64366888841307,-8.73660914551381,16.9447679788302,-7.47631218696463
-5.80118013593423,-9.00820000260667,16.9725110037001,-7.69014469070685
-5.96441506141033,-9.28623984349539,17.0149863885547,-7.90902684499982
-6.13340363247241,-9.57049939411643,17.0728959721064,-8.13271281537433
-6.30816169600604,-9.86068787624247,17.1469651488166,-8.36090958957791
-6.48868850204131,-10.1564465570707,17.237939998969,-8.59327296850495
-6.67496401751644,-10.4573420739318,17.3465836804627,-8.82940366272253
-6.866946090033,-10.7628595893695,17.4736719668403,-9.06884342622199
-7.06456735699977,-11.0723956638174,17.6199876895473,-9.31107143175549
-7.26773197362922,-11.3852511546855,17.7863141616141,-9.55550097209536
-7.47631218696463,-11.7006241947916,17.9734274071464,-9.80147657859521
-7.69014469070685,-12.0176032965829,18.1820869485111,-10.0482717035599
-7.90902684499982,-12.3351609061183,18.4130252845609,-10.2950871122864
-8.13271281537433,-12.6521475782965,18.6669359221617,-10.5410501474932
-8.36090958957791,-12.9672869509597,18.9444596575035,-10.7852150181401
-8.59327296850495,-13.2791718619699,19.2461694263299,-11.0265642758647
-8.82940366272253,-13.5862619495997,19.5725536516416,-11.2640116435355
-9.06884342622199,-13.8868830238438,19.9239977788096,-11.4964063446123
-9.31107143175549,-14.1792285771489,20.3007646813842,-11.722539065068
-9.55550097209536,-14.4613638827932,20.7029737520271,-11.9411496526789
-9.80147657859521,-14.7312330499196,21.1305789951415,-12.1509366220335
-10.0482717035599,-14.9866694424174,21.5833465194671,-12.3505684875272
-10.2950871122864,-15.2254097600616,22.0608319406146,-12.5386968913809
-10.5410501474932,-15.4451122193031,22.5623581311356,-12.7139714305792
-10.7852150181401,-15.6433790077532,23.0869940585849,-12.8750560181685
-11.0265642758647,-15.8177831955204,23.6335354346531,-13.0206465361191
-11.2640116435355,-15.9659001219971,24.2004880420179,-13.1494894749306
-11.4964063446123,-16.0853431291589,24.7860546496163,-13.260401172489
-11.722539065068,-16.1738033242741,25.388126474965,-13.3522872078142
-11.9411496526789,-16.2290928433869,26.0042801575641,-13.424161457263
-12.1509366220335,-16.2491908588408,26.6317811662483,-13.4751642884349
-12.3505684875272,-16.2322913386347,27.2675944686296,-13.5045793526591
-12.5386968913809,-16.1768513354693,27.9084031370038,-13.5118484523299
-12.7139714305792,-16.0816383747758,28.5506353500789,-13.4965839879149
-12.8750560181685,-15.9457753427878,29.1904999779327,-13.4585785492034
-13.0206465361191,-15.7687811479099,29.824030594819,-13.3978113128163
-13.1494894749306,-15.5506054088286,30.4471374252938,-13.314450988036
-13.260401172489,-15.2916554452153,31.0556663021494,-13.20885518408
-13.3522872078142,-14.9928140018154,31.6454633281889,-13.0815661874482
-13.424161457263,-14.6554463834194,32.2124435667517,-12.9333032618902
-13.4751642884349,-14.281396016231,32.7526617697003,-12.7649517167908
-13.5045793526591,-13.8729678845782,33.2623828997779,-12.5775490594367
-13.5118484523299,-13.4328997648844,33.7381500900964,-12.3722686963139
-13.4965839879149,-12.96432172081,34.1768476466787,-12.1504016371278
-13.4585785492034,-12.4707048994385,34.5757567835138,-11.9133367822394
-13.3978113128163,-11.9558010947405,34.9326021112062,-11.6625403170891
-13.314450988036,-11.4235749861747,35.2455872178697,-11.3995347797493
-13.20885518408,-10.8781314329491,35.5134180852435,-11.1258783308371
-13.0815661874482,-10.3236401885001,35.7353137322586,-10.8431446696438
-12.9333032618902,-9.76426067933993,35.9110039600625,-10.5529040537745
-12.7649517167908,-9.2040693553194,36.0407146411831,-10.256705727457
-12.5775490594367,-8.64699184353815,36.1251415520411,-9.95606203842734
-12.3722686963139,-8.09674202683891,36.1654141563396,-9.65243444256649
-12.1504016371278,-7.55676951490021,36.1630510858679,-9.34722149448401
-11.9133367822394,-7.03021676677563,36.11990935517,-9.04174887248958
-11.6625403170891,-6.51988645048827,36.038129350433,-8.73726143161862
-11.3995347797493,-6.02821926296389,35.9200777427912,-8.43491720922763
-11.1258783308371,-5.5572819772768,35.7682902720788,-8.13578327495481
-10.8431446696438,-5.10876505561003,35.5854161707492,-7.84083328516181
-10.5529040537745,-4.68398894350615,35.374165789153,-7.55094657787141
-10.256705727457,-4.28391787984068,35.1372625704594,-7.26690863166903
-9.95606203842734,-3.90917993566004,34.8774003017856,-6.98941270543325
-9.65243444256649,-3.56009195162649,34.5972062117078,-6.71906247659134
-9.34722149448401,-3.23668804310619,34.2992101675836,-6.45637550032364
-9.04174887248958,-2.93875041203708,33.9858199935651,-6.20178732498865
-8.73726143161862,-2.66584131008989,33.6593027135372,-5.9556561060173
-8.43491720922763,-2.41733515849105,33.3217713243844,-5.71826757842521
-8.13578327495481,-2.19244998067249,32.9751765957989,-5.48984026840969
-7.84083328516181,-1.99027745904265,32.6213033093587,-5.27053082970204
-7.55094657787141,-1.80981110203275,32.2617703026646,-5.06043941077114
-7.26690863166903,-1.64997215439656,31.898033678059,-4.8596149738158
-6.98941270543325,-1.50963301545449,31.5313925516478,-4.66806050720419
-6.71906247659134,-1.38763805017522,31.1629967570014,-4.48573806885743
-6.45637550032364,-1.28282177136016,30.7938559684925,-4.31257362581366
-6.20178732498865,-1.19402445844548,30.4248497775815,-4.14846166126519
-5.9556561060173,-1.1201053182486,30.0567383065247,-3.99326952135089
-5.71826757842521,-1.05995335495966,29.690173019839,-3.84684148677084
-5.48984026840969,-1.01249614245564,29.3257074652209,-3.70900256900104
-5.27053082970204,-0.976706691771092,28.9638077184207,-3.57956202150926
-5.06043941077114,-0.951608625936702,28.6048623597053,-3.4583165708853
-4.8596149738158,-0.936279873456021,28.2491918668846,-3.34505337289086
-4.66806050720419,-0.929855081448095,27.897057355413,-3.23955270173109
-4.48573806885743,-0.931526933090496,27.5486686031154,-3.14159038313964
-4.31257362581366,-0.940546548559077,27.2041913532592,-3.05093998342477
-4.14846166126519,-0.956223125071166,26.8637539018426,-2.96737476775052
-3.99326952135089,-0.97792295852638,26.5274529788934,-2.89066944166046
-3.84684148677084,-1.00506797713696,26.1953589575531,-2.82060169023854
-3.70900256900104,-1.03713389256983,25.8675204434747,-2.75695352943141
-3.57956202150926,-1.07364806694376,25.5439682805906,-2.69951248394656
-3.4583165708853,-1.11418717670775,25.224719027137,-2.64807260585089
-3.34505337289086,-1.15837474273421,24.9097779523106,-2.60243534763076
-3.23955270173109,-1.20587858474447,24.5991416039011,-2.5624103028846
-3.14159038313964,-1.25640824808585,24.2927999957382,-2.52781582725362
-3.05093998342477,-1.30971244212566,23.9907384612719,-2.49847955153029
-2.96737476775052,-1.36557652188625,23.6929392166114,-2.47423879818795
-2.89066944166046,-1.42382003794091,23.3993826730335,-2.45494091185851
-2.82060169023854,-1.48429437393639,23.1100485354759,-2.44044351356628
-2.75695352943141,-1.54688048628657,22.8249167200504,-2.43061468779766
-2.69951248394656,-1.61148675652382,22.5439681201785,-2.42533311072
-2.64807260585089,-1.67804696340504,22.2671852476746,-2.42448812723266
-2.60243534763076,-1.74651837892302,21.9945527720845,-2.42797978380476
-2.5624103028846,-1.81687999014646,21.7260579786867,-2.43571882338591
-2.52781582725362,-1.88913084680442,21.4616911630375,-2.4476266480397
-2.49847955153029,-1.96328853296563,21.2014459775955,-2.46363525431361
-2.47423879818795,-2.03938775988689,20.945319743896,-2.48368714577057
-2.45494091185851,-2.11747907607571,20.6933137419366,-2.50773522651973
-2.44044351356628,-2.19762768980927,20.4454334868258,-2.535742679025
-2.43061468779766,-2.27991239866714,20.201689001404,-2.56768282892137
-2.42533311072,-2.3644246201862,19.9620950923714,-2.60353899903508
-2.42448812723266,-2.45126751734627,19.726671636447,-2.64330435471452
-2.42797978380476,-2.54055521224117,19.4954438823026,-2.68698174147205
-2.43571882338591,-2.63241208109899,19.2684427733086,-2.73458351485011
-2.4476266480397,-2.72697212359938,19.045705295602,-2.78613136360522
-2.46363525431361,-2.82437839928563,18.8272748555437,-2.84165612545984
-2.48368714577057,-2.92478252370978,18.6132016902927,-2.90119759641138
-2.50773522651973,-3.02834421680073,18.4035433149807,-2.96480433100733
-2.535742679025,-3.13523089579012,18.1983650097745,-3.03253342940958
-2.56768282892137,-3.24561730483502,17.9977403500204,-3.1044503116919
-2.60353899903508,-3.35968517324894,17.8017517826326,-3.18062848034032
-2.64330435471452,-3.47762289396707,17.6104912512004,-3.26114925917388
-2.68698174147205,-3.59962521312039,17.4240608736544,-3.34610150709813
-2.73458351485011,-3.7258929231077,17.2425736744074,-3.43558131055575
-2.78613136360522,-3.85663254871217,17.0661543741279,-3.52969163786007
-2.84165612545984,-3.99205601583788,16.8949402417747,-3.62854194723363
-2.90119759641138,-4.13238029173653,16.7290820087618,-3.73224776772379
-2.96480433100733,-4.27782698573362,16.5687448485372,-3.84093020183112
-3.03253342940958,-4.42862190418378,16.4141094212224,-3.95471538441858
-3.1044503116919,-4.58499453367747,16.2653730000355,-4.07373385143719
-3.18062848034032,-4.74717744442669,16.1227506567131,-4.1981198510299
-3.26114925917388,-4.91540561732169,15.986476513376,-4.32801051596843
-3.34610150709813,-5.08991562470013,15.8568051069457,-4.46354499366822
-3.43558131055575,-5.27094473014687,15.7340127541066,-4.60486337220509
-3.52969163786007,-5.45872978071562,15.618399078905,-4.75210555746114
-3.62854194723363,-5.65350600845236,15.5102884961619,-4.90540992336825
-3.73224776772379,-5.85550551519762,15.4100318973003,-5.06491183140133
-3.84093020183112,-6.06495571706407,15.3180082166426,-5.23074197161632
-3.95471538441858,-6.28207732636377,15.2346262276475,-5.40302444772643
-4.07373385143719,-6.5070822774004,15.1603262072895,-5.58187470172627
-4.1981198510299,-6.74017115921129,15.095581732943,-5.76739714394832
-4.32801051596843,-6.98153043828035,15.0409014109999,-5.95968252701104
-4.46354499366822,-7.23132926086236,14.9968305789075,-6.15880506585732
-4.60486337220509,-7.48971579155948,14.9639529845016,-6.36481921964107
-4.75210555746114,-7.75681326396775,14.9428922908098,-6.57775616569219
-4.90540992336825,-8.03271531554528,14.9343135055979,-6.79761996111893
-5.06491183140133,-8.3174810395417,14.9389241545032,-7.02438335755963
-5.23074197161632,-8.61112932068709,14.9574751991573,-7.2579832541629
-5.40302444772643,-8.91363261152375,14.9907616173599,-7.49831584008072
-5.58187470172627,-9.22491019216657,15.0396225388291,-7.74523141484328
-5.76739714394832,-9.54482063003182,15.1049408369761,-7.99852889169663
-5.95968252701104,-9.87315370173344,15.1876420827041,-8.2579500414555
-6.15880506585732,-10.2096216721671,15.2886927171442,-8.52317353647621
-6.36481921964107,-10.5538498416164,15.4090972690081,-8.79380887569003
-6.57775616569219,-10.9053665585675,15.5498945024711,-9.06939022713873
-6.79761996111893,-11.2635927035417,15.7121523116784,-9.34937035447906
-7.02438335755963,-11.6278306815169,15.8969611448942,-9.63311478472761
-7.2579832541629,-11.9972530561029,16.1054257454375,-9.91989632634763
-7.49831584008072,-12.3708910816415,16.3386550978675,-10.2088901633935
-7.74523141484328,-12.7476232604321,16.5977502923415,-10.4991697539827
-7.99852889169663,-13.126164180967,16.88379009064,-10.7897037706344
-8.2579500414555,-13.5050540172945,17.1978140448144,-11.0793543582122
-8.52317353647621,-13.8826490695222,17.5408030595888,-11.3668769800245
-8.79380887569003,-14.2571138067325,17.9136572682166,-11.6509221584997
-9.06939022713873,-14.6264149119007,18.3171709619231,-11.9300393952587
-9.34937035447906,-14.9883179639219,18.752004912385,-12.2026835441891
-9.63311478472761,-15.3403874112898,19.2186561246019,-12.4672238788774
-9.91989632634763,-15.6799905527161,19.7174250517376,-12.721956045196
-10.2088901633935,-16.0043062784609,20.2483808653072,-12.9651170206982
-10.4991697539827,-16.3103392532095,20.811325401261,-13.1949031124424
-10.7897037706344,-16.5949403691513,21.4057563518598,-13.4094909177832
-11.0793543582122,-16.8548340511624,22.0308308006387,-13.6070610579501
-11.3668769800245,-17.086652971661,22.6853301956177,-13.7858243341215
-11.6509221584997,-17.2869805107275,23.367628193339,-13.9440498337234
-11.9300393952587,-17.4524010764451,24.0756629134288,-14.0800943747769
-12.2026835441891,-17.5795580818717,24.8069153205732,-14.1924325553572
-12.4672238788774,-17.6652190017895,25.5583955410938,-14.2796865484168
-12.721956045196,-17.7063465058766,26.3266389319766,-14.3406547107599
-12.9651170206982,-17.7001742042751,27.1077136324278,-14.3743380662904
-13.1949031124424,-17.6442850667448,27.8972411212161,-14.3799637236126
-13.4094909177832,-17.5366900957919,28.690430972617,-14.3570043140661
-13.6070610579501,-17.3759044666019,29.4821305530485,-14.3051927107804
-13.7858243341215,-17.1610179669327,30.2668897480879,-14.224531398331
-13.9440498337234,-16.8917564556479,31.0390401374161,-14.1152960829018
-14.0800943747769,-16.5685310515288,31.792787258649,-13.978033345725
-14.1924325553572,-16.1924719188146,32.5223138156301,-13.8135523917782
-14.2796865484168,-15.7654439682143,33.2218908399996,-13.6229111644873
-14.3406547107599,-15.2900424528768,33.8859931177139,-13.407397329193
-14.3743380662904,-14.7695672681223,34.5094147606956,-13.1685048180901
-14.3799637236126,-14.2079756651266,35.087380484834,-12.9079067504417
-14.3570043140661,-13.6098143533509,35.6156479043337,-12.6274256970093
-14.3051927107804,-12.9801328584696,36.0905966845925,-12.3290022273452
-14.224531398331,-12.3243811180189,36.5093007334045,-12.0146627662125
-14.1152960829018,-11.6482952033891,36.8695803880798,-11.6864876534381
-13.978033345725,-10.9577755289291,37.1700326756162,-11.3465802797933
-13.8135523917782,-10.2587624735782,37.4100386648142,-10.9970380168517
-13.6229111644873,-9.5571141978643,37.5897482534797,-10.6399255364381
-13.407397329193,-8.85849130124666,37.7100437137925,-10.2772509695918
-13.1685048180901,-8.16825241869682,37.7724844262923,-9.91094521028034
-12.9079067504417,-7.49136401269637,37.779235911159,-9.54284451177518
-12.6274256970093,-6.83232688222893,37.732986926753,-9.17467643926889
-12.3290022273452,-6.19512071933604,37.6368585833155,-8.80804907654495
-12.0146627662125,-5.58316727997908,37.4943095251832,-8.44444334870296
-11.6864876534381,-4.99931164600781,37.3090409703783,-8.08520822553995
-11.3465802797933,-4.44582042799792,37.0849049900811,-7.73155852620015
-10.9970380168517,-3.92439502878152,36.8258189046344,-7.38457502156713
-10.6399255364381,-3.43619775923611,36.5356879537098,-7.04520651497914
-10.2772509695918,-2.9818882546796,36.2183378341105,-6.71427357937094
-9.91094521028034,-2.56166766860389,35.87745796481,-6.39247364082252
-9.54284451177518,-2.1753280943123,35.5165557979444,-6.0803871167981
-9.17467643926889,-1.82230492108462,35.1389219980686,-5.77848434942697
-8.80804907654495,-1.5017300884607,34.7476058507869,-5.48713307814666
-8.44444334870296,-1.21248447402298,34.3454000301002,-5.20660625437287
-8.08520822553995,-0.953248060264491,33.9348336065677,-4.93709001590011
-7.73155852620015,-0.722546818050285,33.5181720825476,-4.67869166463306
-7.38457502156713,-0.518795577040503,33.0974232141916,-4.43144752428946
-7.04520651497914,-0.340336422840733,32.6743474073667,-4.19533057754979
-6.71427357937094,-0.185472419346258,32.2504715514709,-3.97025780439314
-6.39247364082252,-0.0524966430775815,31.8271052659259,-3.75609716297498
-6.0803871167981,0.0602833273280745,31.405358660921,-3.55267417138156
-5.77848434942697,0.154525200099718,30.986160867334,-3.3597780628984
-5.48713307814666,0.231835731761852,30.5702786834851,-3.17716749941172
-5.20660625437287,0.29375804946697,30.1583348626159,-3.00457583929385
-4.93709001590011,0.341762141973984,29.750825665089,-2.8417159622954
-4.67869166463306,0.377238117048731,29.3481373934538,-2.68828465993899
-4.43144752428946,0.401491828887326,28.9505617307252,-2.54396660525813
-4.19533057754979,0.415742505449671,28.5583097736917,-2.40843792398507
-3.97025780439314,0.421122034973309,28.171524713887,-2.28136938140219
-3.75609716297498,0.418675604124904,27.7902931667946,-2.16242921345019
-3.55267417138156,0.409363414899636,27.4146551862635,-2.05128562030334
-3.3597780628984,0.394063241667014,27.0446130274481,-1.94760895035287
-3.17716749941172,0.373573622491094,26.6801387397133,-1.85107359535424
-3.00457583929385,0.348617510802165,26.321180683973,-1.76135962182749
-2.8417159622954,0.319846240576984,25.9676690722932,-1.67815416103215
-2.68828465993899,0.287843683793528,25.6195206303051,-1.60115257933912
-2.54396660525813,0.253130498518808,25.2766424795008,-1.53005944996411
-2.40843792398507,0.216168391882253,24.9389353374689,-1.46458934597969
-2.28136938140219,0.17736433025715,24.6062961216722,-1.40446747297397
-2.16242921345019,0.13707464958742,24.2786200405698,-1.34943015960986
-2.05128562030334,0.0956090272125542,23.9558022466663,-1.29922522103754
-1.94760895035287,0.0532342881947957,23.6377391190107,-1.25361221133923
-1.85107359535424,0.0101780256669507,23.3243292351452,-1.21236257893449
-1.76135962182749,-0.033367976927115,23.0154740856725,-1.17525973659067
-1.67815416103215,-0.0772445296534143,22.7110785776392,-1.14209905912544
-1.60115257933912,-0.121322029017847,22.411051366853,-1.11268781938056
-1.53005944996411,-0.165497659925931,22.1153050535194,-1.08684506999913
-1.46458934597969,-0.209692803643438,21.8237562705023,-1.06440148409474
-1.40446747297397,-0.253850646876459,21.5363256888787,-1.04519915853022
-1.34943015960986,-0.297933985239098,21.2529379614906,-1.02909138866692
-1.29922522103754,-0.34192321426225,20.9735216215991,-1.01594242199581
-1.25361221133923,-0.385814498343466,20.6980089506828,-1.00562719540483
-1.21236257893449,-0.429618109944003,20.4263358269295,-0.998031060286084
-1.17525973659067,-0.473356928903001,20.1584415634301,-0.993049501476857
-1.14209905912544,-0.517065093588916,19.8942687436059,-0.990587853586942
-1.11268781938056,-0.560786792966151,19.6337630593744,-0.990561018025513
-1.08684506999913,-0.604575193150232,19.3768731566223,-0.9928931838513
-1.06440148409474,-0.648491486356039,19.1235504912728,-0.99751755510355
-1.04519915853022,-0.692604056056907,18.8737491983672,-1.0043760867642
-1.02909138866692,-0.736987749687406,18.627425976047,-1.01341923153139
-1.01594242199581,-0.781723250027412,18.3845399856149,-1.02460569898951
-1.00562719540483,-0.826896538292264,18.145052768486,-1.03790222854273
-0.998031060286084,-0.872598442665014,17.908928180605,-1.05328337727007
-0.993049501476857,-0.918924264708494,17.6761323446162,-1.07073132364723
-0.990587853586942,-0.965973477628352,17.44663361995,-1.09023568788802
-0.990561018025513,-1.01384949065739,17.2204025909144,-1.1117933694867
-0.9928931838513,-1.06265947412583,16.9974120728582,-1.13540840238692
-0.99751755510355,-1.11251424027632,16.7776371364887,-1.16109182805818
-1.0043760867642,-1.16352817520421,16.5610551504695,-1.1888615866415
-1.01341923153139,-1.21581921749361,16.3476458425097,-1.21874242644687
-1.02460569898951,-1.26950887965696,16.1373913792509,-1.25076583146759
-1.03790222854273,-1.32472230874822,15.9302764653869,-1.28496996663163
-1.05328337727007,-1.38158838279955,15.7262884626012,-1.32139964084035
-1.07073132364723,-1.44023983999946,15.5254175290468,-1.36010628759703
-1.09023568788802,-1.50081343776437,15.3276567802794,-1.40114796282944
-1.1117933694867,-1.56345013907028,15.1330024727262,-1.4445893587278
-1.13540840238692,-1.62829532359904,14.941454210971,-1.49050183317644
-1.16109182805818,-1.69549902142431,14.7530151803658,-1.5389634557546
-1.1888615866415,-1.7652161671338,14.5676924067183,-1.59005906675634
-1.21874242644687,-1.83760687182829,14.3854970447934,-1.64388034833899
-1.25076583146759,-1.9128367115338,14.2064446982364,-1.70052591226964
-1.28496996663163,-1.9910770298475,14.0305557727782,-1.76010139469615
-1.32139964084035,-2.07250525275198,13.857855865838,-1.82271956001869
-1.36010628759703,-2.15730521395992,13.6883761961644,-1.88850041549095
-1.40114796282944,-2.24566748688368,13.5221540756188,-1.95757133031627
-1.4445893587278,-2.33778972167153,13.3592334273911,-2.03006715794363
-1.49050183317644,-2.43387698612979,13.1996653533475,-2.10613035843447
-1.5389634557546,-2.53414210764658,13.0435087594896,-2.18591111970841
-1.59005906675634,-2.63880600799253,12.8908310390234,-2.26956747337574
-1.64388034833899,-2.74809803117632,12.7417088175177,-2.35726540043215
-1.70052591226964,-2.86225626416693,12.5962287719856,-2.44917892251294
-1.76010139469615,-2.98152783602813,12.4544885272837,-2.54549017314559
-1.82271956001869,-3.10616919522947,12.3165976302148,-2.64638944260569
-1.88850041549095,-3.23644635998608,12.1826786154829,-2.75207519079734
-1.95757133031627,-3.37263513102474,12.052868169781,-2.86275401874481
-2.03006715794363,-3.51502125846621,11.9273184002008,-2.978640589373
-2.10613035843447,-3.66390055284196,11.8061982121816,-3.09995748696396
-2.18591111970841,-3.81957892922909,11.6896948111513,-3.2269350029266
-2.26956747337574,-3.98237237046418,11.578015331541,-3.35981083359255
-2.35726540043215,-4.15260679364757,11.471388605772,-3.49882967693456
-2.44917892251294,-4.33061780190507,11.3700670806571,-3.64424270837292
-2.54549017314559,-4.5167503012708,11.2743288883849,-3.79630691481944
-2.64638944260569,-4.71135795939367,11.1844800815843,-3.95528426450626
-2.75207519079734,-4.9148024789023,11.1008570418925,-4.12144068568165
-2.86275401874481,-5.12745265593117,11.0238290657338,-4.29504483534039
-2.978640589373,-5.34968318791895,10.9538011366001,-4.47636661796607
-3.09995748696396,-5.58187319142914,10.8912168863633,-4.66567541098483
-3.2269350029266,-5.82440438819029,10.8365617431299,-4.86323797548322
-3.35981083359255,-6.07765890762272,10.790366268346,-5.06931601957365
-3.49882967693456,-6.34201665296546,10.7532096732273,-5.28416332728654
-3.64424270837292,-6.6178521692303,10.7257235043172,-5.50802244888341
-3.79630691481944,-6.90553093852992,10.7085954847921,-5.74112088510007
-3.95528426450626,-7.20540503490299,10.7025734757941,-5.98366671952888
-4.12144068568165,-7.51780805603108,10.708469524531,-6.23584363018171
-4.29504483534039,-7.8430492523405,10.7271639457473,-6.49780524194623
-4.47636661796607,-8.1814067361751,10.7596093881582,-6.76966877517103
-4.66567541098483,-8.53311966059301,10.8068347955703,-7.05150792814288
-4.86323797548322,-8.89837933258407,10.8699491395656,-7.3433449710661
-5.06931601957365,-9.27731909659528,10.9501448276049,-7.64514201625701
-5.28416332728654,-9.67000282825239,11.0487006304858,-7.95679145740923
-5.50802244888341,-10.0764120633399,11.1669839128893,-8.27810559100141
-5.74112088510007,-10.4964315730539,11.3064519715588,-8.60880545939759
-5.98366671952888,-10.9298333425548,11.468652207437,-8.94850899157626
-6.23584363018171,-11.3762588528913,11.6552208217706,-9.2967185626879
-6.49780524194623,-11.8351996809879,11.8678796730094,-9.65280813133825
-6.76966877517103,-12.3059764504846,12.108430902962,-10.0160102053909
-7.05150792814288,-12.7877161553147,12.3787488550049,-10.3854029279658
-7.3433449710661,-13.2793280604921,12.6807687876637,-10.7598976484476
-7.64514201625701,-13.7794784002182,13.0164718241132,-11.1382274601937
-7.95679145740923,-14.2865642470948,13.3878655458201,-11.5189372428567
-8.27810559100141,-14.79868706223,13.796959620983,-11.9003758269238
-8.60880545939759,-15.3136265966854,14.2457358556372,-12.280690998116
-8.94850899157626,-15.8288160066743,14.7361120873796,-12.6578280859311
-9.2967185626879,-16.341319253792,15.2698994257845,-13.0295329379218
-9.65280813133825,-16.8478120770235,15.8487523927716,-13.3933600697037
-10.0160102053909,-17.344568099652,16.4741118303165,-13.746686731603
-10.3854029279658,-17.8274517965416,17.1471406129524,-14.0867335561991
-10.7598976484476,-18.2919203680515,17.8686523621476,-14.4105922432283
-11.1382274601937,-18.733036589854,18.6390342505414,-14.7152605185524
-11.5189372428567,-19.1454948786699,19.4581650920864,-14.9976843588202
-11.9003758269238,-19.5236628577962,20.3253305411212,-15.2548070384628
-12.280690998116,-19.861640400391,21.2391381652755,-15.4836241401248
-12.6578280859311,-20.153337901478,22.197435586319,-15.6812433801835
-13.0295329379218,-20.3925749130578,23.1972357560888,-15.8449474298056
-13.3933600697037,-20.5731995052954,24.2346540051483,-15.9722578047142
-13.746686731603,-20.6892276210487,25.304862029631,-16.060997350474
-14.0867335561991,-20.7350005101691,26.4020642679647,-16.1093488421822
-14.4105922432283,-20.705356631378,27.519502060428,-16.1159070692646
-14.7152605185524,-20.5958130054465,28.6494904630364,-16.0797219795631
-14.9976843588202,-20.4027493811487,29.783491835876,-16.0003307099766
-15.2548070384628,-20.1235869058015,30.9122287205323,-15.8777768498066
-15.4836241401248,-19.7569521070735,32.0258364809754,-15.7126158483738
-15.6812433801835,-19.302816239258,33.114054234344,-15.5059061930575
-15.8449474298056,-18.7626000298087,34.1664491783769,-15.2591867014296
-15.9722578047142,-18.1392348540415,35.1726675380441,-14.9744409714326
-16.060997350474,-17.4371728984345,36.1227019247201,-14.6540506550466
-16.1093488421822,-16.6623415003774,37.0071634568385,-14.3007397105487
-16.1159070692646,-15.8220400000254,37.8175451086477,-13.9175121190913
-16.0797219795631,-14.9247810110608,38.546462699637,-13.5075857062335
-16.0003307099766,-13.9800819247588,39.1878602673784,-13.0743246904146
-15.8777768498066,-12.9982157112735,39.7371686830455,-12.6211734049662
-15.7126158483738,-11.9899331293713,40.1914088846413,-12.1515933465431
-15.5059061930575,-10.9661703527623,40.5492347579919,-11.6690053123533
-15.2591867014296,-9.93775677637534,40.8109146189891,-11.1767379566473
-14.9744409714326,-8.91513743545867,40.9782541841371,-10.6779836518958
-14.6540506550466,-7.90812293492748,41.0544675153335,-10.1757621114154
-14.3007397105487,-6.92567733466823,41.0440053242634,-9.67289185006141
-13.9175121190913,-5.97575134580261,40.9523519897333,-9.17196924294809
-13.5075857062335,-5.06516480404451,40.785803575671,-8.67535469139849
-13.0743246904146,-4.19953904085754,40.5512390518123,-8.18516521515166
-12.6211734049662,-3.38327677068081,40.2558959386011,-7.7032726928593
-12.1515933465431,-2.61958467272191,39.9071599429478,-7.23130690032426
-11.6690053123533,-1.91053209710555,39.512376028797,-6.77066248981339
-11.1767379566473,-1.25713830733444,39.07868607545,-6.32250911324465
-10.6779836518958,-0.659480332931436,38.612896009453,-5.88780389527361
-10.1757621114154,-0.11681376374895,38.1213732302571,-5.46730559026727
-9.67289185006141,0.372300479546605,37.6099734302239,-5.06158981558489
-9.17196924294809,0.809869358499423,37.0839945869309,-4.67106484946475
-8.67535469139849,1.19834573102345,36.548154990792,-4.29598757050704
-8.18516521515166,1.54051472734798,36.0065916326704,-3.93647919301592
-7.7032726928593,1.83939101078807,35.4628750913525,-3.59254053738028
-7.23130690032426,2.0981283196131,34.9200371217634,-3.26406662974996
-6.77066248981339,2.31994188458584,34.3806073749135,-2.9508604888563
-6.32250911324465,2.50804360765524,33.8466561923898,-2.65264600597982
-5.88780389527361,2.66558945060654,33.3198406826685,-2.36907986297593
-5.46730559026727,2.79563802475167,32.8014519447873,-2.09976246497083
-5.06158981558489,2.90111923870036,32.2924616850309,-1.84424788937213
-4.67106484946475,2.98481173184174,31.7935669313803,-1.60205287280239
-4.29598757050704,3.04932780900175,31.3052319281589,-1.37266487028391
-3.93647919301592,3.09710463909253,30.8277266095261,-1.15554923400512
-3.59254053738028,3.13040056510423,30.3611613382782,-0.950155562458149
-3.26406662974996,3.1512954910817,29.9055177805255,-0.755923276330268
-2.9508604888563,3.1616944331818,29.4606759601896,-0.572286478468308
-2.65264600597982,3.163333451604,29.0264376516379,-0.398678157712116
-2.36907986297593,3.15778730386294,28.6025463453355,-0.23453378998956
-2.09976246497083,3.14647827387874,28.1887040698642,-0.0792943945231976
-1.84424788937213,3.13068573385885,27.7845853792722,0.0675909020220503
-1.60205287280239,3.11155608679052,27.3898488233773,0.206662746906527
-1.37266487028391,3.09011281352644,27.0041462118627,0.338449839077111
-1.15554923400512,3.06726641682631,26.6271299714251,0.463467561722146
-0.950155562458149,3.04382410575503,26.2584588713741,0.582216928682986
-0.755923276330268,3.02049910959057,25.8978023712054,0.695183810054829
-0.572286478468308,2.99791954496237,25.544843817478,0.802838400509791
-0.398678157712116,2.97663678931379,25.199282692523,0.905634903081773
-0.23453378998956,2.95713333454467,24.8608360904106,1.00401139746616
-0.0792943945231976,2.93983010793916,24.5292395745361,1.09838987173611
0.0675909020220503,2.92509327006509,24.2042475478866,1.18917638832285
0.206662746906527,2.91324049434725,23.8856332467582,1.2767613729451
0.338449839077111,2.90454675121803,23.5731884521539,1.36151999916556
0.463467561722146,2.89924961729967,23.2667229964253,1.44381265644807
0.582216928682986,2.89755413560029,22.9660641295564,1.52398548923359
0.695183810054829,2.89963725227552,22.6710557969722,1.60237098914846
0.802838400509791,2.9056518593845,22.3815578713997,1.67928863025934
0.905634903081773,2.91573046711401,22.0974453720377,1.75504553917781
1.00401139746616,2.92998853644135,21.8186076972246,1.82993718935848
1.09838987173611,2.948527492382,21.5449478908137,1.90424811058441
1.18917638832285,2.97143744812239,21.2763819581411,1.97825260734454
1.2767613729451,2.99879965724491,21.0128382413509,2.05221547962462
1.36151999916556,3.03068871942358,20.7542568639598,2.12639274054542
1.44381265644807,3.06717455945955,20.5005892488771,2.20103232603421
1.52398548923359,3.10832419577994,20.2517977132835,2.27637479132516
1.60237098914846,3.15420331779665,20.0078551431608,2.35265399052715
1.67928863025934,3.20487768856429,19.768744747839,2.43009773555147
1.75504553917781,3.26041438475585,19.534459894421,2.50892843092367
1.82993718935848,3.32088288811366,19.3050040218503,2.58936368119496
1.90424811058441,3.38635604013227,19.08039063394,2.67161686779429
1.97825260734454,3.45691087015547,18.8606433703118,2.75589769220021
2.05221547962462,3.53262930587888,18.6457961543939,2.84241268228665
2.12639274054542,3.61359877339925,18.435893417503,2.93136565859554
2.20103232603421,3.6999126934656,18.2309903984092,3.0229581571119
2.27637479132516,3.79167087914918,18.0311535178932,3.11738980488022
2.35265399052715,3.8889798385907,17.8364608279723,3.2148586444789
2.43009773555147,3.99195298529902,17.6470025357306,3.31556140298821
2.50892843092367,4.10071075715547,17.4628816018793,3.41969370062954
2.58936368119496,4.21538064393127,17.2842144143543,3.52745019371536
2.67161686779429,4.3360971217539,17.111131537361,3.63902464594253
2.75589769220021,4.46300149152609,16.9437785363517,3.75460992132663
2.84241268228665,4.59624161683013,16.7823168793857,3.87439789101531
2.93136565859554,4.73597155531536,16.6269249151958,3.99857924648621
3.0229581571119,4.88235107595983,16.4777989280499,4.12734321019983
3.11738980488022,5.03554505293528,16.335154269087,4.26087713329649
3.2148586444789,5.19572272504739,16.1992265632608,4.39936596926349
3.31556140298821,5.36305680790248,16.0702729902555,4.54299161106503
3.41969370062954,5.53772244404215,15.9485736367516,4.69193207746405
3.52745019371536,5.71989597427493,15.8344329161737,4.84636053910144
3.63902464594253,5.90975351132869,15.7281810504973,5.0064441704717
3.75460992132663,6.10746929517919,15.6301756064883,5.17234280128825
3.87439789101531,6.31321380780214,15.5408030765729,5.34420735255006
3.99857924648621,6.52715161983639,15.4604804926714,5.52217806045383
4.12734321019983,6.74943894537101,15.3896570548561,5.70638245271889
4.26087713329649,6.98022087374014,15.3288157568746,5.89693303527588
4.39936596926349,7.21962824613836,15.2784749839318,6.09392473954893
4.54299161106503,7.46777414481573,15.2391900518234,6.29743205570695
4.69193207746405,7.72474997009112,15.2115546507967,6.50750584044997
4.84636053910144,7.99062105914619,15.1962021514046,6.72416982765735
5.0064441704717,8.2654218252175,15.1938067199357,6.9474168160302
5.17234280128825,8.54915035168714,15.2050841853033,7.17720449106777
5.34420735255006,8.84176246656575,15.2307925852135,7.41345094640825
5.52217806045383,9.1431652548706,15.2717323109616,7.65602989145041
5.70638245271889,9.45320991363148,15.328745745488,7.9047655591181
5.89693303527588,9.77168403956279,15.4027163090207,8.1594273381212
6.09392473954893,10.0983033444776,15.4945667861206,8.41972421174285
6.29743205570695,10.4327026982615,15.6052567743337,8.68529906106478
6.50750584044997,10.7744266273943,15.7357791285136,8.95572288038682
6.72416982765735,11.1229193415648,15.8871552598536,9.23048902433795
6.9474168160302,11.4775142996254,16.0604290806659,9.50900766757143
7.17720449106777,11.8374233974839,16.2566593777626,9.79060055665671
7.41345094640825,12.2017260573324,16.4769105318935,10.0744962538975
7.65602989145041,12.5693583060241,16.7222413086769,10.359826095246
7.9047655591181,12.9391020955972,16.9936915405911,10.6456210772446
8.1594273381212,13.3095751667112,17.2922664916077,10.9308099219166
8.41972421174285,13.679221851918,17.6189188850995,11.2142185740837
8.68529906106478,14.0463052011315,17.9745283956835,11.4945714177207
8.95572288038682,14.4089008959239,18.35987843561,11.7704944790159
9.23048902433795,14.7648935365519,18.7756303711472,12.0405208780364
9.50900766757143,15.111975883524,19.2222954219719,12.3030987648698
9.79060055665671,15.4476517354929,19.7002040489052,12.556601933956
10.0744962538975,15.7692431235446,20.2094734272561,12.7993432504525
10.359826095246,16.0739024565479,20.7499735697871,13.0295909449821
10.6456210772446,16.358630409758,21.3212925531743,13.2455877381891
10.9308099219166,16.6203001093775,21.922701829645,13.4455726430355
11.2142185740837,16.8556881649651,22.5531226055798,13.6278051834042
11.4945714177207,17.061512908026,23.2110945731812,13.7905916092925
11.7704944790159,17.2344800099835,23.8947483817405,13.9323125782184
12.0405208780364,17.3713353716259,24.6017834161175,14.0514516504927
12.3030987648698,17.4689248470915,25.3294525481896,14.1466238399881
12.556601933956,17.5242599847133,26.0745555592787,14.2166033739752
12.7993432504525,17.5345885461018,26.8334428779462,14.2603497553302
13.0295909449821,17.4974681268031,27.6020311210067,14.2770312538464
13.2455877381891,17.410840775224,28.3758316537122,14.2660449735392
13.4455726430355,17.2731060842938,29.1499929865269,14.2270327020121
13.6278051834042,17.0831899549419,29.9193573422633,14.1598919314064
13.7905916092925,16.8406059577996,30.6785310375825,14.0647815669023
13.9323125782184,16.54550621712,31.4219676596257,13.9421220625501
14.0514516504927,16.1987188585533,32.1440622851067,13.7925899247
14.1466238399881,15.8017693363069,32.8392542549358,13.6171067624421
14.2166033739752,15.3568834996419,33.50213532829,13.4168232555882
14.2603497553302,14.866970998572,34.1275594187339,13.1930986152012
14.2770312538464,14.3355884747392,34.7107498935827,12.9474762667359
14.2660449735392,13.7668828739134,35.2474002443706,12.6816565752877
14.2270327020121,13.1655164186764,35.7337638689541,12.3974675525702
14.1598919314064,12.5365755382442,36.1667293558792,12.0968344260339
14.0647815669023,11.8854670425871,36.543878117239,11.7817490243741
13.9421220625501,11.2178055111269,36.8635220651895,11.4542397610717
13.7925899247,10.5392961917422,37.1247201174587,11.1163430134603
13.6171067624421,9.85561803645286,37.3272732404341,10.7700764658041
13.4168232555882,9.17231123319434,37.4716989330131,10.41741496209
13.1930986152012,8.49467330598644,37.5591869044823,10.0602691683537
12.9474762667359,7.82766723488562,37.5915386359588,9.70046731754732
12.6816565752877,7.17584419653315,37.5710940049323,9.33974009015231
12.3974675525702,6.54328278554629,37.5006486643727,8.97970864178046
12.0968344260339,5.93354548733227,37.3833658582932,8.62187566777183
11.7817490243741,5.34965249129873,37.2226864007381,8.26761931506483
11.4542397610717,4.79407197062658,37.0222401186592,7.91818971322155
11.1163430134603,4.2687254754142,36.7857617291786,7.57470785102473
10.7700764658041,3.77500646178601,36.5170134590176,7.23816650148719
10.41741496209,3.31380978262307,36.2197162201646,6.90943289469041
10.0602691683537,2.88556973233432,35.8974904251837,6.58925284071845
9.70046731754732,2.490304273486,35.5538070884693,6.27825601799628
9.33974009015231,2.12766321069976,35.191949207066,5.97696216015339
8.97970864178046,1.79697821840692,34.8149831104649,5.68578790094501
8.62187566777183,1.49731298047007,34.4257390683992,5.40505406436858
8.26761931506483,1.227511960175,34.0268002221842,5.13499321083423
7.91818971322155,0.986246639182832,33.620498772187,4.87575727293248
7.57470785102473,0.772058366230465,33.2089182741033,4.62742515755842
7.23816650148719,0.583397256981572,32.7939008925789,4.39001019689587
6.90943289469041,0.41865681197717,32.3770585128028,4.16346736399441
6.58925284071845,0.276204131309891,31.9597866929937,3.94770018436202
6.27825601799628,0.154405774567113,31.5432805508318,3.74256729422788
5.97696216015339,0.0516494383235709,31.1285517966618,3.54788861097305
5.68578790094501,-0.0336382790863355,30.7164462477133,3.36345109143017
5.40505406436858,-0.10297769134357,30.3076613086351,3.18901407098679
5.13499321083423,-0.15782506484149,29.9027629766863,3.02431417888545
4.87575727293248,-0.199564507106489,29.5022020578643,2.86906983215597
4.62742515755842,-0.229502321583338,29.1063293792702,2.72298532388957
4.39001019689587,-0.248863476463611,28.7154098453555,2.58575451449022
4.16346736399441,-0.258789849466551,28.329635258887,2.45706414840846
3.94770018436202,-0.260339941366397,27.9491358757182,2.33659681308079
3.74256729422788,-0.254489781655179,27.57399070596,2.22403356303211
3.54788861097305,-0.24213478200245,27.2042366046631,2.11905623115342
3.36345109143017,-0.22409232307348,26.8398762131158,2.021349449241
3.18901407098679,-0.201104892964237,26.4808848348635,1.93060240080844
3.02431417888545,-0.173843621639143,26.1272163322412,1.84651032779993
2.86906983215597,-0.1429120783402,25.7788081332991,1.76877581257768
2.72298532388957,-0.108850227653696,25.4355854465293,1.69710985678985
2.58575451449022,-0.0721384525474766,25.0974647702989,1.63123277439408
2.45706414840846,-0.0332015757955426,24.7643567856095,1.57087492060558
2.33659681308079,0.00758717843978676,24.4361687118957,1.51577727071811
2.22403356303211,0.0499023255708744,24.1128062012436,1.46569186906097
2.11905623115342,0.0934623977113107,23.7941748386235,1.42038215840998
2.021349449241,0.13802638166569,23.4801813091846,1.37962321008978
1.93060240080844,0.183390334630595,23.1707342869875,1.34320186157155
1.84651032779993,0.229384189219111,22.8657450929333,1.31091677738119
1.76877581257768,0.275868753907381,22.5651281636921,1.28257844468581
1.69710985678985,0.322732911390614,22.2688013677145,1.25800911023302
1.63123277439408,0.369891015298615,21.9766861993,1.23704267031364
1.57087492060558,0.417280480226302,21.6887078772004,1.21952452191994
1.51577727071811,0.464859563288104,21.404795369911,1.20531138215413
1.46569186906097,0.512605327452383,21.1248813664043,1.19427108166645
1.42038215840998,0.560511783428924,20.8489022076929,1.18628233918513
1.37962321008978,0.608588198211259,20.576797792077,1.18123452243374
1.34320186157155,0.656857565015561,20.308511464318,1.17902739994105
1.31091677738119,0.705355225105204,20.0439898973116,1.17957088797639
1.28257844468581,0.754127631194443,19.7831829728299,1.18278479635181
1.25800911023302,0.803231246265917,19.5260436666844,1.18859857632693
1.23704267031364,0.852731568074047,19.2725279425181,1.19695107345445
1.21952452191994,0.902702270688821,19.022594657376,1.20779028778632
1.20531138215413,0.953224455099037,18.7762054815028,1.22107314361191
1.19427108166645,1.00438600206625,18.5333248342729,1.23676527047097
1.18628233918513,1.05628101898156,18.2939198376173,1.25484079693405
1.18123452243374,1.10900937384527,18.0579602880133,1.27528215838587
1.17902739994105,1.16267630974402,17.8254186478265,1.29807991980884
1.17957088797639,1.21739213356613,17.5962700566617,1.32323261434705
1.18278479635181,1.27327197303457,17.3704923632731,1.35074659829729
1.18859857632693,1.33043559652694,17.1480661785476,1.38063592291132
1.19695107345445,1.38900729052205,16.9289749500878,1.41292222319426
1.20779028778632,1.44911578977768,16.7132050589897,1.44763462374213
1.22107314361191,1.5108942556986,16.5007459394789,1.48480966149042
1.23676527047097,1.57448029867671,16.2915902222074,1.52449122548531
1.25484079693405,1.64001604044297,16.085733902142,1.56673051347494
1.27528215838587,1.70764821271146,15.8831765321581,1.61158600418788
1.29807991980884,1.77752828861653,15.6839214436295,1.65912344426867
1.32323261434705,1.84981264363499,15.4879759955168,1.70941585088203
1.35074659829729,1.9246627427287,15.2953518536108,1.76254352775533
1.38063592291132,2.00224535070659,15.10606530203,1.81859409202182
1.41292222319426,2.08273276281498,14.9201375890374,1.87766251471091
1.44763462374213,2.16630305255473,14.7375953095296,1.9398511705154
1.48480966149042,2.25314033400891,14.5584708271606,2.00526989072174
1.52449122548531,2.34343503561412,14.382802739663,2.07403602907528
1.56673051347494,2.43738418096617,14.2106363894887,2.14627452694206
1.61158600418788,2.53519167412639,14.0420244243923,2.22211797724349
1.65912344426867,2.63706858712791,13.8770274103368,2.30170668873185
1.70941585088203,2.74323344539661,13.7157145054267,2.38518874401241
1.76254352775533,2.85391250299297,13.5581641954165,2.47272004618374
1.81859409202182,2.96934000552897,13.4044650944299,2.56446434957687
1.87766251471091,3.08975843972042,13.2547168199972,2.66059326967747
1.9398511705154,3.21541875591494,13.1090309550942,2.76128626798498
2.00526989072174,3.34658055684285,12.9675320817399,2.86673060196262
2.07403602907528,3.48351225384657,12.8303589141357,2.97712123242832
2.14627452694206,3.62649117070204,12.6976655351207,3.09266067893403
2.22211797724349,3.77580358888298,12.5696227291071,3.21355881244181
2.30170668873185,3.93174472399009,12.4464194328711,3.34003257638049
2.38518874401241,4.0946186178899,12.3282643059442,3.47230561951552
2.47272004618374,4.26473793013597,12.2153874326461,3.61060782503021
2.56446434957687,4.44242361233935,12.1080421555916,3.7551747187714
2.66059326967747,4.62800444499978,12.0065070536076,3.90624673720135
2.76128626798498,4.82181641443686,11.9110880680255,4.06406834037363
2.86673060196262,5.02420190277257,11.8221207857669,4.22888693630917
2.97712123242832,5.23550866046653,11.7399728846385,4.4009515896767
3.09266067893403,5.45608853093058,11.6650467383211,4.58051148836062
3.21355881244181,5.68629588802923,11.597782187636,4.76781415822582
3.34003257638049,5.92648574650343,11.5386594731158,4.96310333766746
3.47230561951552,6.17701149707736,11.4882023269476,5.16661652090903
3.61060782503021,6.43822220967999,11.4469812179547,5.37858212632753
3.7551747187714,6.71045945720122,11.415616723687,5.5992162198696
3.90624673720135,6.99405358894733,11.3947830183617,5.82871876196331
4.06406834037363,7.28931939716425,11.3852114370009,6.06726934703119
4.22888693630917,7.59655107699732,11.3876940948118,6.3150223747657
4.4009515896767,7.91601641367704,11.4030874929753,6.57210161054113
4.58051148836062,8.24795012998394,11.4323160426965,6.83859408922
4.76781415822582,8.59254630561077,11.4763754309121,7.1145433378921
4.96310333766746,8.94994967565921,11.5363357509394,7.39994188975802
5.16661652090903,9.32024589439494,11.613344217939,7.69472306000572
5.37858212632753,9.70345055288879,11.7086273626807,7.99875200205112
5.5992162198696,10.0994968600202,11.8234925151623,8.31181605253322
5.82871876196331,10.5082219508171,11.9593283485474,8.63361441932314
6.06726934703119,10.9293517969958,12.1176042508795,8.96374729393721
6.3150223747657,11.3624846203558,12.2998682264468,9.30170451426824
6.57210161054113,11.807072838977,12.5077430013423,9.64685394335724
6.83859408922,12.2624035708465,12.7429199472756,9.99842978505829
7.1145433378921,12.7275778290039,13.007150416469,10.3555211466857
7.39994188975802,13.201488575444,13.302234043459,10.717061156417
7.69472306000572,13.6827978588669,13.6300034900867,11.0818171045684
7.99875200205112,14.1699134582238,13.9923051542224,11.4483820886624
8.31181605253322,14.6609654936451,14.3909752934059,11.8151687199672
8.63361441932314,15.1537836685846,14.8278110558895,12.1804055333794
8.96374729393721,15.6458759587823,15.3045359413784,12.542136749983
9.30170451426824,16.1344097544698,15.8227593059604,12.8982260942058
9.64685394335724,16.6161966341407,16.383929637006,13.2463653405288
9.99842978505829,17.0876821712653,16.9892814632595,13.5840882138792
10.3555211466857,17.5449423540832,17.6397761535136,13.9087901913815
10.717061156417,17.9836883825512,18.3360367903888,14.2177545673329
11.0818171045684,18.3992816823126,19.0782782614672,14.5081849410792
11.4483820886624,18.7867610246311,19.8662337428574,14.7772440507916
11.8151687199672,19.140883693683,20.6990792875178,15.0220985650085
12.1804055333794,19.4561823119159,21.5753590780947,15.2399689886908
12.542136749983,19.7270387052615,22.4929142244256,15.4281836546689
12.8982260942058,19.9477756155163,23.448818745183,15.5842352499336
13.2463653405288,20.1127663721453,24.4393268013148,15.7058380576037
13.5840882138792,20.2165616591222,25.4598356642732,15.79098392662
13.9087901913815,20.2540314927638,26.504869086058,15.8379946434618
14.2177545673329,20.2205190840059,27.5680856307425,15.8455685800528
14.5081849410792,20.1120020323621,28.6423160245497,15.8128194025107
14.7772440507916,19.9252549913695,29.7196328135936,15.7393050410435
15.0220985650085,19.6580066257967,30.791454389398,15.6250454215468
15.2399689886908,19.3090827974271,31.8486834336609,15.470528021608
15.4281836546689,18.8785276160392,32.8818783090988,15.2767008780439
15.5842352499336,18.3676937846889,33.8814532148862,15.0449532946756
15.7058380576037,17.779294741206,34.8379007493373,14.7770851046126
15.79098392662,17.1174122651238,35.7420286793327,14.4752658705587
15.8379946434618,16.3874556467902,36.5852002591028,14.1419858420456
15.8455685800528,15.5960708658941,37.3595672033095,13.7800007916338
15.8128194025107,14.7510016404904,38.0582831675753,13.3922730063161
15.7393050410435,13.8609069508635,38.6756868946044,12.9819107223859
15.6250454215468,12.9351428844515,39.2074451179731,12.5521081662832
15.470528021608,11.9835189148901,39.6506478984386,12.1060881274067
15.2767008780439,11.0160404041235,40.0038518991001,11.64704867966
15.0449532946756,10.0426499470633,40.267070350456,11.1781153023168
14.7770851046126,9.07297993018165,40.441711831298,10.7022992773748
14.4752658705587,8.11612747228144,40.5304730235105,10.2224628572897
14.1419858420456,7.18046099501318,40.5371931105358,9.74129137005692
13.7800007916338,6.27346514341166,40.4666792590279,9.26127214003725
13.3922730063161,5.40162796494937,40.3245135584614,8.78467986221315
12.9819107223859,4.57037143319963,40.1168518828728,8.31356789539776
12.5521081662832,3.78402381109185,39.8502244557818,7.84976481993545
12.1060881274067,3.0458301921499,39.5313466189576,7.394875551461
11.64704867966,2.35799595774702,39.1669466179902,6.95028624895053
11.1781153023168,1.72175688003524,38.7636153147322,6.51717231765616
10.7022992773748,1.1374691537872,38.3276808360241,6.09650879938289
10.2224628572897,0.604712727235018,37.8651093545795,5.68908252412692
9.74129137005692,0.122401788534019,37.3814316835013,5.29550546952754
9.26127214003725,-0.311102973333899,36.8816941505757,4.91622884023858
8.78467986221315,-0.697884798805143,36.3704313245957,4.55155745910706
8.31356789539776,-1.04036740931837,35.8516576115525,4.20166413505636
7.84976481993545,-1.34122015286118,35.3288744730129,3.86660374055027
7.394875551461,-1.60327332877664,34.8050900150251,3.54632678841459
6.95028624895053,-1.82944451578877,34.2828477786807,3.24069235911431
6.51717231765616,-2.02267597922883,33.7642619803745,2.94948026701461
6.09650879938289,-2.18588294669557,33.2510566887262,2.67240239732393
5.68908252412692,-2.3219120175721,32.7446068630334,2.40911317631684
5.29550546952754,-2.43350880446796,32.2459796095982,2.15921916233134
4.91622884023858,-2.52329377709884,31.7559743544691,1.92228776468855
4.55155745910706,-2.59374521957539,31.2751609854509,1.69785511310364
4.20166413505636,-2.64718822510236,30.8039153134168,1.48543311124235
3.86660374055027,-2.68578870766187,30.3424514538085,1.28451571538762
3.54632678841459,-2.711551493018,29.8908509206407,1.09458448513705
3.24069235911431,-2.72632164958638,29.4490884007136,0.915113455084932
2.94948026701461,-2.73178832611975,29.0170542758034,0.745573378331728
2.67240239732393,-2.72949046723666,28.5945740547387,0.58543539254146
2.40911317631684,-2.72082387866306,28.1814249320367,0.434174159764016
2.15921916233134,-2.707049205866,27.7773497226068,0.291270523706467
1.92228776468855,-2.68930047212493,27.3820684383501,0.156213733433663
1.69785511310364,-2.66859389416855,26.9952877754369,0.0285032777975459
1.48543311124235,-2.64583675455292,26.6167087736364,-0.0923496328121216
1.28451571538762,-2.6218361624954,26.2460328959012,-0.206820896681907
1.09458448513705,-2.59730757806001,25.8829667585237,-0.315372629040544
0.915113455084932,-2.57288300964068,25.5272257213728,-0.418452516646688
0.745573378331728,-2.54911882277376,25.178536526428,-0.516493388314197
0.58543539254146,-2.52650312080543,24.8366391514251,-0.60991297610081
0.434174159764016,-2.50546267777093,24.5012880250507,-0.699113840630661
0.291270523706467,-2.48636941316259,24.1722527286695,-0.784483440136885
0.156213733433663,-2.46954640946786,23.8493182942562,-0.866394322521908
0.0285032777975459,-2.45527348717626,23.5322851903029,-0.945204422737752
-0.0923496328121216,-2.44379234627975,23.2209690723961,-1.02125744754987
-0.206820896681907,-2.43531129679612,22.9152003632975,-1.09488333794163
-0.315372629040544,-2.43000959772682,22.6148237154165,-1.16639878887018
-0.418452516646688,-2.42804142708531,22.3196973987776,-1.23610782181507
-0.516493388314197,-2.42953950634113,22.0296926494992,-1.30430239716944
-0.60991297610081,-2.4346184014818,21.7446930062163,-1.37126305558387
-0.699113840630661,-2.44337752516769,21.4645936563899,-1.43725958257477
-0.784483440136885,-2.45590385962027,21.1893008092835,-1.50255169039869
-0.866394322521908,-2.47227442424275,20.9187311078523,-1.56738970836201
-0.945204422737752,-2.49255850514895,20.6528110894363,-1.6320152773444
-1.02125744754987,-2.51681966956715,20.3914767015779,-1.6966620438773
-1.09488333794163,-2.54511757838695,20.1346728772147,-1.76155634989217
-1.16639878887018,-2.57750961866826,19.8823531730685,-1.82691791466702
-1.23610782181507,-2.61405236848554,19.6344794718084,-1.89296050509468
-1.30430239716944,-2.65480290889716,19.3910217493292,-1.95989259188479
-1.37126305558387,-2.69981999838308,19.1519579073975,-2.0279179892378
-1.43725958257477,-2.74916512075384,18.9172736710944,-2.09723647572461
-1.50255169039869,-2.8029034169029,18.6869625504952,-2.16804439428368
-1.56738970836201,-2.86110451174033,18.4610258663077,-2.24053522936017
-1.6320152773444,-2.92384324510019,18.2394728387959,-2.31490015925895
-1.6966620438773,-2.99120031468981,18.0223207396545,-2.39132858177952
-1.76155634989217,-3.0632628373834,17.8095951065069,-2.47000861112497
-1.82691791466702,-3.14012483516493,17.6013300201994,-2.55112754395026
-1.89296050509468,-3.22188765077573,17.3975684452159,-2.63487229222332
-1.95989259188479,-3.30866029681501,17.1983626338518,-2.72142978031467
-2.0279179892378,-3.40055974113235,17.0037745951129,-2.81098730341955
-2.09723647572461,-3.4977111302941,16.8138766296354,-2.90373284402694
-2.16804439428368,-3.60024795183835,16.6287519322122,-2.99985534270219
-2.24053522936017,-3.7083121349264,16.448495263804,-3.099544918927
-2.31490015925895,-3.82205408784159,16.2732136951769,-3.20299303713691
-2.39132858177952,-3.94163266958944,16.1030274245204,-3.31039261242188
-2.47000861112497,-4.06721509157733,15.9380706715762,-3.42193804957149
-2.55112754395026,-4.19897674401643,15.7784926509154,-3.5378252082278
-2.63487229222332,-4.33710094026547,15.6244586270217,-3.65825128567335
-2.72142978031467,-4.48177857081176,15.4761510537871,-3.78341460921072
-2.81098730341955,-4.63320765697389,15.3337708008279,-3.91351432773137
-2.90373284402694,-4.7915927926643,15.197538468724,-4.04874999074783
-2.99985534270219,-4.95714446069725,15.0676957947926,-4.18932100198819
-3.099544918927,-5.1300782081345,14.9445071503314,-4.33542593333038
-3.20299303713691,-5.31061366301173,14.8282611293701,-4.48726168206581
-3.31039261242188,-5.49897337249385,14.7192722277903,-4.64502246276458
-3.42193804957149,-5.6953814399798,14.6178826102157,-4.80889860935194
-3.5378252082278,-5.90006193680125,14.5244639595459,-4.97907516213501
-3.65825128567335,-6.11323706122135,14.4394194025785,-5.15573022088128
-3.78341460921072,-6.33512501263207,14.36318550237,-5.33903307266875
-3.91351432773137,-6.56593755118853,14.2962343018103,-5.52914201452496
-4.04874999074783,-6.8058772045018,14.2390754034325,-5.72620188261878
-4.18932100198819,-7.05513408089263,14.1922580629937,-5.93034128659737
-4.33542593333038,-7.31388225336818,14.1563732653748,-6.1416694697613
-4.48726168206581,-7.58227566929116,14.1320557504172,-6.36027280637415
-4.64502246276458,-7.86044354352609,14.1199859408556,-6.58621092423334
-4.80889860935194,-8.14848518054163,14.1208917262861,-6.81951242802336
-4.97907516213501,-8.44646416759082,14.1355500368867,-7.06017018134353
-5.15573022088128,-8.75440194039975,14.1647881294421,-7.30813618974252
-5.33903307266875,-9.07227066139846,14.2094844952818,-7.56331606109027
-5.52914201452496,-9.39998526772234,14.2705692907328,-7.82556307152562
-5.72620188261878,-9.73739485339825,14.3490241732498,-8.09467183360442
-5.93034128659737,-10.0842732369327,14.445881397194,-8.37037164523131
-6.1416694697613,-10.4403086677834,14.5622220061572,-8.65231956524903
-6.36027280637415,-10.8050927937361,14.6991729593032,-8.940093320294
-6.58621092423334,-11.1781088825667,14.857902998187,-9.23318411795489
-6.81951242802336,-11.5587193420667,15.0396170282073,-9.53098952394365
-7.06017018134353,-11.9461525978511,15.2455487516327,-9.83280660243489
-7.30813618974252,-12.3394895848212,15.4769513722053,-10.1378255056594
-7.56331606109027,-12.737649955694,15.7350860632661,-10.4451237271273
-7.82556307152562,-13.1393783018024,16.0212079662776,-10.7536613420268
-8.09467183360442,-13.5432306560316,16.3365494003665,-11.0622775133401
-8.37037164523131,-13.9475617539464,16.6823001237516,-11.369688615981
-8.65231956524903,-14.3505134880298,17.0595844168521,-11.6744883226984
-8.940093320294,-14.7500051549474,17.4694348633341,-11.9751500195998
-9.23318411795489,-15.1437261181937,17.9127626329864,-12.2700319112946
-9.53098952394365,-15.5291316985367,18.390324341996,-12.5573851488639
-9.83280660243489,-15.9034430601257,18.902685844934,-12.8353652703986
-10.1378255056594,-16.263652061906,19.4501829692059,-13.1020471700817
-10.4451237271273,-16.6065319847115,20.0328797521228,-13.3554437318893
-10.7536613420268,-16.9286550758133,20.6505250787547,-13.5935281261436
-11.0622775133401,-17.2264178011404,21.3025085669329,-13.8142596250934
-11.369688615981,-17.4960747010084,21.9878169215317,-14.0156126381672
-11.6744883226984,-17.7337814221092,22.7049923325799,-14.1956084878566
-11.9751500195998,-17.9356473639602,23.4520946707546,-14.3523492873392
-12.2700319112946,-18.0977980047421,24.2266695136302,-14.4840530452287
-12.5573851488639,-18.2164465626817,25.0257242000155,-14.5890890377605
-12.8353652703986,-18.2879741540728,25.845714214088,-14.6660123648181
-13.1020471700817,-18.3090170107162,26.6825421886061,-14.7135964882111
-13.3554437318893,-18.2765587673025,27.531571678032,-14.7308625620473
-13.5935281261436,-18.1880251367768,28.3876575241159,-14.7171044537328
-13.8142596250934,-18.0413777291454,29.2451941295847,-14.6719083885452
-14.0156126381672,-17.8352033142711,30.0981823005488,-14.5951664057069
-14.1956084878566,-17.568794440563,30.9403144804984,-14.4870829996639
-14.3523492873392,-17.2422171784052,31.7650773000563,-14.3481746157646
-14.4840530452287,-16.8563618428117,32.5658691192752,-14.179261968051
-14.5890890377605,-16.4129730359548,33.3361293857609,-13.9814554307388
-14.6660123648181,-15.9146559175226,34.0694756666113,-13.7561340740477
-14.7135964882111,-15.3648566425638,34.7598432450455,-13.5049191292414
-14.7308625620473,-14.767816181964,35.4016216796911,-13.2296428867558
-14.7171044537328,-14.1284979111628,35.9897827278386,-12.932314185124
-14.6719083885452,-13.4524910509912,36.5199937830539,-12.6150816746945
-14.5951664057069,-12.7458931476383,36.9887119071475,-12.2801960969661
-14.4870829996639,-12.0151762334776,37.3932541809925,-11.9299727417055
-14.3481746157646,-11.2670420067412,37.7318414589614,-11.5667551144937
-14.179261968051,-10.5082722110777,38.0036139355784,-11.1928807665056
-13.9814554307388,-9.74558026291581,38.2086185263564,-10.8106499769986
-13.7561340740477,-8.98547025590555,38.3477694726522,-10.4222978821995
-13.5049191292414,-8.23410858136318,38.4227849995673,-10.0299703839368
-13.2296428867558,-7.49721261748292,38.4361038553288,-9.63570405453058
-12.932314185124,-6.77995978306932,38.390786432134,-9.24141004368627
-12.6150816746945,-6.08691886306173,38.2904055041659,-8.84886191273009
-12.2801960969661,-5.42200437523971,38.1389317149174,-8.45968715428855
-11.9299727417055,-4.78845345325652,37.940618729486,-8.0753621260682
-11.5667551144937,-4.18882372122968,37.699892332791,-7.69721003681116
-11.1928807665056,-3.62500986575479,37.4212471837663,-7.32640160046047
-10.8106499769986,-3.09827597340796,37.109153960928,-6.96395796641156
-10.4222978821995,-2.60930048431986,36.76797887009,-6.61075552568882
-10.0299703839368,-2.15823042483513,36.4019165789958,-6.26753222409969
-9.63570405453058,-1.74474179467463,36.0149369123496,-5.93489503649169
-9.24141004368627,-1.36810315079801,35.6107449651093,-5.6133282634171
-8.84886191273009,-1.02723985979106,35.1927538209549,-5.3032023933986
-8.45968715428855,-0.720796909943564,34.7640686291652,-5.00478327525251
-8.0753621260682,-0.447198559183486,34.3274806179408,-4.71824139519443
-7.69721003681116,-0.204703637789099,33.8854694610797,-4.44366108786864
-7.32640160046047,0.00854435252812356,33.4402124099387,-4.18104954288665
-6.96395796641156,0.194472811576043,32.9935986674556,-3.93034549811606
-6.61075552568882,0.355041481105626,32.5472475870139,-3.69142753725332
-6.26753222409969,0.492209637188274,32.1025294328446,-3.46412193230723
-5.93489503649169,0.607908821008508,31.6605876612973,-3.24820999081509
-5.6133282634171,0.704020752096284,31.2223617460609,-3.04343488446592
-5.3032023933986,0.782359910493816,30.7886098818549,-2.8495079486076
-5.00478327525251,0.844660314908185,30.3599309793372,-2.66611445372595
-4.71824139519443,0.892565968465418,29.9367855357981,-2.4929188581842
-4.44366108786864,0.927624457984601,29.519515094126,-2.32956955791248
-4.18104954288665,0.95128321848909,29.1083601092946,-2.17570315374165
-3.93034549811606,0.964888010645245,28.7034761297728,-2.03094826063222
-3.69142753725332,0.969683201323283,28.3049482713019,-1.89492888638819
-3.46412193230723,0.966813483126989,27.912804014578,-1.76726740783933
-3.24820999081509,0.957326714662859,27.5270243973839,-1.64758717132421
-3.04343488446592,0.942177607928829,27.1475537000342,-1.53551474709044
-2.8495079486076,0.922232030447633,26.7743077395165,-1.43068186788502
-2.66611445372595,0.898271728261796,26.4071808985017,-1.33272707723643
-2.4929188581842,0.870999309848862,26.0460520182038,-1.24129711180864
-2.32956955791248,0.841043360673833,25.6907892826168,-1.15604804814792
-2.17570315374165,0.808963583979733,25.3412542171421,-1.07664623347177
-2.03094826063222,0.775255885589056,24.9973049176076,-1.00276902257818
-1.89492888638819,0.740357340465854,24.658798617577,-0.934105346613033
-1.76726740783933,0.70465099316661,24.3255936915214,-0.870356125417345
-1.64758717132421,0.668470457391261,23.9975511817714,-0.811234549653825
-1.53551474709044,0.632104289374497,23.6745359276824,-0.756466241643081
-1.43068186788502,0.595800121927741,23.356417366656,-0.705789316635371
-1.33272707723643,0.559768550350636,23.0430700667994,-0.658954352481178
-1.24129711180864,0.52418676476427,22.7343740428611,-0.615724285769719
-1.15604804814792,0.489201932443467,22.430214900582,-0.575874240751535
-1.07664623347177,0.454934334727018,22.1304838466157,-0.539191305636105
-1.00276902257818,0.421480262331595,21.8350775957685,-0.505474262785428
-0.934105346613033,0.388914682473289,21.5438982021628,-0.474533282018632
-0.870356125417345,0.357293683066286,21.2568528354567,-0.446189585003787
-0.811234549653825,0.326656708685069,20.9738535204168,-0.420275086485966
-0.756466241643081,0.297028596859688,20.6948168533903,-0.396632018561001
-0.705789316635371,0.268421428460901,20.4196637075373,-0.375112543295103
-0.658954352481178,0.240836201960175,20.1483189350632,-0.35557835805474
-0.615724285769719,0.214264345176025,19.8807110736268,-0.337900297509202
-0.575874240751535,0.188689073515929,19.6167720615588,-0.321957935779789
-0.539191305636105,0.164086608078433,19.3564369657022,-0.307639191649934
-0.505474262785428,0.140427262310317,19.0996437242525,-0.29483993937395
-0.474533282018632,0.117676408338639,18.8463329060781,-0.283463627161096
-0.446189585003787,0.0957953326042928,18.5964474874313,-0.273420905214799
-0.420275086485966,0.0747419895738735,18.3499326462267,-0.264629264706021
-0.396632018561001,0.0544716623778279,18.1067355737302,-0.257012688859347
-0.375112543295103,0.034937538574336,17.8668053031651,-0.250501317354466
-0.35557835805474,0.0160912085148432,17.6300925545071,-0.245031124354002
-0.337900297509202,-0.00211690656894097,17.3965495945959,-0.240543610938648
-0.321957935779789,-0.0197371901365846,17.1661301115845,-0.236985512694842
-0.307639191649934,-0.0368205234572854,16.9387891027074,-0.234308521690762
-0.29483993937395,-0.0534180306327001,16.7144827743318,-0.232469024288756
-0.283463627161096,-0.0695808703393085,16.4931684532624,-0.231427853668924
-0.273420905214799,-0.0853600694517566,16.2748045083196,-0.231150057417675
-0.264629264706021,-0.100806394229906,16.0593502812365,-0.231604680590273
-0.257012688859347,-0.115970255084487,15.8467660259949,-0.232764562882885
-0.250501317354466,-0.13090164111748,15.6370128557832,-0.234606150541501
-0.245031124354002,-0.145650081478568,15.4300526968104,-0.237109322604932
-0.240543610938648,-0.160264630315519,15.2258482482909,-0.24025723098134
-0.236985512694842,-0.174793872494688,15.0243629479959,-0.244036153881189
-0.234308521690762,-0.189285948327952,14.8255609427871,-0.248435362581804
-0.232469024288756,-0.203788594282819,14.6294070636835,-0.253447001045299
-0.231427853668924,-0.218349198513879,14.4358668049886,-0.259065977997856
-0.231150057417675,-0.233014869394815,14.2449063071415,-0.265289871127879
-0.231604680590273,-0.247832514947722,14.0564923429566,-0.272118843064985
-0.232764562882885,-0.262848932959664,13.8705923069843,-0.279555568810754
-0.234606150541501,-0.278110909950569,13.687174207782,-0.287605174305067
-0.237109322604932,-0.293665328089966,13.5062066629123,-0.296275185829852
-0.24025723098134,-0.30955927943856,13.3276588965423,-0.305575489969032
-0.244036153881189,-0.325840187022416,13.1515007395411,-0.31551830386681
-0.248435362581804,-0.342555931885455,12.9777026320277,-0.326118155549259
-0.253447001045299,-0.359754985803142,12.8062356283464,-0.33739187409791
-0.259065977997856,-0.377486549378402,12.6370714044788,-0.349358589492251
-0.265289871127879,-0.395800695290475,12.470182267949,-0.362039741969487
-0.272118843064985,-0.414748516555481,12.3055411702936,-0.375459100788795
-0.279555568810754,-0.434382279736277,12.1431217222169,-0.389642792299897
-0.287605174305067,-0.454755583115764,11.9828982115762,-0.404619337115777
-0.296275185829852,-0.475923519914514,11.8248456243768,-0.420419696496264
-0.305575489969032,-0.497942846695839,11.6689396689977,-0.437077327830629
-0.31551830386681,-0.520872157154509,11.5151568039008,-0.454628249419524
-0.326118155549259,-0.544772061534955,11.363474269112,-0.473111114398182
-0.33739187409791,-0.569705371970765,11.2138701218167,-0.492567293582674
-0.349358589492251,-0.595737294085751,11.066323276439,-0.513040967894468
-0.362039741969487,-0.622935625244441,10.9208135496432,-0.534579230240525
-0.375459100788795,-0.651370959894971,10.7773217107458,-0.557232196873829
-0.389642792299897,-0.681116902400856,10.6358295380703,-0.581053128471336
-0.404619337115777,-0.712250287540449,10.4963198817973,-0.606098561091059
-0.420419696496264,-0.744851409841514,10.3587767340898,-0.632428447204457
-0.437077327830629,-0.779004261644407,10.2231853070645,-0.660106307012887
-0.454628249419524,-0.814796781018056,10.0895321196537,-0.689199390269953
-0.473111114398182,-0.852321109685421,9.95780509422771,-0.719778848816637
-0.492567293582674,-0.891673861036031,9.82799366374474,-0.751919920143181
-0.513040967894468,-0.932956399982415,9.70008889092601,-0.78570212216115
-0.534579230240525,-0.976275134504942,9.57408360048398,-0.821209459415124
-0.557232196873829,-1.02174181955824,9.44997252589266,-0.858530640985382
-0.581053128471336,-1.06947387399777,9.32775247223987,-0.897759310285609
-0.606098561091059,-1.11959471104588,9.20742249685954,-0.938994286938303
-0.632428447204457,-1.17223408285098,9.08898410964539,-0.982339820876404
-0.660106307012887,-1.22752843964944,8.97244149515833,-1.02790585876719
-0.689199390269953,-1.28562130399242,8.85780175885686,-1.07580832279206
-0.719778848816637,-1.34666366039731,8.7450751999982,-1.12616940173432
-0.751919920143181,-1.41081436089602,8.63427561417677,-1.17911785422268
-0.78570212216115,-1.47824054655506,8.52542062853811,-1.23478932385573
-0.821209459415124,-1.54911808511266,8.41853207319993,-1.29332666577448
-0.858530640985382,-1.6236320247235,8.31363639275832,-1.35488028406511
-0.897759310285609,-1.7019770635719,8.21076510212611,-1.41960847914836
-0.938994286938303,-1.78435803490674,8.1099552914104,-1.48767780403757
-0.982339820876404,-1.87099040679059,8.01125018501173,-1.55926342802742
-1.02790585876719,-1.96210079552789,7.91469976066347,-1.63454950597038
-1.07580832279206,-2.05792749135687,7.82036143470072,-1.71372955090657
-1.12616940173432,-2.1587209945315,7.7283008204745,-1.797006807183
-1.17911785422268,-2.26474455937037,7.63859256751075,-1.88459462060712
-1.23478932385573,-2.37627474321006,7.55132128974009,-1.97671680144254
-1.29332666577448,-2.49360195642936,7.4665825919212,-2.07360797515891
-1.35488028406511,-2.61703100881302,7.38448420422218,-2.17551391483199
-1.41960847914836,-2.74688164646357,7.30514723582555,-2.28269184789677
-1.48767780403757,-2.88348907221592,7.22870755937984,-2.39541072856544
-1.55926342802742,-3.02720444105718,7.15531733911139,-2.51395146561634
-1.63454950597038,-3.17839532032193,7.08514671639566,-2.63860709340038
-1.71372955090657,-3.33744610250618,7.01838566792351,-2.76968287175991
-1.797006807183,-3.50475835610995,6.9552460522285,-2.90749629809755
-1.88459462060712,-3.68075109728427,6.89596386170962,-3.05237701199148
-1.97671680144254,-3.86586096192156,6.84080169825996,-3.20466656951792
-2.07360797515891,-4.06054225417286,6.79005149148965,-3.36471806083349
-2.17551391483199,-4.26526684319718,6.74403747933727,-3.53289554000145
-2.28269184789677,-4.48052387512473,6.70311947144537,-3.70957323258659
-2.39541072856544,-4.70681926167101,6.66769641596257,-3.89513448037577
-2.51395146561634,-4.94467490051256,6.63821029031429,-4.0899703773075
-2.63860709340038,-5.19462757531876,6.61515033582669,-4.29447804278128
-2.76968287175991,-5.4572274751293,6.59905765472746,-4.5090584717083
-2.90749629809755,-5.73303626352276,6.59053018577917,-4.73411389911674
-3.05237701199148,-6.02262461756232,6.59022807140107,-4.97004460245217
-3.20466656951792,-6.32656914484319,6.59887942420735,-5.21724505884571
-3.36471806083349,-6.64544857567809,6.61728649195475,-5.47609936503835
-3.53289554000145,-6.97983910852917,6.64633221790076,-5.74697582427966
-3.70957323258659,-7.33030877898634,6.6869871710805,-6.03022059473835
-3.89513448037577,-7.69741070229801,6.74031681261552,-6.32615028855518
-4.0899703773075,-8.08167502280236,6.80748904456249,-6.63504340748406
-4.29447804278128,-8.48359937493911,6.889781969907,-6.95713050100564
-4.5090584717083,-8.90363766583709,6.9885917377023,-7.292582937096
-4.73411389911674,-9.34218696809552,7.10544033368543,-7.64150018609381
-4.97004460245217,-9.7995722708463,7.24198313488963,-8.00389553609579
-5.21724505884571,-10.276028861829,7.40001597130403,-8.37968018625021
-5.47609936503835,-10.7716820782094,7.58148139173541,-8.76864570454285
-5.74697582427966,-11.2865241904503,7.78847374549291,-9.17044489172915
-6.03022059473835,-11.8203881859912,8.02324261044641,-9.58457116562782
-6.32615028855518,-12.3729182495859,8.28819399805949,-10.0103366723944
-6.63504340748406,-12.9435367872131,8.58588865515724,-10.4468494457483
-6.95713050100564,-13.5314079159506,8.91903666148978,-10.8929900726735
-7.292582937096,-14.1353974496169,9.29048739405659,-11.34738848493
-7.64150018609381,-14.7540295568074,9.70321379814141,-11.8084016663721
-8.00389553609579,-15.3854404618761,10.1602897779272,-12.274093290394
-8.37968018625021,-16.0273298084439,10.6648594065527,-12.7422164588341
-8.76864570454285,-16.6769106160571,11.2200965702523,-13.2102009454199
-9.17044489172915,-17.3308591388301,11.8291536217827,-13.6751464966346
-9.58457116562782,-17.9852663821824,12.4950976474251,-14.1338238661481
-10.0103366723944,-18.6355935465149,13.2208330767137,-14.5826853249289
-10.4468494457483,-19.276634233932,14.0090096165878,-15.0178862857177
-10.8929900726735,-19.9024868533933,14.8619149088701,-15.4353195050641
-11.34738848493,-20.5065412393419,15.7813519493464,-15.830663064069
-11.8084016663721,-21.081484138323,16.7685019585415,-16.1994425745459
-12.274093290394,-21.6193284175311,17.82377497561,-16.5371076725487
-12.7422164588341,-22.1114713134608,18.9466511424847,-16.8391216472822
-13.2102009454199,-22.5487867710696,20.1355177040073,-17.101062414327
-13.6751464966346,-22.9217563781494,21.3875083672076,-17.3187317284202
-14.1338238661481,-23.2206423688627,22.6983534485231,-17.4882687362659
-14.5826853249289,-23.4357044243876,24.0622510766983,-17.6062630899908
-15.0178862857177,-23.5574593412462,25.4717711553524,-17.6698621819047
-15.4353195050641,-23.5769798586876,26.9178045251221,-17.6768670023848
-15.830663064069,-23.4862249609619,28.3895702314075,-17.6258112054814
-16.1994425745459,-23.2783897171224,29.8746921463755,-17.5160186964825
-16.5371076725487,-22.9482590835094,31.3593544841179,-17.3476361409626
-16.8391216472822,-22.4925458054209,32.8285411036829,-17.1216382297302
-17.101062414327,-21.9101903568931,34.2663590075248,-16.8398051903764
-17.3187317284202,-21.2025994393779,35.6564393048173,-16.5046737472035
-17.4882687362659,-20.3738005584443,36.9824022859567,-16.1194643295704
-17.6062630899908,-19.4304934930015,38.2283662909762,-15.6879886627036
-17.6698621819047,-18.3819851672386,39.3794735498673,-15.2145428289172
-17.6768670023848,-17.2400021220919,40.4224026484522,-14.7037913956055
-17.6258112054814,-16.0183840770511,41.345835136093,-14.1606482597597
-17.5160186964825,-14.7326716966317,42.1408454779423,-13.5901594997216
-17.3476361409626,-13.3996106518659,42.8011881802666,-12.9973928335107
-17.1216382297302,-12.0366012446667,43.3234633199814,-12.3873373634593
-16.8398051903764,-10.6611273013444,43.7071511428029,-11.764816259509
-16.5046737472035,-9.29019917325969,43.9545167217306,-11.1344139843276
-16.1194643295704,-7.93984342412345,44.0703956514616,-10.5004186929823
-15.6879886627036,-6.62466652132464,44.061880243151,-9.86677961966861
-15.2145428289172,-5.35751236527656,43.9379317863829,-9.23707857217013
-14.7037913956055,-4.14922481458372,43.7089476604589,-8.61451422047292
-14.1606482597597,-3.00851758454892,43.3863123394017,-8.00189751307046
-13.5901594997216,-1.94194598321159,42.9819589774716,-7.40165643518201
-12.9973928335107,-0.953968619893712,42.5079639046518,-6.81584830125021
-12.3873373634593,-0.0470828983087561,41.9761907613229,-6.24617783875299
-11.764816259509,0.77798414622837,41.3979949849495,-5.69401947428443
-11.1344139843276,1.52204842097058,40.7839935430972,-5.16044242104533
-10.5004186929823,2.18722231391471,40.1438997778297,-4.64623737117368
-9.86677961966861,2.77666444771271,39.4864192504467,-4.15194380755184
-9.23707857217013,3.29433786726803,38.8191996464526,-3.67787714650036
-8.61451422047292,3.74478593386776,38.1488261924778,-3.22415509983803
-8.00189751307046,4.13293187364746,37.4808533271559,-2.79072282800997
-7.40165643518201,4.46390539690465,36.8198635638295,-2.37737657345204
-6.81584830125021,4.74289760720706,36.1695451236906,-1.98378556567675
-6.24617783875299,4.97504351481286,35.5327810354896,-1.60951211622819
-5.69401947428443,5.16533038967549,34.9117435919731,-1.25402986616535
-5.16044242104533,5.31852932906035,34.3079893569593,-0.916740202103033
-4.64623737117368,5.43914703304286,33.7225511020794,-0.596986910249526
-4.15194380755184,5.531394651359,33.1560241150965,-0.294069159694351
-3.67787714650036,5.59917063866135,32.6086452421982,-0.0072529175309332
-3.22415509983803,5.64605477938526,32.0803637503502,0.264219086611374
-2.79072282800997,5.67531084595346,31.5709037187847,0.521118723156067
-2.37737657345204,5.6898957046704,31.079818031932,0.764225029939479
-1.98378556567675,5.69247301261683,30.6065343524345,0.994317873320038
-1.60951211622819,5.68543000170666,30.1503937031046,1.21217257939369
-1.25402986616535,5.67089613631857,29.7106823372067,1.41855544110264
-0.916740202103033,5.65076269091772,29.2866576419553,1.61421999573982
-0.596986910249526,5.62670253399735,28.8775688402435,1.79990398049959
-0.294069159694351,5.60018959139141,28.4826732162704,1.9763268919449
-0.0072529175309332,5.57251760641947,28.1012485366852,2.14418806679932
0.264219086611374,5.54481795762309,27.7326022877947,2.30416521507066
0.521118723156067,5.51807635024276,27.3760782812801,2.45691335071987
0.764225029939479,5.49314833269472,27.031061115887,2.60306406166081
0.994317873320038,5.47077358250626,26.69697891102,2.743225068595
1.21217257939369,5.45158898371189,26.3733046798235,2.87798002937074
1.41855544110264,5.43614053114549,26.0595566394365,3.00788855121817
1.61421999573982,5.42489411122806,25.75529771987,3.13348637673046
1.79990398049959,5.4182452353399,25.4601344814185,3.25528571030358
1.9763268919449,5.41652778981481,25.1737156107653,3.37377565855307
2.14418806679932,5.42002187584068,24.8957301411192,3.48942276045048
2.30416521507066,5.42896081852471,24.6259055066083,3.60267158552378
2.45691335071987,5.44353740898678,24.3640055180224,3.71394538077089
2.60306406166081,5.46390944709483,24.1098283300473,3.82364674938125
2.743225068595,5.49020464618338,23.8632044530089,3.93215834592528
2.87798002937074,5.52252495856244,23.6239948463258,4.03984357413269
3.00788855121817,5.56095037051454,23.3920891216458,4.14704727530915
3.13348637673046,5.60554221446823,23.1674038733293,4.25409639650828
3.25528571030358,5.6563460403274,22.949881148905,4.36130062866155
3.37377565855307,5.71339408368731,22.73948706432,4.4689530058352
3.48942276045048,5.77670736437284,22.536210564866,4.57733045760617
3.60267158552378,5.84629744481086,22.3400623292291,4.68669430727571
3.71394538077089,5.92216787428872,22.1510738113992,4.79729070926629
3.82364674938125,6.00431534163102,21.9692964129897,4.90935101958892
3.93215834592528,6.09273055673636,21.79480077673,5.02309209375777
4.03984357413269,6.18739887805398,21.6276761910271,5.13871650694677
4.14704727530915,6.28830070087221,21.468030094158,5.25641269146756
4.25409639650828,6.39541161909772,21.3159876659681,5.37635498696038
4.36130062866155,6.50870237123856,21.1716914942809,5.49870359988406
4.4689530058352,6.62813857956978,21.0353013025836,5.62360446832605
4.57733045760617,6.75368028991515,20.9069937249423,5.75118902892505
4.68669430727571,6.88528131815265,20.7869621134377,5.88157388311827
4.79729070926629,7.02288840842981,20.6754163626945,6.01486036021101
4.90935101958892,7.1664402071614,20.5725827352718,6.1511339748845
5.02309209375777,7.31586605620944,20.4787036707464,6.29046377793988
5.13871650694677,7.4710846081851,20.3940375602769,6.43290160698526
5.25641269146756,7.63200226714966,20.3188584674095,6.57848123112831
5.37635498696038,7.79851145718744,20.2534557744623,6.72721739117513
5.49870359988406,7.97048872225236,20.1981337320944,6.87910473803875
5.62360446832605,8.147792662493,20.1532108888684,7.03411668793655
5.75118902892505,8.33026171197812,20.1190193755101,7.19220419418741
5.88157388311827,8.51771176482632,20.0959040168208,7.35329443279317
6.01486036021101,8.7099336584624,20.0842212419322,7.51728942337016
6.1511339748845,8.90669053122256,20.0843377660643,7.68406462575188
6.29046377793988,9.10771506378692,20.0966290092672,7.85346748839206
6.43290160698526,9.31270662910178,20.1214772207835,8.025315982169
6.57848123112831,9.52132836933951,20.159269273397,8.19939717167968
6.72721739117513,9.73320422971639,20.2103940894022,8.37546583259838
6.87910473803875,9.9479159989621,20.2752396840741,8.55324313395847
7.03411668793655,10.1650003821627,20.3541897726959,8.73241544285862
7.19220419418741,10.3839461588965,20.4476199126878,8.91263330632281
7.35329443279317,10.6041914850688,20.5558931458655,9.09351062223034
7.51728942337016,10.8251214161504,20.6793551566489,9.27462406444368
7.68406462575188,11.0460657155996,20.8183288911306,9.45551281235564
7.85346748839206,11.266297025938,20.9731085925318,9.63567864777479
8.025315982169,11.4850295113821,21.1439533438422,9.81458645846179
8.19939717167968,11.7014180636034,21.3310800753784,9.99166520936385
8.37546583259838,11.9145581850088,21.5346560349447,10.1663094337967
8.55324313395847,12.1234866609355,21.7547907975609,10.337881292288
8.73241544285862,12.3271831245992,21.9915279015704,10.5057132429307
8.91263330632281,12.5245726626937,22.2448361534049,10.6691113601306
9.09351062223034,12.7145295725519,22.5146006869944,10.8273593226295
9.27462406444368,12.8958823625974,22.8006139710149,10.9797230850101
9.45551281235564,13.0674201063672,23.1025668840899,11.1254562292858
9.63567864777479,13.2279002506727,23.4200400539917,11.2638059762707
9.81458645846179,13.3760579265302,23.7524956620826,11.3940198173738
9.99166520936385,13.5106168009904,24.0992699588879,11.5153527070141
10.1663094337967,13.6303014619335,24.4595667518904,11.6270747346563
10.337881292288,13.7338512920703,24.8324521362871,11.728479174254
10.5057132429307,13.8200357455164,25.2168507523256,11.8188907884115
10.6691113601306,13.8876708811252,25.611543862224,11.8976742468794
10.8273593226295,13.9356369359074,26.0151695234222,11.9642425013821
10.9797230850101,13.9628966815014,26.4262251176917,12.0180649488867
11.1254562292858,13.9685142337665,26.8430724645357,12.0586752081834
11.2638059762707,13.9516739311053,27.2639456998078,12.0856783294392
11.3940198173738,13.9116988453272,27.6869620405382,12.0987572654028
11.5153527070141,13.8480684465766,28.110135483626,12.0976784397617
11.6270747346563,13.7604349145893,28.5313934009294,12.0822962655658
11.728479174254,13.6486375756313,28.9485958986766,12.0525564891432
11.8188907884115,13.5127149508292,29.3595577080195,12.0084982623517
11.8976742468794,13.352913929164,29.7620722735373,11.9502548777334
11.9642425013821,13.1696956288683,30.1539376013455,11.8780531344034
12.0180649488867,12.963737584087,30.5329833425884,11.7922113394191
12.0586752081834,12.7359319857247,30.8970985128229,11.6931359867002
12.0856783294392,12.4873798220156,31.244259175581,11.5813171885968
12.0987572654028,12.2193808862822,31.5725554015015,11.4573229676617
12.0976784397617,11.9334197568471,31.8802167944794,11.3217925398747
12.0822962655658,11.6311479917935,32.1656358994985,11.1754287480348
12.0525564891432,11.3143629141237,32.4273888578332,11.0189898209921
12.0084982623517,10.9849834811312,32.6642527539137,10.8532806380973
11.9502548777334,10.6450238445754,32.8752191972417,10.6791436876682
11.8780531344034,10.296565267302,33.0595038145887,10.4974498987361
11.7922113394191,9.94172713718297,33.2165514509269,10.3090895283669
11.6931359867002,9.58263783275425,33.3460370312815,10.1149632661609
11.5813171885968,9.22140617533581,33.4478621769346,9.91597370085995
11.4573229676617,8.86009417046752,33.5221478028966,9.71301727546307
11.3217925398747,8.50069166682142,33.5692230478606,9.50697683784708
11.1754287480348,8.14509348328623,33.5896109848058,9.29871486658033
11.0189898209921,7.79507944486703,33.5840116479893,9.0890674338282
10.8532806380973,7.45229763740428,33.5532829511143,8.87883894257293
10.6791436876682,7.11825108310166,33.4984201103471,8.66879765525821
10.4974498987361,6.79428790822148,33.4205341728604,8.4596720128637
10.3090895283669,6.48159497552899,33.3208302414767,8.25214772716793
10.1149632661609,6.18119484013925,33.2005859342776,8.04686561522836
9.91597370085995,5.89394580517499,33.0611305563465,7.84442013398826
9.71301727546307,5.62054478790782,32.903825391758,7.64535856439024
9.50697683784708,5.36153265301475,32.7300454525323,7.45018078836786
9.29871486658033,5.11730164153924,32.5411629281388,7.25933959754685
9.0890674338282,4.88810450801067,32.3385325105609,7.07324147172139
8.87883894257293,4.67406497802062,32.1234786905015,6.89224776205477
8.66879765525821,4.47518915349234,31.8972850527264,6.71667621848229
8.4596720128637,4.29137751690805,31.6611855406075,6.54680280534636
8.25214772716793,4.12243721786266,31.4163576108992,6.38286374443804
8.04686561522836,3.9680943627784,31.1639171609898,6.22505773445958
7.84442013398826,3.82800606910879,30.9049150821784,6.07354829205802
7.64535856439024,3.70177208686997,30.6403352733392,5.92846619502434
7.45018078836786,3.58894583020806,30.3710939388224,5.78991196434573
7.25933959754685,3.48904469674363,30.0980399903924,5.65795834498192
7.07324147172139,3.40155960096237,29.8219563770956,5.53265279629802
6.89224776205477,3.32596365267338,29.5435621689329,5.4140199358219
6.71667621848229,3.26171997008789,29.2635152380644,5.30206389253602
6.54680280534636,3.20828862757196,28.9824153984751,5.19677062600528
6.38286374443804,3.16513273744633,28.7008078687446,5.09811013545179
6.22505773445958,3.13172370925146,28.419186946133,5.00603852436129
6.07354829205802,3.10754571868625,28.1379997745864,4.92050005863735
5.92846619502434,3.09209947096107,27.8576501723115,4.84142896732613
5.78991196434573,3.08490526632284,27.5785024168666,4.76875125845396
5.65795834498192,3.08550544442495,27.3008849080028,4.70238633288326
5.53265279629802,3.09346629964352,27.0250937391288,4.64224849105415
5.4140199358219,3.10837947672183,26.7513961032633,4.58824834595559
5.30206389253602,3.12986292851823,26.4800334660003,4.54029409740392
5.19677062600528,3.15756150715666,26.2112246172121,4.49829268782623
5.09811013545179,3.19114719611632,25.9451684705823,4.46215086510649
5.00603852436129,3.23031908726443,25.6820466454413,4.43177613496897
4.92050005863735,3.27480308063793,25.4220259321516,4.40707759818134
4.84142896732613,3.32435142622264,25.1652604356131,4.38796670351315
4.76875125845396,3.37874205585621,24.9118936708559,4.37435790850768
4.70238633288326,3.43777780902219,24.6620603839861,4.36616925033552
4.64224849105415,3.50128554736426,24.4158882641872,4.36332282843247
4.58824834595559,3.56911517261795,24.1734995038731,4.36574521513061
4.54029409740392,3.64113859586444,23.9350122115947,4.37336779271012
4.49829268782623,3.71724866145371,23.700541716725,4.38612701908846
4.46215086510649,3.79735802947881,23.4702017714247,4.40396462217189
4.43177613496897,3.88139804671879,23.2441056494149,4.42682773483349
4.40707759818134,3.9693176133659,23.0223671671576,4.45466897132685
4.38796670351315,4.06108203776832,22.8051016396669,4.48744644446669
4.37435790850768,4.15667189771147,22.5924267709512,4.52512372195684
4.36616925033552,4.25608190895852,22.3844634950039,4.56766973117477
4.36332282843247,4.35931980518594,22.1813367749903,4.61505861500914
4.36574521513061,4.46640521963607,21.9831763708302,4.66726952992467
4.37336779271012,4.57736857719672,21.7901175758788,4.72428638880707
4.38612701908846,4.6922499914148,21.6023019326085,4.78609755544817
4.40396462217189,4.81109816711255,21.4198779307705,4.85269548820874
4.42682773483349,4.93396929412505,21.2430016950557,4.92407632023836
4.45466897132685,5.06092593550181,21.0718376601328,5.00023938530459
4.48744644446669,5.19203590239098,20.9065592380617,5.08118669357014
4.52512372195684,5.32737111267282,20.7473494783467,5.16692233586001
4.56766973117477,5.46700641273978,20.5944017247674,5.25745182266646
4.61505861500914,5.61101836687028,20.4479202613174,5.3527813707974
4.66726952992467,5.75948400533625,20.3081209490355,5.45291710074433
4.72428638880707,5.91247951708849,20.1752318517671,5.55786416589131
4.78609755544817,6.0700788700199,20.0494938471499,5.66762582061835
4.85269548820874,6.23235236773513,19.9311612123208,5.78220236420466
4.92407632023836,6.39936512730003,19.8205021801724,5.90159005248741
5.00023938530459,6.57117543935395,19.7177994636585,6.02577987161781
5.08118669357014,6.74783304637602,19.6233507285101,6.15475624346472
5.16692233586001,6.92937730888652,19.5374690035844,6.28849564178815
5.25745182266646,7.11583520865417,19.4604830249871,6.4269650676462
5.3527813707974,7.30721927338413,19.3927374881254,6.5701205002114
5.45291710074433,7.50352531476478,19.334593183399,6.71790514528213
5.55786416589131,7.70473001571142,19.2864270190592,6.87024769741809
5.66762582061835,7.91078842397392,19.2486318816037,7.02706041070105
5.78220236420466,8.12163115710317,19.2216163051739,7.18823713062928
5.90159005248741,8.33716160891468,19.2058039791465,7.35365125413353
6.02577987161781,8.55725282987745,19.2016329361312,7.52315355022566
6.15475624346472,8.78174437716308,19.2095545691326,7.69657003153882
6.28849564178815,9.01043894741749,19.230032226663,7.87369967520038
6.4269650676462,9.24309887093751,19.2635395431994,8.05431220617576
6.5701205002114,9.47944257423965,19.3105583411828,8.23814587928142
6.71790514528213,9.71914079248367,19.3715760397947,8.42490526566769
6.87024769741809,9.96181294141508,19.4470827228059,8.61425918012551
7.02706041070105,10.2070232656536,19.537567458262,8.8058387091868
7.18823713062928,10.4542771863411,19.6435142693314,8.99923540875091
7.35365125413353,10.703017697115,19.7653973081247,9.19399975211826
7.52315355022566,10.9526219044892,19.9036754172962,9.38963987993337
7.69657003153882,11.2023979503563,20.0587861134821,9.58562069831817
7.87369967520038,11.4515821837391,20.2311385611989,9.7813634098551
8.05431220617576,11.6993369068954,20.4211061644237,9.97624555832964
8.23814587928142,11.944748729689,20.6290181278592,10.1696016527604
8.42490526566769,12.1868276449029,20.8551504032174,10.3607244408864
8.61425918012551,12.4245070477367,21.0997160052898,10.5488669066388
8.8058387091868,12.6566448412198,21.3628545586076,10.7332450542454
8.99923540875091,12.8820257508932,21.6446213801887,10.9130415332848
9.19399975211826,13.09936505183,21.9449761478335,11.0874101463749
9.38963987993337,13.307313891912,22.2637712731415,11.2554812648049
9.58562069831817,13.5044663548355,22.6007401688832,11.4163681575147
9.7813634098551,13.6893683452909,22.9554857252876,11.5691742156265
9.97624555832964,13.8605284967546,23.3274691794819,11.713001028543
10.1696016527604,14.0164311263246,23.7159997364336,11.8469572391074
10.3607244408864,14.1555512866694,24.1202252610222,11.9701680752972
10.5488669066388,14.2763718828233,24.539124434511,12.0817854254811
10.7332450542454,14.3774027654666,24.9715007668813,12.1809982950426
10.9130415332848,14.4572016369194,25.415978871137,12.2670434542055
11.0874101463749,14.5143965216176,25.8710034036697,12.3392160650189
11.2554812648049,14.5477094642553,26.3348410544448,12.3968800564784
11.4163681575147,14.5559810289529,26.805585931272,12.4394780066707
11.5691742156265,14.5381950855528,27.281168622563,12.4665402857142
11.713001028543,14.4935032891025,27.7593691419056,12.4776932227875
11.8469572391074,14.4212485911184,28.2378338559915,12.4726660712625
11.9701680752972,14.3209870719306,28.7140963766211,12.4512965723206
12.0817854254811,14.1925073578081,29.1856022609346,12.4135349502354
12.1809982950426,14.0358468895547,29.64973721769,12.3594462128084
12.2670434542055,13.8513043443144,30.1038583634791,12.2892106743196
12.3392160650189,13.6394475827378,30.5453279285916,12.2031226688781
12.3968800564784,13.4011165976333,30.971548672824,12.1015874771924
12.4394780066707,13.137421076936,31.3800001592818,11.9851165384965
12.4665402857142,12.8497323628206,31.7682749386991,11.8543210627028
12.4776932227875,12.5396697703609,32.1341136618708,11.7099042062826
12.4726660712625,12.2090814347783,32.4754381120726,11.5526520163897
12.4512965723206,11.8600200591536,32.790381192554,11.3834233651075
12.4135349502354,11.4947141264458,33.0773129858718,11.203139111833
12.3594462128084,11.1155353176588,33.3348621213206,11.0127707601265
12.2892106743196,10.7249630114551,33.5619318544169,10.8133288597349
12.2031226688781,10.325546863158,33.7577104367141,10.6058513973796
12.1015874771924,9.91986853228832,33.9216755691499,10.3913924010996
11.9851165384965,9.51050360975321,34.0535929485689,10.1710109765268
11.8543210627028,9.09998477614112,34.1535091257201,9.94576094962044
11.7099042062826,8.69076715937235,34.221739078579,9.71668126354647
11.5526520163897,8.28519674553833,34.2588490818685,9.48478725020447
11.3834233651075,7.8854825174994,34.2656355769705,9.25106285878894
11.203139111833,7.49367284224963,34.2431008463186,9.01645389963571
11.0127707601265,7.1116364760076,34.1924263599277,8.78186232610791
10.8133288597349,6.74104834191821,34.1149446579509,8.54814155329645
10.6058513973796,6.38338007164742,34.0121106166404,8.31609278959768
10.3913924010996,6.03989514838167,33.8854728825294,8.0864623379196
10.1710109765268,5.71164836639857,33.7366461947739,7.85993980782205
9.94576094962044,5.39948919983713,33.5672851893798,7.6371571681956
9.71668126354647,5.1040686047935,33.3790601680631,7.41868856192439
9.48478725020447,4.82584872047647,33.1736352095138,7.2050507991196
9.25106285878894,4.56511492212498,32.9526488625033,6.99670444373658
9.01645389963571,4.3219896705835,32.7176975667837,6.79405540898035
8.78186232610791,4.09644762753513,32.4703218344557,6.59745697616809
8.54814155329645,3.88833154241252,32.2119951417096,6.40721216201984
8.31609278959768,3.69736846525182,31.9441154095944,6.22357635329833
8.0864623379196,3.5231858962815,31.6679988963817,6.04676015028005
7.85993980782205,3.3653275436328,31.3848762836238,5.87693235670087
7.6371571681956,3.22326842187948,31.0958907119586,5.71422304807091
7.41868856192439,3.0964290836634,30.8020975094713,5.5587266759845
7.2050507991196,2.98418883264508,30.5044653532396,5.41050518594999
6.99670444373658,2.88589781702731,30.2038786118911,5.26959108693215
6.79405540898035,2.80088794581821,29.9011406309338,5.13599044756019
6.59745697616809,2.72848260153731,29.5969777370135,5.00968579851283
6.40721216201984,2.66800517539975,29.2920437681732,4.89063894473964
6.22357635329833,2.61878644007925,28.9869249399295,4.77879362711277
6.04676015028005,2.58017084220544,28.6821449159256,4.67407803452784
5.87693235670087,2.55152176771747,28.378169954114,4.57640722312151
5.71422304807091,2.53222584817016,28.0754140065755,4.48568531779838
5.5587266759845,2.52169640622218,27.7742436840417,4.40180760421501
5.41050518594999,2.51937613974971,27.4749830695438,4.32466246062579
5.26959108693215,2.52473909705457,27.1779182857963,4.25413313023345
5.13599044756019,2.5372920444142,26.8833017855258,4.19009934475455
5.00968579851283,2.55657531100514,26.5913563591346,4.13243881457225
4.89063894473964,2.58216317419055,26.302278880663,4.08102857604023
4.77879362711277,2.61366385187982,26.0162437089212,4.03574620664365
4.67407803452784,2.65071918618712,25.7334058147991,3.99647091035154
4.57640722312151,2.69300403553555,25.453903660191,3.96308448960386
4.48568531779838,2.74022547452592,25.1778617448136,3.93547220415901
4.40180760421501,2.79212180566193,24.9053929639337,3.91352352572434
4.32466246062579,2.84846143934777,24.6366007045384,3.89713278951125
4.25413313023345,2.90904168012088,24.3715807321452,3.88619975638882
4.19009934475455,2.97368744281145,24.1104228906542,3.88063009018807
4.13243881457225,3.04224991671032,23.8532126340969,3.88033575494955
4.08102857604023,3.11460521046718,23.6000323987436,3.88523533922933
4.03574620664365,3.19065298790013,23.3509628452572,3.89525430841037
3.99647091035154,3.27031511291912,23.1060839836997,3.91032519415875
3.96308448960386,3.35353430663698,22.865476201422,3.93038772442149
3.93547220415901,3.44027283159667,22.6292212041276,3.95538889767149
3.91352352572434,3.5305112070589,22.3974028861479,3.98528300548785
3.89713278951125,3.62424696073364,22.1701081438639,4.02003160143131
3.88619975638882,3.72149341617361,21.947427642828,4.05960342333353
3.88063009018807,3.82227851612155,21.729456549448,4.10397426952575
3.88033575494955,3.92664368344004,21.5162952349686,4.15312683300941
3.88523533922933,4.03464271508154,21.3080499610403,4.20705048696103
3.89525430841037,4.14634070805813,21.1048335542331,4.26574102502313
3.91032519415875,4.26181301078015,20.9067660752583,4.3292003578434
3.93038772442149,4.38114419339515,20.7139754891652,4.39743616774337
3.95538889767149,4.5044270332313,20.5265983392672,4.47046150884847
3.98528300548785,4.63176150644687,20.3447804293165,4.54829435585179
4.02003160143131,4.76325378153173,20.1686775166847,4.63095710824134
4.05960342333353,4.89901520191812,19.9984560190543,4.71847603365119
4.10397426952575,5.0391612476195,19.8342937365169,4.81088064320962
4.15312683300941,5.18381047017796,19.6763805855672,4.90820301543497
4.20705048696103,5.33308338997625,19.5249193479734,5.01047704745346
4.26574102502313,5.48710134397656,19.380126431893,5.11773761417693
4.3292003578434,5.64598526426092,19.2422326452332,5.230019679326
4.39743616774337,5.80985438748955,19.1114839707159,5.34735728630533
4.47046150884847,5.97882488445554,18.9881423406682,5.4697824729183
4.54829435585179,6.15300837144296,18.8724864126605,5.59732409793994
4.63095710824134,6.33251031567936,18.7648123257701,5.73000651460398
4.71847603365119,6.51742832813789,18.6654344286245,5.86784821120774
4.81088064320962,6.70785027638378,18.5746859811202,6.01086022753941
4.90820301543497,6.90385226805091,18.4929198004948,6.15904455733782
5.01047704745346,7.10549647619604,18.4205088324013,6.31239232715357
5.11773761417693,7.31282870572625,18.3578466500319,6.47088189174908
5.230019679326,7.52587587590903,18.3053478339612,6.63447679861688
5.34735728630533,7.74464316339882,18.2634482069222,6.80312355720432
5.4697824729183,7.9691110227529,18.2326049346993,6.97674935757159
5.59732409793994,8.19923193128678,18.2132963802892,7.15525957925709
5.73000651460398,8.4349268570092,18.2060217677625,7.33853520746569
5.86784821120774,8.67608161241579,18.2113005416177,7.52643017135633
6.01086022753941,8.92254275522606,18.2296713849204,7.71876850545803
6.15904455733782,9.17411352042872,18.2616909278591,7.91534151098555
6.31239232715357,9.43054926048778,18.3079319101037,8.11590485185053
6.47088189174908,9.69155289415353,18.3689809819491,8.32017558918901
6.63447679861688,9.95677008445363,18.4454358494013,8.52782933609218
6.80312355720432,10.2257842544182,18.5379018176339,8.73849741812553
6.97674935757159,10.4981116537676,18.6469877287031,8.95176419355786
7.15525957925709,10.7731962433674,18.7733009684997,9.16716460534904
7.33853520746569,11.0504047666973,18.9174418179649,9.38418199572524
7.52643017135633,11.3290219761201,19.0799968511568,9.60224628941957
7.71876850545803,11.6082460569919,19.2615312620687,9.82073263951262
7.91534151098555,11.8871845766626,19.4625804398442,10.0389606489847
8.11590485185053,12.1648509644259,19.6836402602549,10.2561942451935
8.32017558918901,12.4401617183909,19.925156417684,10.471642330363
8.52782933609218,12.7119346270864,20.1875128283572,10.684460311947
8.73849741812553,12.9788881384991,20.4710187457799,10.8937526143633
8.95176419355786,13.2396421068189,20.7758951600134,11.0985762658746
9.16716460534904,13.492720221867,21.1022602963215,11.2979456405975
9.38418199572524,13.7365543498563,21.450114361445,11.4908384166113
9.60224628941957,13.9694910096322,21.8193238670077,11.6762027867224
9.82073263951262,14.1898002226029,22.2096057503936,11.852965928442
10.0389606489847,14.3956869992555,22.6205116074255,12.0200437043725
10.2561942451935,14.5853056085229,23.0514124092068,12.1763515241748
10.471642330363,14.756776759541,23.5014841906158,12.3208162556797
10.684460311947,14.9082077565911,23.9696952048866,12.4523890269831
10.8937526143633,15.0377156084417,24.4547950936624,12.5700587161689
11.0985762658746,15.1434529667155,24.9553066645229,12.6728658804544
11.2979456405975,15.2236366495663,25.469520884782,12.7599168391824
11.4908384166113,15.2765783777853,25.9954956939367,12.8303975915036
11.6762027867224,15.3007172133288,26.5310592043328,12.8835872283759
11.852965928442,15.2946530502498,27.0738177962262,12.9188704857137
12.0200437043725,15.257180372217,27.6211695163068,12.9357490897185
12.1763515241748,15.1873213678585,28.1703230566698,12.9338515613181
12.3208162556797,15.0843573945961,28.7183224251808,12.9129411792923
12.4523890269831,14.9478577131892,29.2620772216524,12.8729218423613
12.5700587161689,14.7777043883242,29.7983982159926,12.8138416314491
12.6728658804544,14.5741122719824,30.3240376870567,12.7358939452299
12.7599168391824,14.3376430636064,30.8357337490987,12.6394161451291
12.8303975915036,14.069212574277,31.3302576631108,12.5248857321977
12.8835872283759,13.7700905112077,31.8044629354959,12.392914159134
12.9188704857137,13.4418923405997,32.2553348416176,12.244238434853
12.9357490897185,13.0865630672731,32.6800389133292,12.0797107643805
12.9338515613181,12.7063530817091,33.0759668840524,11.9002865183066
12.9129411792923,12.3037865274254,33.4407786351904,11.7070108402303
12.8729218423613,11.8816229698119,33.7724387695391,11.5010042670372
12.8138416314491,11.4428134464905,34.0692466177031,11.2834477262081
12.7358939452299,10.9904521785093,34.3298587506286,11.0555672548475
12.6394161451291,10.5277253933293,34.5533033523294,10.8186188102169
12.5248857321977,10.0578588826897,34.7389861050404,10.5738734847005
12.392914159134,9.58406589167451,34.8866875989243,10.3226033970939
12.244238434853,9.1094968457282,34.9965526106728,10.0660685105679
12.0797107643805,8.63719239561859,35.069071886759,9.80550457312228
11.9002865183066,8.17004101108322,35.1050573217496,9.54211231666913
11.7070108402303,7.71074207927519,35.1056116273151,9.27704801359003
11.5010042670372,7.26177529172364,35.0720937463645,9.01141544373684
11.2834477262081,6.82537674921516,35.0060812983575,8.74625928454638
11.0555672548475,6.40352192650819,34.9093313589512,8.48255989612238
10.8186188102169,5.99791543046845,34.7837408522575,8.22122944652843
10.5738734847005,5.60998721309934,34.6313076759011,7.96310929794914
10.3226033970939,5.24089470634368,34.4540935535799,7.70896855579509
10.0660685105679,4.89153021922775,34.2541894501037,7.45950366998019
9.80550457312228,4.56253282639403,34.0336841863763,7.21533896992687
9.54211231666913,4.25430392817743,33.7946366845805,6.9770280115298
9.27704801359003,3.96702563778019,33.5390521195431,6.74505561478857
9.01141544373684,3.70068119101594,33.2688620705722,6.51984047474845
8.74625928454638,3.45507661112487,32.9859086336505,6.30173823537675
8.48255989612238,3.22986294485913,32.6919323230393,6.09104492252379
8.22122944652843,3.02455846952595,32.3885635053238,5.88800063627633
7.96310929794914,2.83857036570824,32.0773170404707,5.69279342401963
7.70896855579509,2.67121544791152,31.759589760551,5.50556325249071
7.45950366998019,2.5217396399202,31.4366603948042,5.32640602699862
7.21533896992687,2.38933596944333,31.109691546093,5.15537758140049
6.9770280115298,2.27316093553362,30.7797333346308,4.99249760649697
6.74505561478857,2.17234917148395,30.4477283470033,4.83775346922743
6.51984047474845,2.0860263848628,30.1145175594771,4.6911039027491
6.30173823537675,2.01332060406918,29.7808469418258,4.55248253875688
6.09104492252379,1.953371792507,29.4473744833814,4.42180125896777
5.88800063627633,1.90533991872943,29.1146774160477,4.29895334055164
5.69279342401963,1.86841160303526,28.7832594587072,4.18381643666183
5.50556325249071,1.84180545617937,28.4535579252621,4.07625533008111
5.32640602699862,1.8247762504447,28.1259506142149,3.9761244908522
5.15537758140049,1.81661803135522,27.8007623510837,3.88327043140611
4.99249760649697,1.81666631569187,27.4782711503276,3.79753386906504
4.83775346922743,1.82429949064067,27.1587139425135,3.71875169576022
4.6911039027491,1.83893953351369,26.8422918678284,3.64675876411428
4.55248253875688,1.86005214926163,26.5291751186504,3.58138949985148
4.42180125896777,1.88714642706027,26.2195073213875,3.52247934782601
4.29895334055164,1.91977411227019,25.9134094785836,3.4698660617479
4.18381643666183,1.9575285493726,25.6109835353852,3.42339084843822
4.07625533008111,2.00004338589653,25.3123155219679,3.38289937565059
3.9761244908522,2.04699108631875,25.0174783556725,3.34824265338126
3.88327043140611,2.09808131028644,24.7265343133988,3.31927779831127
3.79753386906504,2.15305919583232,24.4395372099181,3.29586869101039
3.71875169576022,2.21170358844893,24.1565343088061,3.27788653477705
3.64675876411428,2.27382524673992,23.8775679975827,3.26521032343883
3.58138949985148,2.33926504881796,23.6026772565849,3.25772722784323
3.52247934782601,2.40789222091957,23.3318989477994,3.25533290785769
3.4698660617479,2.47960260575459,23.0652689478193,3.25793175674762
3.42339084843822,2.55431698199793,22.8028231488999,3.26543708432693
3.38289937565059,2.6319794454853,22.5445983485591,3.2777712447362
3.34824265338126,2.71255585897653,22.2906330468653,3.29486571457006
3.31927779831127,2.79603237502191,22.0409681686014,3.31666112471393
3.29586869101039,2.88241403468591,21.7956477254334,3.34310725056009
3.27788653477705,2.97172344156188,21.5547194326039,3.37416296441682
3.26521032343883,3.06399951234176,21.3182352915562,3.40979615256336
3.25772722784323,3.15929630004338,21.0862521497624,3.4499835994962
3.25533290785769,3.25768188709709,20.8588322472812,3.494710842272
3.25793175674762,3.35923734416952,20.6360437584879,3.5439719924535
3.26543708432693,3.46405574957214,20.4179613364743,3.5977695286439
3.2777712447362,3.57224126350552,20.2046666665913,3.65611405904872
3.29486571457006,3.68390825026445,19.9962490348108,3.71902405638474
3.31666112471393,3.79918044132346,19.7928059166433,3.78652555933036
3.34310725056009,3.91819013242626,19.5944435900336,3.85865183819711
3.37416296441682,4.04107740495165,19.4012777768886,3.93544302529116
3.40979615256336,4.1679893630597,19.2134343165511,4.01694571097058
3.4499835994962,4.29907937735989,19.0310498736228,4.10321249122674
3.494710842272,4.43450632472376,18.8542726817199,4.19430146492966
3.5439719924535,4.57443381484023,18.683263326375,4.29027568878741
3.5977695286439,4.71902939235618,18.5181955665574,4.39120256648421
3.65611405904872,4.86846369859064,18.3592571990047,4.49715316462811
3.71902405638474,5.02290958385949,18.2066509597679,4.60820148885299
3.78652555933036,5.18254115778833,18.0605954648726,4.72442362059337
3.85865183819711,5.34753276562721,17.9213261874464,4.84589684797893
3.93544302529116,5.51805786030948,17.7890964759427,4.97269860275254
4.01694571097058,5.69428777395003,17.6641785939405,5.10490538650266
4.10321249122674,5.87639037482535,17.5468647827242,5.24259149685284
4.19430146492966,6.06452854789013,17.4374683593041,5.38582767813414
4.29027568878741,6.25885855136755,17.3363248000485,5.53467961899549
4.39120256648421,6.45952817621194,17.2437928309511,5.6892062719604
4.49715316462811,6.66667467134783,17.1602555181541,5.84945807583001
4.60820148885299,6.88042255024028,17.0861212783193,6.01547492146697
4.72442362059337,7.10088096195369,17.0218249074528,6.1872840085026
4.84589684797893,7.32814107283651,16.9678284468726,6.36489748094553
4.97269860275254,7.56227282383208,16.9246220251033,6.54830984232632
5.10490538650266,7.80332174510432,16.8927244994574,6.73749522434819
5.24259149685284,8.05130508832972,16.8726839509373,6.93240439734026
5.38582767813414,8.30620791864715,16.8650779634643,7.13296158919483
5.53467961899549,8.56797862346107,16.8705135959972,7.33906114082325
5.6892062719604,8.83652416133818,16.889627072726,7.55056392835441
5.84945807583001,9.11170495275975,16.9230830501843,7.76729362945974
6.01547492146697,9.39332924543158,16.97157340531,7.98903288114268
6.1872840085026,9.68114731272488,17.0358155359409,8.21551928869492
6.36489748094553,9.97484513816396,17.116549957407,8.44644136925508
6.54830984232632,10.2740378203666,17.2145372053478,8.68143454486031
6.73749522434819,10.5782627796728,17.3305539474297,8.92007714065675
6.93240439734026,10.8869726145804,17.4653880639191,9.16188654101743
7.13296158919483,11.1995279113579,17.6198327571981,9.40631561887193
7.33906114082325,11.5151900490312,17.7946795228047,9.65274949728552
7.55056392835441,11.8331140196372,17.9907097376389,9.90050279326214
7.76729362945974,12.152341577549,18.2086849652774,10.1488174830616
7.98903288114268,12.4717948697294,18.4493358365502,10.3968615528826
8.21551928869492,12.7902706970591,18.7133492228942,10.6437285751918
8.44644136925508,13.1064357498097,19.0013539157447,10.8884383850924
8.68143454486031,13.4188231182555,19.3139047982876,11.1299390253446
8.92007714065675,13.7258303748486,19.6514651256488,11.3671101191786
9.16188654101743,14.0257195707391,20.0143875407344,11.5987678187117
9.40631561887193,14.3166195996663,20.402893650661,11.8236714551359
9.65274949728552,14.5965313031618,20.817052355587,12.0405319859246
9.90050279326214,14.863335727626,21.2567573371318,12.2480222936622
10.1488174830616,15.1148058759624,21.7217041213695,12.4447893406223
10.3968615528826,15.3486224192016,22.2113671193141,12.629468123609
10.6437285751918,15.5623936073457,22.7249772958655,12.8006973063348
10.8884383850924,15.7536796302592,23.2615011708391,12.9571363341906
11.1299390253446,15.9200215381849,23.8196219699982,13.0974837616412
11.3671101191786,16.0589747030622,24.3977238096645,13.2204964430631
11.5987678187117,16.1681466244331,24.9938798720417,13.3250091821851
11.8236714551359,16.2452386828662,25.6058455587223,13.409954357986
12.0405319859246,16.2880912211947,26.2310575988516,13.474381011479
12.2480222936622,16.2947310963391,26.8666400281281,13.5174728498234
12.4447893406223,16.2634206032855,27.5094178372489,13.5385646215177
12.629468123609,16.1927064425836,28.1559389085186,13.5371563371631
12.8006973063348,16.0814672004451,28.8025046162713,13.5129248529522
12.9571363341906,15.9289576546382,29.4452091648892,13.465732399875
13.0974837616412,15.7348481279199,30.0799873873489,13.3956317528199
13.2204964430631,15.49925708845,30.7026703194517,13.3028678191885
13.3250091821851,15.2227752965708,31.3090475000863,13.1878755691434
13.409954357986,14.9064799621537,31.8949344922614,13.0512743402676
13.474381011479,14.5519376803264,32.4562437861748,12.8938586876066
13.5174728498234,14.1611952968569,32.9890569410004,12.7165860660793
13.5385646215177,13.7367583209282,33.4896956153189,12.5205617141337
13.5371563371631,13.2815570137502,33.9547890446797,12.3070212373273
13.5129248529522,12.7989008227489,34.3813355627299,12.0773113765768
13.465732399875,12.2924224458409,34.7667558669667,11.8328695696808
13.3956317528199,11.7660131940243,35.1089361464483,11.5752028261588
13.3028678191885,11.223751757859,35.4062595419982,11.3058665056133
13.1878755691434,10.6698289129326,35.6576248650534,11.0264434951597
13.0512743402676,10.108470618664,35.8624521770436,10.7385242386603
12.8938586876066,9.54386223682386,36.0206753275689,10.4436880398207
12.7165860660793,8.98007632284496,36.1327221278321,10.1434859186139
12.5205617141337,8.42100620762381,36.1994833736405,9.83942528430487
12.3070212373273,7.87030734239315,36.2222723065761,9.53295658204545
12.0773113765768,7.33134774615063,36.2027764225035,9.22546198785715
11.8328695696808,6.80716864081534,36.1430037584987,8.91824617607128
11.5752028261588,6.3004556538675,36.0452257585805,8.6125291243237
11.3058665056133,5.81352065600412,35.9119188936443,8.30944086070399
11.0264434951597,5.34829379302829,35.74570692172,8.01001802783432
10.7385242386603,4.90632492013773,35.549305529042,7.71520210955552
10.4436880398207,4.48879341810286,35.3254707873697,7.42583914595659
10.1434859186139,4.09652512766622,35.0769524788641,7.14268075307785
9.83942528430487,3.73001505461989,34.8064531033887,6.86638626015449
9.53295658204545,3.38945448448884,34.5165929976738,6.59752577985703
9.22546198785715,3.07476116363502,34.2098817193113,6.33658403673886
8.91824617607128,2.78561130585325,33.8886956123087,6.08396478790173
8.6125291243237,2.52147230370063,33.5552612651595,5.83999568347742
8.30944086070399,2.28163519846993,33.2116443976478,5.60493343440637
8.01001802783432,2.06524611786001,32.8597436191526,5.37896916836792
7.71520210955552,1.87133605362953,32.5012884321216,5.16223386515112
7.42583914595659,1.69884852352371,32.1378408241525,4.9548037845713
7.14268075307785,1.54666480705784,31.7707997983704,4.75670581639168
6.86638626015449,1.41362657103162,31.4014082188382,4.56792269081522
6.59752577985703,1.29855581277513,31.0307613932168,4.3883979983575
6.33658403673886,1.20027214584219,30.659816878358,4.21804098718673
6.08396478790173,1.11760751054982,30.2894050521877,4.05673111265476
5.83999568347742,1.04941845280626,29.9202400641999,3.90432231018196
5.60493343440637,0.994596156448883,29.5529308511413,3.76064699025677
5.37896916836792,0.952074426751838,29.1879919674774,3.62551974794265
5.16223386515112,0.920835831142465,28.8258540193194,3.49874078435592
4.9548037845713,0.899916217743683,28.4668735592637,3.38009904584768
4.75670581639168,0.88840782286824,28.111342347117,3.26937508753261
4.56792269081522,0.885461163728308,27.759495908291,3.16634367085481
4.3883979983575,0.890285904370105,27.4115213537823,3.07077610680869
4.21804098718673,0.902150866718388,27.0675644620901,2.98244235782834
4.05673111265476,0.920383337455776,26.7277360373407,2.90111291220549
3.90432231018196,0.944367812638946,26.3921175539745,2.82656044557514
3.76064699025677,0.973544299714979,26.0607661445061,2.7585612842337
3.62551974794265,1.00740628056547,25.7337189701385,2.69689668499608
3.49874078435592,1.04549842806881,25.4109970212301,2.64135394616043
3.38009904584768,1.08741415235996,25.0926084018709,2.59172736376869
3.26937508753261,1.1327930418296,24.778551150044,2.54781904687316
3.16634367085481,1.18131825287081,24.4688156442832,2.50943960493935
3.07077610680869,1.23271389275444,24.1633866456055,2.47640871987218
2.98244235782834,1.2867424316008,23.8622450206747,2.44855561446461
2.90111291220549,1.34320217226673,23.5653691887926,2.42571942834581
2.82656044557514,1.40192480055854,23.272736331927,2.4077495117763
2.7585612842337,1.46277303288726,22.9843234033167,2.39450564684384
2.69689668499608,1.52563837406248,22.7001079665996,2.38585820509175
2.64135394616043,1.59043899403333,22.4200688940298,2.38168824951608
2.59172736376869,1.65711772923736,22.1441869490552,2.38188758850668
2.54781904687316,1.72564021158131,21.8724452755221,2.38635878845752
2.50943960493935,1.79599312591416,21.6048298129801,2.39501515114098
2.47640871987218,1.8681825950813,21.3413296550464,2.407780661334
2.44855561446461,1.94223269021011,21.0819373655516,2.42458990950588
2.42571942834581,2.01818406272829,20.8266492651751,2.44538799378698
2.4077495117763,2.09609269369287,20.5754656995548,2.4701304049455
2.39450564684384,2.17602875530259,20.3283912983357,2.49878289748604
2.38585820509175,2.25807557883615,20.0854352332984,2.53132134946511
2.38168824951608,2.34232872294659,19.8466114826651,2.56773161309517
2.38188758850668,2.42889513579047,19.6119391077006,2.60800935768719
2.38635878845752,2.51789240427086,19.3814425469991,2.65215990618403
2.39501515114098,2.60944808347181,19.1551519332091,2.70019806670925
2.407780661334,2.70369909920101,18.9331034364261,2.75214795723919
2.42458990950588,2.80079121632621,18.7153396382146,2.80804282419293
2.44538799378698,2.90087856573998,18.5019099397312,2.8679248538337
2.4701304049455,3.00412322236267,18.2928710073411,2.93184497767864
2.49878289748604,3.11069482658165,18.0882872589143,2.9998626669619
2.53132134946511,3.22077024134831,17.8882313938876,3.07204571228438
2.56773161309517,3.33453323693336,17.69278497015,3.14846999032599
2.60800935768719,3.45217419506883,17.502039030889,3.22921921370025
2.65215990618403,3.57388982386505,17.3160947842555,3.3143846541851
2.70019806670925,3.6998828739701,17.1350643381757,3.40406483668002
2.75214795723919,3.83036184782543,16.9590714944492,3.49836521601012
2.80804282419293,3.96554069234649,16.7882526028904,3.59739777625332
2.8679248538337,4.10563846244569,16.6227574829618,3.70128064954009
2.93184497767864,4.25087894338497,16.4627504103332,3.81013759254488
2.9998626669619,4.40149022318439,16.3084111704784,3.92409749825181
3.07204571228438,4.55770420568374,16.1599361842797,4.04329373999096
3.14846999032599,4.71975603056123,16.0175397199114,4.16786351499088
3.22921921370025,4.88788341535947,15.8814551487168,4.2979470325306
3.3143846541851,5.06232587741949,15.7519363126047,4.43368662307545
3.40406483668002,5.24332381839458,15.6292589428962,4.57522573462096
3.49836521601012,5.43111749600514,15.5137221388482,4.72270774543377
3.59739777625332,5.62594575230839,15.4056499772454,4.87627470005641
3.70128064954009,5.8280446493235,15.3053930868921,5.03606578752662
3.81013759254488,6.0376457753359,15.2133303937821,5.20221570002227
3.92409749825181,6.2549744101383,15.1298708061242,5.37485275608909
4.04329373999096,6.48024730323366,15.0554550407168,5.55409677624038
4.16786351499088,6.71367027838967,14.990557359555,5.74005676058468
4.2979470325306,6.9554353321343,14.9356874148369,5.93282825123065
4.43368662307545,7.20571753394237,14.8913919724317,6.1324904199435
4.57522573462096,7.46467135748224,14.8582566376313,6.33910287262848
4.72270774543377,7.73242665128446,14.8369074665123,6.55270210374414
4.87627470005641,8.00908413642485,14.8280124104241,6.77329761516828
5.03606578752662,8.29471024152602,14.8322826081988,7.00086770571943
5.20221570002227,8.58933158105274,14.8504733727403,7.23535491325467
5.37485275608909,8.89292864417045,14.8833848552827,7.47666107954529
5.55409677624038,9.20542894322281,14.9318622830938,7.72464210781172
5.74005676058468,9.52669955787838,14.996795664119,7.97910240520002
5.93282825123065,9.85653887797116,15.0791188299835,8.23978905305656
6.1324904199435,10.1946677796254,15.1798077174185,8.50638572989325
6.33910287262848,10.540720147376,15.2998777260253,8.7785065055745
6.55270210374414,10.8942326958488,15.4403799610181,9.05568958227135
6.77329761516828,11.2546342573344,15.6023962158485,9.33739107571955
7.00086770571943,11.621234611414,15.7870325156461,9.62297898161218
7.23535491325467,11.9932129348076,15.9954109896124,9.9117275298881
7.47666107954529,12.3696059962952,16.2286598161897,10.2028121021161
7.72464210781172,12.7492964324133,16.4879011475888,10.4953049166477
7.97910240520002,13.131001275922,16.7742367197626,10.7881717650941
8.23978905305656,13.5132610876292,17.088730980679,11.080270055845
8.50638572989325,13.8944300641124,17.4323914767753,11.3703484661133
8.7785065055745,14.2726676464456,17.8061465729904,11.6570484982893
9.05568958227135,14.6459321201332,18.2108203359456,11.9389082384917
9.33739107571955,15.0119768370832,18.6471044438769,12.2143686035909
9.62297898161218,15.3683497150251,19.1155274424558,12.4817823286476
9.9117275298881,15.7123967454144,19.6164215882071,12.7394258947341
10.2028121021161,16.0412703059363,20.1498875315792,12.9855145352126
10.4953049166477,16.3519430328479,20.7157574100716,13.2182203606481
10.7881717650941,16.6412280050135,21.313557218742,13.4356935331772
11.080270055845,16.9058058771975,21.9424693836806,13.6360862948799
11.3703484661133,17.1422596230278,22.6012966561485,13.8175795191708
11.6570484982893,17.3471172005691,23.2884288007135,13.9784113053882
11.9389082384917,17.5169022989413,24.0018136432042,14.1169070079906
12.2143686035909,17.6481929932935,24.7389342402352,14.2315099146297
12.4817823286476,17.7376877558127,25.4967940262361,14.3208117254242
12.7394258947341,17.7822778196682,26.2719118155111,14.3835818928676
12.9855145352126,17.7791244513043,27.0603284613464,14.4187948382394
13.2182203606481,17.7257391528227,27.857626773741,14.4256540440265
13.4356935331772,17.6200643444832,28.6589659539094,14.4036121446368
13.6360862948799,17.4605516554651,29.4591313260734,14.3523861950143
13.8175795191708,17.2462346363471,30.2525995490094,14.271967479975
13.9784113053882,16.9767924728369,31.0336187580765,14.1626254313559
14.1169070079906,16.6526012882946,31.7963023340085,14.0249054468749
14.2315099146297,16.2747697915499,32.5347340084891,13.8596206390295
14.3208117254242,15.8451565095368,33.243081353385,13.6678378092807
14.3835818928676,15.3663664324177,33.9157139442987,13.4508581405214
14.4187948382394,14.8417257442762,34.5473219325165,13.2101933154078
14.4256540440265,14.2752344404308,35.1330302776603,12.9475379266063
14.4036121446368,13.6714976030261,35.6685041055502,12.664739111191
14.3523861950143,13.0356372963132,36.1500406816801,12.3637644604671
14.271967479975,12.3731881958943,36.5746440090715,12.0466691689182
14.1626254313559,11.689980723091,36.9400790545349,11.7155634226368
14.0249054468749,10.9920164528165,37.244903356559,11.3725808703063
13.8596206390295,10.2853405849356,37.488475171033,11.0198489398793
13.6678378092807,9.57591665293257,37.6709383135682,10.659461611344
13.4508581405214,8.86950813634002,37.7931851715407,10.2934550987373
13.2101933154078,8.17157123902404,37.8568002590051,9.9237867540063
12.9475379266063,7.48716230449993,37.8639876314673,9.55231736451327
12.664739111191,6.82086230525568,37.8174859280519,9.18079685909384
12.3637644604671,6.17672000046697,37.7204752248863,8.8108533757286
12.0466691689182,5.55821414656719,37.57647980524,8.44398549973396
11.7155634226368,4.96823439384345,37.389270794404,8.08155744532311
11.3725808703063,4.40907954455708,37.1627721687446,7.7247968977115
11.0198489398793,3.88247133537146,36.9009730372556,7.37479519474652
10.659461611344,3.38958136257171,36.6078485200587,7.03250952082604
10.2934550987373,2.9310686153415,36.2872907492504,6.69876678318912
9.9237867540063,2.50712490301132,35.943050956704,6.37426885415957
9.55231736451327,2.11752564457922,35.5786929300932,6.05959888002877
9.18079685909384,1.76168360367811,35.1975576155276,5.75522838210812
8.8108533757286,1.43870345988139,34.8027382665781,5.46152490686077
8.44398549973396,1.14743547296855,34.3970651639946,5.17876001228537
8.08155744532311,0.886526796089252,33.9830987776799,4.9071174029148
7.7247968977115,0.654469359636053,33.5631301153246,4.64670106130434
7.37479519474652,0.449643606324219,33.1391869681533,4.39754324880093
7.03250952082604,0.270357612519674,32.7130448072743,4.15961227395463
6.69876678318912,0.114881384915878,32.2862411592256,3.93281994977589
6.37426885415957,-0.0185236578655468,31.8600924126261,3.71702868113772
6.05959888002877,-0.131579868362197,31.4357121378798,3.51205814085019
5.75522838210812,-0.225972949925821,31.0140301355375,3.31769150811524
5.46152490686077,-0.303335576713556,30.595811581039,3.13368125475979
5.17876001228537,-0.365234656911194,30.1816757722984,2.95975447478275
4.9071174029148,-0.413161829563331,29.7721140820776,2.79561776141152
4.64670106130434,-0.448526770235109,29.3675068490471,2.64096164022813
4.39754324880093,-0.472652902277606,28.9681390240989,2.49546457735475
4.15961227395463,-0.486775133779515,28.5742144649983,2.35879657798782
3.93281994977589,-0.492039270952976,28.1858688349293,2.23062239622203
3.71702868113772,-0.489502793383698,27.8031811093752,2.11060438397969
3.51205814085019,-0.480136712646702,27.4261837325201,1.9984049963118
3.31769150811524,-0.464828271746604,27.054871491532,1.89368898410558
3.13368125475979,-0.444384276534481,26.6892091940612,1.79612529297725
2.95975447478275,-0.419534882147475,26.3291382460821,1.70538869641063
2.79561776141152,-0.390937686550557,25.9745822331473,1.62116118400747
2.64096164022813,-0.359182006733162,25.6254516068444,1.54313312792931
2.49546457735475,-0.324793240599302,25.2816475811644,1.47100424887396
2.35879657798782,-0.288237232953084,24.943065334039,1.40448440147921
2.23062239622203,-0.249924579886125,24.6095966043898,1.3432941982958
2.11060438397969,-0.210214826632035,24.2811317711445,1.28716548995789
1.9984049963118,-0.169420517714296,23.9575614887962,1.23584171793785
1.89368898410558,-0.127811074787737,23.6387779493753,1.18907815495778
1.79612529297725,-0.085616481134196,23.3246758315254,1.1466420484364
1.70538869641063,-0.0430307622505784,23.0151529909336,1.10831267712777
1.62116118400747,-0.000215254010900366,22.71011093879,1.07388133664318
1.54313312792931,0.0426983433590255,22.4094551490749,1.04315126018834
1.47100424887396,0.0856051250050512,22.1130952293949,1.01593748941766
1.40448440147921,0.12842435156752,21.8209449849359,0.992066698518017
1.3432941982958,0.171097024099445,21.5329224004263,0.971376985174163
1.28716548995789,0.213583656949544,21.2489495608732,0.953717631874983
1.23584171793785,0.255862240726778,20.9689525282694,0.938948844463982
1.18907815495778,0.297926386392975,20.6928611882954,0.92694147564663
1.1466420484364,0.339783640954859,20.4206090784909,0.917576737141494
1.10831267712777,0.381453966546767,20.1521332069345,0.910745904173587
1.07388133664318,0.422968371042457,19.8873738686929,0.906350017942836
1.04315126018834,0.464367683720402,19.6262744656464,0.90429958896179
1.01593748941766,0.50570146314811,19.3687813339673,0.904514304178363
0.992066698518017,0.547027031850225,19.1148435824265,0.906922740633522
0.971376985174163,0.588408625908169,18.8644129439551,0.91146208770135
0.953717631874983,0.629916652593988,18.617443641944,0.9180778801497
0.938948844463982,0.671627048564827,18.3738922725068,0.926723743651934
0.92694147564663,0.713620729443218,18.1337177033124,0.937361154065585
0.917576737141494,0.755983124344285,17.8968809893277,0.949959211636401
0.910745904173587,0.798803789387063,17.6633453056526,0.964494431076237
0.906350017942836,0.842176092886975,17.4330758974323,0.98095054827662
0.90429958896179,0.88619696659219,17.2060400467448,0.9993183442533
0.904514304178363,0.930966717573914,16.9822070563361,1.01959548677122
0.906922740633522,0.97658889574629,16.761548250102,1.04178638996686
0.91146208770135,1.02317021252112,16.5440369902399,1.06590209216824
0.9180778801497,1.07082050605348,16.3296487110598,1.09196015198164
0.926723743651934,1.11965274920077,16.1183609695418,1.11998456267792
0.937361154065585,1.16978309662021,15.9101535128291,1.15000568500927
0.949959211636401,1.22133096771145,15.705008362986,1.1820601981173
0.964494431076237,1.27441916239747,15.5029099194779,1.21619106800223
0.98095054827662,1.32917400699843,15.3038450799824,1.252447533645
0.9993183442533,1.38572552768834,15.107803380311,1.2908851106515
1.01959548677122,1.44420764924055,14.9147771543806,1.33156561181693
1.04178638996686,1.50475841695051,14.7247617153669,1.37455718337459
1.06590209216824,1.5675202397843,14.537755559356,1.41993435702679
1.09196015198164,1.63264015299278,14.3537605930336,1.46777811861805
1.11998456267792,1.70027009857548,14.1727823872563,1.51817598877521
1.15000568500927,1.77056722141477,13.9948304582164,1.57122211735074
1.1820601981173,1.8436941798175,13.8199185787301,1.62701739260343
1.21619106800223,1.91981946921014,13.648065121841,1.68566955955908
1.252447533645,1.99911775688761,13.4792934394377,1.74729334728144
1.2908851106515,2.081770226879,13.313632279952,1.81201060635545
1.33156561181693,2.16796493123606,13.1511162471609,1.87995045254625
1.37455718337459,2.25789714636933,12.9917863041014,1.95124941453686
1.41993435702679,2.35176973401751,12.8356903251215,2.02605158353514
1.46777811861805,2.44979350444224,12.6828837053108,2.10450876149568
1.51817598877521,2.55218757322971,12.5334300259172,2.18678060588054
1.57122211735074,2.65917971438988,12.3874017816143,2.27303476673624
1.62701739260343,2.7710067060646,12.2448811803846,2.36344701125308
1.68566955955908,2.88791466010542,12.1059610195516,2.45820133099922
1.74729334728144,3.01015933164027,11.9707456396816,2.55749002597395
1.81201060635545,3.13800640508973,11.839351970366,2.66151375845352
1.87995045254625,3.27173174715878,11.7119106710927,2.77048156920089
1.95124941453686,3.41162161915731,11.5885673779156,2.88461084787594
2.02605158353514,3.55797283879593,11.4694840622467,3.00412724641715
2.10450876149568,3.71109288054299,11.3548405092898,3.12926452390494
2.18678060588054,3.87129990205341,11.2448359292629,3.26026430943498
2.27303476673624,4.03892268161764,11.1396907065626,3.3973757676307
2.36344701125308,4.21430044943188,11.0396482993446,3.54085514890834
2.45820133099922,4.39778259290547,10.9449772983292,3.69096520791392
2.55749002597395,4.58972821335443,10.8559736540711,3.84797446569906
2.66151375845352,4.79050550894806,10.7729630796266,4.01215628939958
2.77048156920089,5.00049095332987,10.6963036411859,4.18378776180949
2.88461084787594,5.2200682375679,10.6263885398127,4.3631483084143
3.00412724641715,5.44962693675161,10.5636490918767,4.55051806258382
3.12926452390494,5.6895608574252,10.5085579124857,4.74617590397688
3.26026430943498,5.94026601658916,10.4616323022978,4.95039714053461
3.3973757676307,6.202138200699,10.4234378300835,5.16345080292328
3.54085514890834,6.475570039482,10.3945921093788,5.38559648848706
3.69096520791392,6.76094753159365,10.3757687487776,5.61708068995924
3.84797446569906,7.05864594475131,10.3677014579068,5.85813258263339
4.01215628939958,7.36902499824033,10.3711882830617,6.10895919508091
4.18378776180949,7.69242325194205,10.3870959154993,6.36973991674823
4.3631483084143,8.02915159623345,10.4163640246906,6.64062027640267
4.55051806258382,8.37948576814081,10.4600095305501,6.92170494459038
4.74617590397688,8.74365769155892,10.5191307593164,7.21304991616853
4.95039714053461,9.12184564625368,10.5949113049656,7.51465383755198
5.16345080292328,9.51416308956137,10.688623491601,7.82644845498326
5.38559648848706,9.92064601464836,10.8016312532702,8.14828817796296
5.61708068995924,10.341238706943,10.9353922114933,8.47993879186673
5.85813258263339,10.7757778862336,11.0914586885021,8.82106537002973
6.10895919508091,11.2239750782696,11.2714773670126,9.17121948792951
6.36973991674823,11.6853972041994,11.4771872381628,9.52982589026355
6.64062027640267,12.1594453486169,11.7104154341139,9.89616882136707
6.92170494459038,12.6453317627587,11.9730704797745,10.2693783001965
7.21304991616853,13.142055221833,12.2671324501448,10.6484167004381
7.51465383755198,13.6483749407391,12.5946394686052,11.0320660904278
7.82644845498326,14.1627833569963,12.9576699309163,11.418916855382
8.14828817796296,14.68347822678,13.3583197912652,11.8073582330089
8.47993879186673,15.2083346773746,13.7986742717759,12.1955714878767
8.82106537002973,15.734878003939,14.2807733297846,12.5815264980156
9.17121948792951,16.2602582440302,14.806570287957,12.9629825960672
9.52982589026355,16.7812277931834,15.3778831269473,13.3374945214317
9.89616882136707,17.2941235776052,15.9963380937615,13.7024243099098
10.2693783001965,17.7948555755402,16.6633054887837,14.0549598641618
10.6484167004381,18.2789036653543,17.3798279181338,14.3921408020517
11.0320660904278,18.7413250684533,18.1465415762565,14.7108920064973
11.418916855382,19.1767747289877,18.9635916654469,15.0080648988182
11.8073582330089,19.5795410607924,19.8305437060142,15.2804861952534
12.1955714878767,19.9435993888741,20.7462932130049,15.5250134971553
12.5815264980156,20.2626851071508,21.7089769119744,15.7385964399652
12.9629825960672,20.5303881381129,22.7158894543107,15.9183419294644
13.3374945214317,20.7402695128442,23.7634103555525,16.0615812589406
13.7024243099098,20.8859998373927,24.8469465137448,16.1659368072865
14.0549598641618,20.9615181581255,25.9608960544678,16.2293855438276
14.3921408020517,20.9612082040295,27.098639375608,16.2503166335809
14.7108920064973,20.8800873152782,28.2525630919053,16.2275803889409
15.0080648988182,20.7140013891017,29.4141215625814,16.1605261767037
15.2804861952534,20.4598178639278,30.573939506854,16.0490272673923
15.5250134971553,20.1156070364719,31.7219574395514,15.8934912724872
15.7385964399652,19.6808011582585,32.8476187264743,15.6948555127603
15.9183419294644,19.1563206232783,33.9400950333258,15.4545674474215
16.0615812589406,18.5446569036249,34.9885430214708,15.1745510661271
16.1659368072865,17.8499035804452,35.9823831371929,14.857160845587
16.2293855438276,17.0777291178213,36.9115879708652,14.5051254464623
16.2503166335809,16.235288279396,37.7669665420064,14.1214837315191
16.2275803889409,15.3310730005275,38.5404294161764,13.7095159087074
16.1605261767037,14.3747074001447,39.2252203890381,13.2726726272446
16.0490272673923,13.3766957934119,39.8161015873246,12.8145047081994
15.8934912724872,12.3481357594953,40.3094818301999,12.3385958983481
15.6948555127603,11.3004108426521,40.7034815830525,11.8485006376941
15.4545674474215,10.2448787575118,40.9979320401625,11.3476883707305
15.1745510661271,9.19257092086243,41.1943102433656,10.8394954479395
14.857160845587,8.15391781467241,41.2956162058215,10.3270851976973
14.5051254464623,7.13851227364457,41.3062014047163,9.81341632848692
14.1214837315191,6.15491957595767,41.2315604388172,9.30121946070805
13.7095159087074,5.21053958250545,41.0780989783747,8.7929813054946
13.2726726272446,4.31152246964716,40.8528913073286,8.29093578968885
12.8145047081994,3.46273621566092,40.5634399198621,7.79706130971257
12.3385958983481,2.66778117867088,40.2174479728316,7.31308321251818
11.8485006376941,1.92904501881053,39.822613183677,6.84048057941463
11.3476883707305,1.24778993110143,39.3864492811051,6.38049645633374
10.8394954479395,0.62426364492968,38.9161386127299,5.9341506756529
10.3270851976973,0.057825804163559,38.4184172150798,5.50225454111702
9.81341632848692,-0.452917974408301,37.8994916960812,5.08542671848683
9.30121946070805,-0.909981018533112,37.3649857495717,4.68410977565918
8.7929813054946,-1.3158649192575,36.8199130484272,4.29858690673302
8.29093578968885,-1.67343730845285,36.268672608681,3.928998473789
7.79706130971257,-1.98582100527003,35.7150624610418,3.57535806931237
7.31308321251818,-2.25629616020225,35.1623075075527,3.2375678820794
6.84048057941463,-2.48821621574757,34.6130976342523,2.91543321130683
6.38049645633374,-2.68493756405814,34.0696327221136,2.60867602625949
5.9341506756529,-2.84976240111071,33.5336714882238,2.3169475101344
5.50225454111702,-2.98589371029255,33.0065817710293,2.03983956077236
5.08542671848683,-3.09640114872592,32.4893903220138,1.77689525314138
4.68410977565918,-3.18419646510113,31.9828306606256,1.52761828382698
4.29858690673302,-3.2520170590581,31.4873879558225,1.29148143626634
3.928998473789,-3.3024163303503,31.0033402853539,1.06793411521679
3.57535806931237,-3.33775957023248,30.530795885875,0.856409006471748
3.2375678820794,-3.36022426260107,30.0697262587773,0.656327921093679
2.91543321130683,-3.37180380240632,29.6199951707437,0.467106886814446
2.60867602625949,-3.37431377998491,29.1813837146462,0.288160546655952
2.3169475101344,-3.36940011403505,28.7536116805002,0.118905926477958
2.03983956077236,-3.35854843929892,28.3363555399195,-0.0412343680459836
1.77689525314138,-3.34309427238122,27.9292633839949,-0.192829474921789
1.52761828382698,-3.32423357353541,27.5319671537178,-0.336438061473325
1.29148143626634,-3.30303340963489,27.1440925015883,-0.472606526495762
1.06793411521679,-3.28044249279324,26.7652666053981,-0.60186757265321
0.856409006471748,-3.2573014306836,26.3951242342015,-0.724739106994983
0.656327921093679,-3.23435257065251,26.0333123390213,-0.841723429846586
0.467106886814446,-3.21224935697312,25.6794934139223,-0.95330668085014
0.288160546655952,-3.19156515396534,25.3333478445752,-1.05995850340609
0.118905926477958,-3.17280150560901,24.9945754348018,-1.16213190584643
-0.0412343680459836,-3.15639582967984,24.6628962762586,-1.26026328775713
-0.192829474921789,-3.14272854326078,24.3380511004348,-1.35477260774262
-0.336438061473325,-3.13212964009294,24.0198012341222,-1.44606367687289
-0.472606526495762,-3.12488473737799,23.7079282575192,-1.53452455112644
-0.60186757265321,-3.12124061787196,23.4022334484568,-1.62052800892447
-0.724739106994983,-3.12141029582468,23.1025370809982,-1.70443210134923
-0.841723429846586,-3.12557763455679,22.8086776347552,-1.7865807566901
-0.95330668085014,-3.13390154589022,22.5205109581269,-1.86730442850365
-1.05995850340609,-3.1465198006328,22.237909423214,-1.94692077670802
-1.16213190584643,-3.16355247839152,21.9607610976132,-2.02573537340077
-1.26026328775713,-3.18510508245192,21.6889689565672,-2.10404242264243
-1.35477260774262,-3.21127134920779,21.4224501505162,-2.18212548719168
-1.44606367687289,-3.24213577140856,21.1611353392023,-2.26025821562558
-1.53452455112644,-3.27777586151421,20.904968102134,-2.33870506373783
-1.62052800892447,-3.31826417613092,20.6539044299572,-2.41772200469245
-1.70443210134923,-3.3636701183348,20.4079122998988,-2.49755722298997
-1.7865807566901,-3.41406153752098,20.1669713380426,-2.57845178783685
-1.86730442850365,-3.46950614344341,19.9310725686559,-2.66064030145724
-1.94692077670802,-3.53007274833153,19.7002182503855,-2.74435151854035
-2.02573537340077,-3.59583234943554,19.4744217983698,-2.82980893305877
-2.10404242264243,-3.66685906470672,19.253707791527,-2.91723132876072
-2.18212548719168,-3.74323093149519,19.0381120635925,-3.00683328965505
-2.26025821562558,-3.82503057695739,18.8276818765621,-3.09882566673424
-2.33870506373783,-3.91234576742329,18.6224761752817,-3.19341599704181
-2.41772200469245,-4.00526984261603,18.4225659220328,-3.29080887097448
-2.49755722298997,-4.10390203904765,18.2280345099615,-3.39120624341416
-2.57845178783685,-4.20834770582184,18.0389782545889,-3.49480768392772
-2.66064030145724,-4.31871841450279,17.8555069626076,-3.6018105607694
-2.74435151854035,-4.43513196321104,17.6777445772983,-3.71241015290236
-2.82980893305877,-4.55771227368768,17.5058298999676,-3.82679968404566
-2.91723132876072,-4.686589178563,17.3399173867826,-3.94517027169295
-3.00683328965505,-4.82189809453626,17.1801780202502,-4.0677107835505
-3.09882566673424,-4.9637795755791,17.0268002543663,-4.19460759306255
-3.19341599704181,-5.11237873864426,16.8799910320871,-4.3260442247539
-3.29080887097448,-5.26784455266987,16.7399768732432,-4.46220087913759
-3.39120624341416,-5.43032897991082,16.6070050303086,-4.60325382525869
-3.49480768392772,-5.59998595682258,16.4813447084915,-4.74937465184255
-3.6018105607694,-5.77697020014366,16.3632883452324,-4.90072936595553
-3.71241015290236,-5.9614358214554,16.2531529432749,-5.0574773203233
-3.82679968404566,-6.15353473164632,16.1512814489987,-5.2197699550376
-3.94517027169295,-6.35341481569077,16.0580441654305,-5.38774934023754
-4.0677107835505,-6.56121785526715,15.9738401874155,-5.56154652524301
-4.19460759306255,-6.77707717522109,15.899098842915,-5.74127963654882
-4.3260442247539,-7.0011149875091,15.8342811209111,-5.92705173148595
-4.46220087913759,-7.23343940597436,15.7798810613991,-6.11894843377615
-4.60325382525869,-7.47414110866362,15.7364270784829,-6.31703525004272
-4.74937465184255,-7.72328960984981,15.7044831825816,-6.52135462407956
-4.90072936595553,-7.98092912415423,15.6846500586443,-6.73192272210237
-5.0574773203233,-8.24707397466522,15.6775659557714,-6.94872589320897
-5.2197699550376,-8.52170353807701,15.6839073279245,-7.17171683725662
-5.38774934023754,-8.80475670236986,15.704389164236,-7.40081049828314
-5.56154652524301,-9.09612582089836,15.7397649297288,-7.63587968288877
-5.74127963654882,-9.39565006823566,15.7908260214428,-7.87675039115468
-5.92705173148595,-9.70310834889133,15.8584006757764,-8.1231969509763
-6.11894843377615,-10.0182116525967,15.943352185233,-8.37493698473264
-6.31703525004272,-10.3405948075621,16.0465762874365,-8.63162623686769
-6.52135462407956,-10.6698078549548,16.1689976630684,-8.89285335284029
-6.73192272210237,-11.0053069656952,16.3115653460931,-9.15813474459778
-6.94872589320897,-11.3464449440226,16.475246867549,-9.42690962192099
-7.17171683725662,-11.692461526842,16.6610210323116,-9.6985352974622
-7.40081049828314,-12.0424735833129,16.869869157878,-9.97228298433786
-7.63587968288877,-12.3954653623939,17.1027645762625,-10.2473342465376
-7.87675039115468,-12.7502789886268,17.3606601846032,-10.5227782821347
-8.1231969509763,-13.1056055693708,17.6444740684323,-10.7976102719658
-8.37493698473264,-13.4599771611671,17.9550729579639,-11.0707310290899
-8.63162623686769,-13.8117599571166,18.2932533551666,-11.3409481840416
-8.89285335284029,-14.1591491676654,18.6597203888041,-11.6069791449229
-9.15813474459778,-14.5001660511112,19.0550645488772,-11.8674560603898
-9.42690962192099,-14.8326576586137,19.4797360740628,-12.1209329910448
-9.6985352974622,-15.154299821873,19.934017367318,-12.3658954591807
-9.97228298433786,-15.4626039701637,20.4179938579945,-12.6007724958882
-10.2473342465376,-15.7549284438437,20.9315235690536,-12.823951237751
-10.5227782821347,-16.0284948560126,21.4742060048591,-13.0337940434373
-10.7976102719658,-16.2804100290884,22.0453511683692,-13.2286580054317
-11.0707310290899,-16.5076939487409,22.6439496098427,-13.4069166284847
-11.3409481840416,-16.7073140736711,23.2686445496328,-13.5669833327243
-11.6069791449229,-16.8762261277286,23.9177073170503,-13.7073363311488
-11.8674560603898,-17.0114212742623,24.5890174590352,-13.8265443237574
-12.1209329910448,-17.1099792978292,25.2800489530893,-13.9232923391541
-12.3658954591807,-17.1691270970914,25.9878639896952,-13.9964070070941
-12.6007724958882,-17.1863014354017,26.7091157486622,-14.0448804873917
-12.823951237751,-17.1592145200094,27.4400614653438,-14.0678922783536
-13.0337940434373,-17.0859206102536,28.1765868555452,-14.0648281240804
-13.2286580054317,-16.9648815168029,28.9142426380156,-14.0352953419896
-13.4069166284847,-16.7950285797224,29.6482934685223,-13.9791339841585
-13.5669833327243,-16.5758185250006,30.373779076246,-13.8964233658165
-13.7073363311488,-16.3072805147437,31.0855868157902,-13.7874836874187
-13.8265443237574,-15.9900518035676,31.7785342234695,-13.6528726392161
-13.9232923391541,-15.625399640756,32.4474594729859,-13.4933770805115
-13.9964070070941,-15.2152274979533,33.0873171260671,-13.3100000625543
-14.0448804873917,-14.7620642578532,33.6932760426166,-13.1039436426937
-14.0678922783536,-14.269035668283,34.2608160227289,-12.8765880781306
-14.0648281240804,-13.739818262556,34.7858194487528,-12.6294680951435
-14.0352953419896,-13.1785767618048,35.2646543697502,-12.3642470219594
-13.9791339841585,-12.5898867124189,35.6942457663331,-12.0826895717671
-13.8964233658165,-11.9786451136917,36.0721320132834,-11.7866341098924
-13.7874836874187,-11.3499721311944,36.3965044523071,-11.4779651310085
-13.6528726392161,-10.7091076648407,36.6662286450878,-11.1585866776826
-13.4933770805115,-10.061306615674,36.880846802301,-10.8303972609344
-13.3100000625543,-9.41173674394922,37.040561830055,-10.4952668007367
-13.1039436426937,-8.76538274223933,37.1462042130251,-10.1550159458997
-12.8765880781306,-8.12695971502639,37.1991837996427,-9.81139802002716
-12.6294680951435,-7.50083861380873,37.2014290352925,-9.46608376221615
-12.3642470219594,-6.89098551639319,37.1553167182758,-9.12064887273051
-12.0826895717671,-6.30091579282993,37.0635954073392,-8.77656433408727
-11.7866341098924,-5.7336635299869,36.929305777024,-8.43518938427906
-11.4779651310085,-5.19176580003707,36.7557008556873,-8.09776695703454
-11.1585866776826,-4.67726082140588,36.546168954652,-7.7654213705936
-10.8303972609344,-4.19169854918805,36.3041614668186,-7.43915801889843
-10.4952668007367,-3.73616188748712,36.0331274061332,-7.1198648019358
-10.1550159458997,-3.31129656405488,35.7364558909112,-6.80831503009508
-9.81139802002716,-2.91734757272385,35.4174273543831,-6.50517154393859
-9.46608376221615,-2.55420019137806,35.0791737955475,-6.21099180349589
-9.12064887273051,-2.22142370466637,34.7246479257946,-5.9262337208278
-8.77656433408727,-1.91831613390113,34.3566008098041,-5.65126202942235
-8.43518938427906,-1.64394855345727,33.9775673106505,-5.38635499958411
-8.09776695703454,-1.39720783579926,33.5898584806819,-5.13171135377753
-7.7654213705936,-1.17683690517925,33.1955599504735,-4.88745723559637
-7.43915801889843,-0.981471856522104,32.7965353275255,-4.6536531218446
-7.1198648019358,-0.809675509115848,32.3944336255334,-4.43030058417095
-6.80831503009508,-0.659967173827583,31.990699798069,-4.21734882802467
-6.50517154393859,-0.530848571038503,31.5865875292584,-4.01470095023801
-6.21099180349589,-0.420825970066866,31.1831735295011,-3.8222198725076
-5.9262337208278,-0.328428723571413,30.7813726920189,-3.63973392414279
-5.65126202942235,-0.25222443611049,30.3819535701925,-3.46704205310897
-5.38635499958411,-0.190831050095516,29.9855537237587,-3.30391865867403
-5.13171135377753,-0.14292618132033,29.5926946166902,-3.15011804233048
-4.88745723559637,-0.107254010970916,29.2037957922105,-3.00537848184335
-4.6536531218446,-0.0826300606108516,28.8191881517919,-2.86942593938074
-4.43030058417095,-0.0679441552998455,28.4391262193057,-2.74197741347782
-4.21734882802467,-0.0621618605396556,28.0637993334501,-2.62274395510662
-4.01470095023801,-0.0643246540971586,27.6933417403193,-2.51143336029619
-3.8222198725076,-0.0735490693582712,27.3278416019189,-2.40775256422196
-3.63973392414279,-0.0890250180069666,26.9673489614579,-2.31140975072668
-3.46704205310897,-0.110013475209992,26.6118827178507,-2.22211620200428
-3.30391865867403,-0.135843683392194,26.2614366810464,-2.1395879065921
-3.15011804233048,-0.165910009862671,25.9159847807517,-2.06354694361555
-3.00537848184335,-0.199668570446493,25.5754855095868,-1.99372266695904
-2.86942593938074,-0.23663371263928,25.2398856794167,-1.92985270363962
-2.74197741347782,-0.276374436830339,24.909123567671,-1.87168378485939
-2.62274395510662,-0.318510815766329,24.5831315289313,-1.81897242844482
-2.51143336029619,-0.362710464922242,24.2618381396947,-1.7714854872569
-2.40775256422196,-0.408685100159623,23.9451699414633,-1.72900057671267
-2.31140975072668,-0.456187214510551,23.6330528400314,-1.69130639734684
-2.22211620200428,-0.505006896139793,23.3254132133388,-1.65820296469957
-2.1395879065921,-0.554968801660366,23.0221787755542,-1.62950175838116
-2.06354694361555,-0.605929298818677,22.7232792379031,-1.60502580046068
-1.99372266695904,-0.657773781540666,22.4286468032066,-1.58460967350226
-1.92985270363962,-0.710414161843,22.1382165254193,-1.5680994877981
-1.87168378485939,-0.763786539537369,21.8519265612437,-1.55535280579582
-1.81897242844482,-0.817849046095787,21.569718337219,-1.54623853122154
-1.7714854872569,-0.872579859054958,21.2915366519964,-1.5406367696812
-1.72900057671267,-0.927975382991053,21.0173297304026,-1.53843866682463
-1.69130639734684,-0.984048590364181,20.7470492432901,-1.53954622960333
-1.65820296469957,-1.04082751518694,20.4806503047828,-1.5438721354248
-1.62950175838116,-1.09835389201093,20.2180914564953,-1.5513395335466
-1.60502580046068,-1.15668193370121,19.95933464665,-1.56188184250256
-1.58460967350226,-1.21587723958761,19.7043452105457,-1.57544254688305
-1.5680994877981,-1.27601582638867,19.453091857651,-1.59197499635249
-1.55535280579582,-1.33718327420198,19.2055466696057,-1.61144220938113
-1.54623853122154,-1.3994739800311,18.9616851126288,-1.63381668378674
-1.5406367696812,-1.46299051151123,18.7214860672067,-1.65908021583153
-1.53843866682463,-1.52784305372501,18.4849318774426,-1.68722372929616
-1.53954622960333,-1.59414894216775,18.2520084220784,-1.71824711564172
-1.5438721354248,-1.66203227528258,18.0227052089523,-1.75215908607494
-1.5513395335466,-1.73162360018763,17.7970154944677,-1.78897703604546
-1.56188184250256,-1.8030596655112,17.5749364295692,-1.82872692241128
-1.57544254688305,-1.87648323549916,17.3564692336822,-1.87144315332261
-1.59197499635249,-1.95204295980296,17.1416193981054,-1.91716849164675
-1.61144220938113,-2.02989329358321,16.9303969204135,-1.96595396957702
-1.63381668378674,-2.11019446274601,16.7228165715448,-2.01785881409577
-1.65908021583153,-2.19311246930174,16.5188981974062,-2.07295038392796
-1.68722372929616,-2.27881913195907,16.3186670569861,-2.1313041161201
-1.71824711564172,-2.36749215715004,16.122154199171,-2.19300347840448
-1.75215908607494,-2.45931523571838,15.9293968806745,-2.25813992968895
-1.78897703604546,-2.55447816051657,15.7404390277128,-2.32681288249877
-1.82872692241128,-2.65317696017063,15.5553317444706,-2.39912966486497
-1.87144315332261,-2.7556140442306,15.3741338720608,-2.47520548905902
-1.91716849164675,-2.8619983527385,15.1969125999155,-2.5551633999263
-1.96595396957702,-2.97254550709976,15.0237441348623,-2.63913422826703
-2.01785881409577,-3.08747795671267,14.8547144299979,-2.72725652567809
-2.07295038392796,-3.20702511387097,14.6899199835839,-2.81967647583856
-2.1313041161201,-3.33142346628605,14.5294687037997,-2.91654778717708
-2.19300347840448,-3.46091666740855,14.3734808465036,-3.01803155507792
-2.25813992968895,-3.59575559481654,14.2220900399708,-3.12429608193049
-2.32681288249877,-3.7361983573654,14.0754443952788,-3.23551664883579
-2.39912966486497,-3.88251025483205,13.9337076905073,-3.35187523627242
-2.47520548905902,-4.03496367348073,13.7970606812,-3.47356017647414
-2.5551633999263,-4.19383789477276,13.6657024885403,-3.60076572376132
-2.63913422826703,-4.35941882350316,13.5398520972131,-3.73369153076904
-2.72725652567809,-4.53199859706155,13.419749984164,-3.87254202406885
-2.81967647583856,-4.71187507128327,13.3056598465046,-4.01752565365285
-2.91654778717708,-4.89935116046043,13.1978704551607,-4.16885399409799
-3.01803155507792,-5.09473400475465,13.0966976376435,-4.32674068203621
-3.12429608193049,-5.29833393705092,13.0024863918583,-4.49140018464517
-3.23551664883579,-5.51046323038383,12.9156131176596,-4.66304633836552
-3.35187523627242,-5.73143458679679,12.8364879788757,-4.84189064768199
-3.47356017647414,-5.96155933075835,12.7655573914111,-5.02814035212184
-3.60076572376132,-6.20114526490462,12.7033066297099,-5.22199615473163
-3.73369153076904,-6.45049415884692,12.6502625283843,-5.42364963887616
-3.87254202406885,-6.70989881404458,12.6069962740591,-5.63328033578583
-4.01752565365285,-6.97963964533258,12.5741262711689,-5.8510523760428
-4.16885399409799,-7.25998072513606,12.5523210451798,-6.07711070478698
-4.32674068203621,-7.55116525213169,12.5423021369564,-6.31157684044871
-4.49140018464517,-7.85341037693685,12.5448469466039,-6.55454413438949
-4.66304633836552,-8.16690123860482,12.5607914964582,-6.80607248740904
-4.84189064768199,-8.49178428111322,12.591032985291,-7.06618250769437
-5.02814035212184,-8.82815971517844,12.6365320760709,-7.33484910921156
-5.22199615473163,-9.17607294707735,12.6983148277665,-7.61199451707165
-5.42364963887616,-9.53550511854202,12.7774740997588,-7.89748070826292
-5.63328033578583,-9.90636256887805,12.8751703073742,-8.19110129144603
-5.8510523760428,-10.2884651477099,12.9926313453627,-8.49257287897112
-6.07711070478698,-10.6815334024005,13.1311514633081,-8.8015260326109
-6.31157684044871,-11.0851746450604,13.2920888774668,-9.11749586895397
-6.55454413438949,-11.4988678689361,13.4768618398467,-9.43991248076792
-6.80607248740904,-11.9219475547231,13.6869428661189,-9.76809134831597
-7.06618250769437,-12.3535864887493,13.9238507852633,-10.1012239462864
-7.33484910921156,-12.7927777895502,14.1891402947644,-10.4383688732716
-7.61199451707165,-13.238316293491,14.484388593512,-10.7784438011433
-7.89748070826292,-13.6887796741799,14.8111787418561,-11.1202186445416
-8.19110129144603,-14.1425096565766,15.1710793195152,-11.4623103768915
-8.49257287897112,-14.5975938744274,15.5656200013095,-11.8031799860059
-8.8015260326109,-15.0518490361316,15.9962627447528,-12.1411320762077
-9.11749586895397,-15.5028061468526,16.464368264638,-12.4743176548325
-9.43991248076792,-15.9476987499061,16.9711576431203,-12.8007406258782
-9.76809134831597,-16.3834552194553,17.5176690391446,-13.1182684847091
-10.1012239462864,-16.8066963925118,18.1047093866363,-13.4246476371899
-10.4383688732716,-17.2137397379924,18.7328019546365,-13.7175236614532
-10.7784438011433,-17.6006116047744,19.4021299201071,-13.9944666780638
-11.1202186445416,-17.9630689093804,20.112477199799,-14.2530018410798
-11.4623103768915,-18.2966317064691,20.8631678016065,-14.4906446679771
-11.8031799860059,-18.5966279024962,21.6530055555454,-14.7049407147818
-12.1411320762077,-18.8582511299439,22.4802164291079,-14.8935088673047
-12.4743176548325,-19.0766324837263,23.3423960644127,-15.0540871628981
-12.8007406258782,-19.2469262573285,24.2364655870891,-15.1845798285776
-13.1182684847091,-19.3644091727022,25.1586390249296,-15.2831040906921
-13.4246476371899,-19.4245917945241,26.1044058293045,-15.3480350085723
-13.7175236614532,-19.42333993493,27.068531958362,-15.3780466440127
-13.9944666780638,-19.3570028467475,28.0450827155734,-15.3721478639361
-14.2530018410798,-19.2225440716249,29.0274700778504,-15.3297111755593
-14.4906446679771,-19.0176697589116,30.0085262575652,-15.2504932946376
-14.7049407147818,-18.7409487149227,30.9806041745587,-15.1346464278276
-14.8935088673047,-18.3919178766799,31.9357042586553,-14.9827196854565
-15.0540871628981,-17.9711667216045,32.8656251728313,-14.7956504757107
-15.1845798285776,-17.4803946407437,33.7621344116955,-14.5747462030325
-15.2831040906921,-16.9224359663105,34.6171533966656,-14.3216570341797
-15.3480350085723,-16.3012487504259,35.4229497122659,-14.0383408735791
-15.3780466440127,-15.6218651716685,36.1723285005107,-13.7270220066034
-15.3721478639361,-14.8903033936913,36.8588143123102,-13.3901450844213
-15.3297111755593,-14.113443203792,37.4768145270259,-13.0303262116919
-15.2504932946376,-13.2988697322838,38.021756467605,-12.6503029044431
-15.1346464278276,-12.4546917832437,38.4901913127652,-12.2528845890997
-14.9827196854565,-11.5893428586372,38.8798599106792,-11.8409051431581
-14.7956504757107,-10.7113738930949,39.1897177914703,-11.4171787178956
-14.5747462030325,-9.82924725783933,39.4199190226353,-10.9844598326537
-14.3216570341797,-8.95114115332015,39.5717610234429,-10.5454084553669
-14.0383408735791,-8.08477254387619,39.647594561941,-10.1025604662617
-13.7270220066034,-7.23724533664977,39.6507048931534,-9.65830368229017
-13.3901450844213,-6.41492862837409,39.5851712498513,-9.21485938557888
-13.0303262116919,-5.62336775102089,39.4557124718186,-8.77426909302977
-12.6503029044431,-4.86722884205423,39.2675265881686,-8.33838620364648
-12.2528845890997,-4.15027580241026,39.026131655913,-7.90887201772374
-11.8409051431581,-3.4753769247189,38.7372142632803,-7.48719559898282
-11.4171787178956,-2.84453728311059,38.4064908305944,-7.07463687266945
-10.9844598326537,-2.25895226379877,38.0395854916974,-6.67229248086673
-10.5454084553669,-1.71907722031436,37.64192698989,-6.28108367749061
-10.1025604662617,-1.22470825591515,37.2186656361638,-5.90176594291927
-9.65830368229017,-0.775069492902259,36.7746102864626,-5.53493972870487
-9.21485938557888,-0.368902610005943,36.3141843770928,-5.18106197296972
-8.77426909302977,-0.00455520978609772,35.8413993055449,-4.84045803347752
-8.33838620364648,0.319934825438124,35.3598430628056,-4.5133337434948
-7.90887201772374,0.606761020430096,34.8726817026162,-4.19978735140666
-7.48719559898282,0.858277459254679,34.3826712263669,-3.89982115377046
-7.07463687266945,1.0769362726566,33.8921774206565,-3.61335267531818
-6.67229248086673,1.26523340120806,33.4032017202849,-3.34022528775228
-6.28108367749061,1.42566337036224,32.9174106037005,-3.08021819202645
-5.90176594291927,1.56068167743951,32.4361674485108,-2.83305571636989
-5.53493972870487,1.67267492497549,31.9605650673324,-2.5984159054153
-5.18106197296972,1.76393769345878,31.4914579238834,-2.37593839319149
-4.84045803347752,1.83665539943394,31.0294932058451,-2.16523156832667
-4.5133337434948,1.89289234033282,30.5751401235445,-1.96587905009131
-4.19978735140666,1.93458413686214,30.1287170287375,-1.77744550215661
-3.89982115377046,1.963533832955,29.6904161108976,-1.59948181708131
-3.61335267531818,1.98141097681185,29.2603255629875,-1.43152970780589
-3.34022528775228,1.989753078997,28.8384492131464,-1.27312574562436
-3.08021819202645,1.98996891909276,28.4247236968564,-1.12380488441276
-2.83305571636989,1.98334324688772,28.0190332997519,-0.983103511178913
-2.5984159054153,1.97104249493163,27.6212226385749,-0.850562062318218
-2.37593839319149,1.9541211834999,27.2311073682889,-0.725727243389823
-2.16523156832667,1.9335287578944,26.8484831149433,-0.608153891764578
-1.96587905009131,1.91011664848153,26.473132833511,-0.49740651276103
-1.77744550215661,1.88464538774862,26.1048327845563,-0.393060523087579
-1.59948181708131,1.85779165627174,25.7433573136627,-0.29470323694099
-1.43152970780589,1.83015515977818,25.3884826038745,-0.201934614672796
-1.27312574562436,1.80226526667356,25.0399895572983,-0.114367809058809
-1.12380488441276,1.77458735532262,24.6976659457071,-0.0316295267757035
-0.983103511178913,1.74752883734724,24.3613079545496,0.0466397689167661
-0.850562062318218,1.72144483664466,24.0307212296996,0.120785795517987
-0.725727243389823,1.69664351372425,23.7057215219151,0.191140509792488
-0.608153891764578,1.6733910362888,23.3861350112072,0.258022271129177
-0.49740651276103,1.65191619846231,23.0717983798118,0.321736094390381
-0.393060523087579,1.63241469627794,22.7625586930545,0.382573978524963
-0.29470323694099,1.6150530765641,22.4582731377307,0.440815299139334
-0.201934614672796,1.59997236848862,22.1588086574262,0.496727254865948
-0.114367809058809,1.58729141826739,21.8640415193697,0.55056535517831
-0.0316295267757035,1.57710994091514,21.5738568388098,0.60257394599131
0.0466397689167661,1.56951130859693,21.2881480829313,0.652986759146933
0.120785795517987,1.5645650919471,21.0068165711465,0.702027486260217
0.191140509792488,1.56232937212497,20.7297709849187,0.749910364596636
0.258022271129177,1.56285284026143,20.4569268970391,0.7968407744321
0.321736094390381,1.56617670074651,20.1882063277785,0.843015842836529
0.382573978524963,1.57233639418753,19.9235373331874,0.888625047666393
0.440815299139334,1.58136315467684,19.6628536291073,0.933850821720347
0.496727254865948,1.59328541558457,19.4060942530263,0.978869153848023
0.55056535517831,1.60813007834316,19.1532032653822,1.02385018335935
0.60257394599131,1.6259236544989,18.9041294902259,1.06895878693413
0.652986759146933,1.64669329633118,18.6588262958539,1.11435515685848
0.702027486260217,1.6704677233201,18.4172514142293,1.16019536965742
0.749910364596636,1.69727805801755,18.179366799201,1.20663194339968
0.7968407744321,1.72715857935319,17.9451385222288,1.25381438350559
0.843015842836529,1.76014740153066,17.7145367049475,1.30188971663572
0.888625047666393,1.79628708899235,17.4875354879748,1.35100301234037
0.933850821720347,1.83562521305254,17.2641130350745,1.40129789227374
0.978869153848023,1.87821485717764,17.0442515722598,1.45291702683723
1.02385018335935,1.92411507799889,16.8279374616018,1.50600261921535
1.06895878693413,1.97339132759581,16.6151613096959,1.56069687677843
1.11435515685848,2.02611584146677,16.4059181108866,1.61714246975155
1.16019536965742,2.08236799684182,16.2002074257734,1.67548297709524
1.20663194339968,2.14223464559136,15.9980335957431,1.73586331943315
1.25381438350559,2.20581042493971,15.799405994557,1.79843017876262
1.30188971663572,2.27319804880795,15.6043393183653,1.86333240454222
1.35100301234037,2.34450858207872,15.4128539158162,1.93072140558104
1.40129789227374,2.41986169954293,15.2249761602566,2.00075152694421
1.45291702683723,2.49938593072716,15.0407388663494,2.07358041081795
1.50600261921535,2.58321889121686,14.860181753739,2.14936933999887
1.56069687677843,2.67150750059203,14.6833519608607,2.2282835623843
1.61714246975155,2.76440818637479,14.5103046122063,2.31049259431624
1.67548297709524,2.86208707277202,14.3411034427833,2.3961705002845
1.73586331943315,2.96472015229061,14.1758214838662,2.4854961459269
1.79843017876262,3.07249343755346,14.0145418144814,2.57865342068422
1.86333240454222,3.1856030898132,13.8573583834453,2.67583142578796
1.93072140558104,3.30425551976184,13.7043769071163,2.77722462249952
2.00075152694421,3.4286674552392,13.5557158483675,2.8830329346535
2.07358041081795,3.55906596933938,13.4115074825665,2.99346179855441
2.14936933999887,3.69568846121304,13.2718990567156,3.10872215194193
2.2282835623843,3.83878258043283,13.1370540482093,3.22903035339134
2.31049259431624,3.9886060843415,13.0071535295195,3.35460802180924
2.3961705002845,4.14542661609236,12.8823976456111,3.48568178355234
2.4854961459269,4.30952138918862,12.7630072107173,3.62248291360952
2.57865342068422,4.48117676223639,12.6492254310054,3.76524685510461
2.67583142578796,4.66068768526334,12.5413197593983,3.91421259942042
2.77722462249952,4.84835699634034,12.4395838883259,4.06962190755637
2.8830329346535,5.04449454430966,12.344339885461,4.23171835586404
2.99346179855441,5.24941611036155,12.2559404761211,4.40074617571472
3.10872215194193,5.4634420985291,12.1747714737819,4.57694885917298
3.22903035339134,5.68689595841383,12.1012543621541,4.76056750099429
3.35460802180924,5.92010230421965,12.0358490222916,4.95183887192495
3.48568178355234,6.16338468552536,11.9790566025548,5.15099313908361
3.62248291360952,6.41706296141856,11.9314225219718,5.35825123142036
3.76524685510461,6.68145022387323,11.8935395927301,5.57382181653816
3.91421259942042,6.95684921963708,11.8660512357864,5.79789783140683
4.06962190755637,7.2435481973648,11.8496547698782,6.03065251615264
4.23171835586404,7.5418161269132,11.8451047256139,6.27223494332664
4.40074617571472,7.85189719746663,11.853216151071,6.52276497679797
4.57694885917298,8.17400452148754,11.8748678382292,6.78232763731735
4.76056750099429,8.50831298789728,11.9110053893058,7.05096682625594
4.95183887192495,8.85495118615383,11.9626440301966,7.32867839607524
5.15099313908361,9.2139922155154,12.0308710808349,7.61540256021555
5.35825123142036,9.58544345868754,12.1168479035322,7.91101562438016
5.57382181653816,9.96923515066736,12.2218111927872,8.21532107684127
5.79789783140683,10.36520767767,12.347073409188,8.52804006999978
6.03065251615264,10.7730975400645,12.4940221181355,8.84880136784569
6.27223494332664,11.1925220431929,12.6641179887047,9.17713086817034
6.52276497679797,11.6229626138513,12.8588911416146,9.51244085993793
6.78232763731735,12.0637468435344,13.0799355201051,9.85401919281654
7.05096682625594,12.5140293026507,13.3289008944253,10.2010186490176
7.32867839607524,12.9727713184293,13.6074820942469,10.5524467922914
7.61540256021555,13.4387199647341,13.917405053096,10.9071566813807
7.91101562438016,13.9103865431314,14.2604091647596,11.2638389125258
8.21532107684127,14.3860250491723,14.6382255128235,11.6210154625616
8.52804006999978,14.8636111684032,15.0525504979286,11.9770359130026
8.84880136784569,15.3408225313045,15.5050144305018,12.3300766400261
9.17713086817034,15.8150211185572,15.9971447183891,12.6781435976756
9.51244085993793,16.2832388842359,16.5303234371019,13.0190793145857
9.85401919281654,16.7421677942006,17.1057391072021,13.3505746790552
10.2010186490176,17.1881557171175,17.7243329096791,13.6701860267401
10.5524467922914,17.6172097054437,18.3867394970156,13.9753579068455
10.9071566813807,18.0250083336595,19.0932232240674,14.2634517163559
11.2638389125258,18.4069247738721,19.8436109956152,14.5317801811799
11.6210154625616,18.7580623254084,20.6372230971466,14.7776474299893
11.9770359130026,19.0733039535626,21.4728041708919,14.9983940165685
12.3300766400261,19.3473770745978,22.3484569082805,15.1914459608732
12.6781435976756,19.5749344463612,23.2615815665694,15.3543666303646
13.0190793145857,19.7506513996128,24.2088248977295,15.4849098052165
13.3505746790552,19.8693388346268,25.1860424352392,15.581072203892
13.6701860267401,19.9260705144592,26.1882783003332,15.641143481956
13.9753579068455,19.9163220155156,27.2097666704756,15.6637516343556
14.2634517163559,19.8361174870234,28.2439586951294,15.6479018865766
14.5317801811799,19.6821793040031,29.2835779827036,15.593007227747
14.7776474299893,19.452074502799,30.3207068958208,15.4989091444108
14.9983940165685,19.1443509177902,31.346904268351,15.3658874771545
15.1914459608732,18.7586555984758,32.353353513038,15.1946588494796
15.3543666303646,18.2958278448885,33.3310384073357,14.9863636546126
15.4849098052165,17.7579596891527,34.2709412312533,14.742542134699
15.581072203892,17.1484178544801,35.1642565510977,14.4651006018288
15.641143481956,16.4718227144634,36.0026119335328,14.1562692825027
15.6637516343556,15.7339822521061,36.7782855480648,13.8185535873002
15.6479018865766,14.941781293767,37.4844104702797,13.4546808197736
15.593007227747,14.1030294089912,38.1151551152421,13.0675444058054
15.4989091444108,13.2262732533839,38.6658707070594,12.660147679091
15.3658874771545,12.3205816416855,39.1331981337251,12.2355490867713
15.1946588494796,11.3953134582014,39.5151290051785,11.7968104388145
14.9863636546126,10.4598793855959,39.8110185755071,11.3469495186297
14.742542134699,9.52350875486992,40.0215510522455,10.8888980468167
14.4651006018288,8.59503212129017,40.1486607076705,10.4254656327877
14.1562692825027,7.68268872770604,40.1954146752372,9.95931003765537
13.8185535873002,6.79396599245492,40.1658651895874,9.49291379702162
13.4546808197736,5.93547580188325,40.064880228358,9.02856699140396
13.0675444058054,5.11286985289849,39.8979619556443,8.56835577321507
12.660147679091,4.33079387857836,39.6710621211563,8.11415612712408
12.2355490867713,3.59287845475402,39.3904026728703,7.66763223911522
11.7968104388145,2.90176240380277,39.0623085390809,7.23023881834318
11.3469495186297,2.25914363971054,38.6930579219899,6.80322669803553
10.8888980468167,1.66585161231005,38.2887537784959,6.38765105379585
10.4254656327877,1.12193532728112,37.8552184633547,5.98438166134169
9.95931003765537,0.626761168835737,37.3979120302839,5.59411460352436
9.49291379702162,0.179115265948983,36.9218734649129,5.21738496127465
9.02856699140396,-0.222694122714689,36.4316831264842,4.854580060027
8.56835577321507,-0.580737829306698,35.9314440175571,4.50595291835696
8.11415612712408,-0.897373392068478,35.4247791227657,4.17163560976438
7.66763223911522,-1.17516100472609,34.9148418721559,3.85165230804552
7.23023881834318,-1.41678892318818,34.4043368618325,3.54593183663867
6.80322669803553,-1.62500891899648,33.8955481128587,3.25431959474238
6.38765105379585,-1.80258177229008,33.390372378512,2.9765887670886
5.98438166134169,-1.95223233756134,32.8903555465947,2.71245076012343
5.59411460352436,-2.07661364477898,32.3967302276225,2.46156483459271
5.21738496127465,-2.17827909851652,31.9104532260815,2.22354692637313
4.854580060027,-2.25966186524083,31.4322418008007,1.99797766418009
4.50595291835696,-2.32306047600664,30.9626079353697,1.78440960582227
4.17163560976438,-2.37062969335563,30.5018900944774,1.58237372476174
3.85165230804552,-2.4043757467624,30.0502821518836,1.39138518508485
3.54593183663867,-2.42615511693609,29.607859337778,1.21094844757339
3.25431959474238,-2.43767613738324,29.1746011976619,1.04056175201516
2.9765887670886,-2.4405027752732,28.7504116411785,0.87972102182293
2.71245076012343,-2.43606004460095,28.3351362342369,0.727923237441424
2.46156483459271,-2.425640591927,27.9285769336421,0.584669323870498
2.22354692637313,-2.41041207501484,27.5305044903905,0.449466597280135
1.99797766418009,-2.39142502575838,27.1406687595903,0.321830807540626
1.78440960582227,-2.36962094983877,26.7588071556076,0.201287823621015
1.58237372476174,-2.34584047083121,26.3846514857192,0.0873749925332239
1.39138518508485,-2.32083137019177,26.0179333815958,-0.0203577894683743
1.21094844757339,-2.29525641239047,25.6583885322726,-0.122347264367305
1.04056175201516,-2.26970087519307,25.3057599040571,-0.219016226685943
0.87972102182293,-2.24467972970802,24.9598001136966,-0.31077313904747
0.727923237441424,-2.22064443415931,24.6202731023179,-0.39801192374333
0.584669323870498,-2.19798932200186,24.286955239382,-0.481111907286017
0.449466597280135,-2.1770575772395,23.959635968662,-0.560437898249053
0.321830807540626,-2.15814679525764,23.6381180910654,-0.636340380260326
0.201287823621015,-2.14151413871023,23.322217767731,-0.709155800708276
0.0873749925332239,-2.12738110212517,23.0117643101998,-0.779206945591079
-0.0203577894683743,-2.11593789933981,22.7065998160159,-0.846803380107296
-0.122347264367305,-2.10734749335176,22.4065786960377,-0.91224194990042
-0.219016226685943,-2.10174928852259,22.1115671324478,-0.975807327897468
-0.31077313904747,-2.09926250516296,21.8214424981526,-1.03777259729821
-0.39801192374333,-2.09998925747166,21.5360927623565,-1.09839986684131
-0.481111907286017,-2.10401735563029,21.2554159017451,-1.15794090574641
-0.560437898249053,-2.11142285150212,20.9793193321505,-1.21663779367481
-0.636340380260326,-2.12227234788627,20.7077193718044,-1.27472358258577
-0.709155800708276,-2.13662509023693,20.4405407451292,-1.33242296289976
-0.779206945591079,-2.15453485700629,20.1777161319763,-1.3899529302006
-0.846803380107296,-2.17605166774771,19.9191857675893,-1.44752344929357
-0.91224194990042,-2.20122332268192,19.6648970946394,-1.50533811279084
-0.975807327897468,-2.23009678893202,19.4148044697039,-1.56359479167988
-1.03777259729821,-2.26271944918388,19.1688689245281,-1.62248627482036
-1.09839986684131,-2.29914022203983,18.9270579817681,-1.68220089587535
-1.15794090574641,-2.33941056857405,18.689345525535,-1.74292314602347
-1.21663779367481,-2.38358539613651,18.4557117259549,-1.80483427097427
-1.27472358258577,-2.43172386715285,18.2261430169813,-1.86811285096911
-1.33242296289976,-2.48389012356074,18.0006321271905,-1.93293536256664
-1.3899529302006,-2.54015393494864,17.7791781630813,-1.99947672106875
-1.44752344929357,-2.60059127776976,17.5617867446918,-2.0679108024568
-1.50533811279084,-2.6652848513541,17.3484701934212,-2.13841094367
-1.56359479167988,-2.73432453666139,17.1392477724702,-2.21115041996545
-1.62248627482036,-2.80780780273988,16.9341459804813,-2.28630289796579
-1.68220089587535,-2.88584006465903,16.7331988993121,-2.36404286280363
-1.74292314602347,-2.96853499598222,16.5364485972235,-2.44454601753062
-1.80483427097427,-3.05601479799756,16.3439455891101,-2.52798965265848
-1.86811285096911,-3.14841042705893,16.1557493557528,-2.61455298333655
-1.93293536256664,-3.24586178050579,15.9719289244033,-2.70441745125169
-1.99947672106875,-3.34851784069899,15.7925635133621,-2.79776698784875
-2.0679108024568,-3.45653677574551,15.61774324352,-2.89478823490594
-2.13841094367,-3.57008599446472,15.4475699201346,-2.99567071787072
-2.21115041996545,-3.68934215205882,15.2821578883913,-3.10060696663379
-2.28630289796579,-3.81449110180058,15.1216349665185,-3.2097925776065
-2.36404286280363,-3.94572778679797,14.9661434604212,-3.32342621003525
-2.44454601753062,-4.08325606455823,14.8158412639163,-3.44170950819621
-2.52798965265848,-4.2272884556196,14.6709030486966,-3.56484694069803
-2.61455298333655,-4.37804580593526,14.53152154811,-3.69304554734531
-2.70441745125169,-4.53575685098131,14.3979089386745,-3.82651458111448
-2.79776698784875,-4.70065766769272,14.2702983229448,-3.96546503221602
-2.89478823490594,-4.87299099828656,14.1489453168819,-4.11010901921405
-2.99567071787072,-5.05300542782447,14.0341297441949,-4.26065903021219
-3.10060696663379,-5.24095439492786,13.9261574392182,-4.41732699918529
-3.2097925776065,-5.43709501239944,13.8253621586874,-4.58032320091886
-3.32342621003525,-5.64168667174294,13.7321076010398,-4.7498549328315
-3.44170950819621,-5.85498940405881,13.6467895287139,-4.9261249616519
-3.56484694069803,-6.07726196233697,13.5698379904797,-5.10932972571058
-3.69304554734531,-6.30875959310428,13.5017196305457,-5.29965726158288
-3.82651458111448,-6.54973145716726,13.4429400743669,-5.49728479183901
-3.96546503221602,-6.80041765566249,13.3940463740001,-5.70237600423844
-4.11010901921405,-7.06104581489117,13.355629488995,-5.91507796589398
-4.26065903021219,-7.33182719027377,13.3283267692776,-6.13551761229916
-4.41732699918529,-7.61295222473392,13.3128244076048,-6.3637978374289
-4.58032320091886,-7.90458552249779,13.3098598082276,-6.59999313281849
-4.7498549328315,-8.20686014512115,13.320223826141,-6.84414475260653
-4.9261249616519,-8.51987121996263,13.3447627904967,-7.09625537629489
-5.10932972571058,-8.84366880198765,13.3843802335302,-7.35628329201443
-5.29965726158288,-9.1782498698612,13.4400382292375,-7.6241360712149
-5.49728479183901,-9.52354945136661,13.5127582185066,-7.89966376785607
-5.70237600423844,-9.8794308874379,13.6036211805877,-8.18265164614228
-5.91507796589398,-10.2456751115798,13.7137669932315,-8.47281249937803
-6.13551761229916,-10.621968913498,13.8443927828308,-8.76977864184765
-6.3637978374289,-11.0078923239496,13.9967500847043,-9.07309364965143
-6.59999313281849,-11.4029050271487,14.1721405538254,-9.38220400993843
-6.84414475260653,-11.8063319012929,14.3719099771825,-9.69645079807979
-7.09625537629489,-12.2173477679444,14.5974402789882,-10.0150616363618
-7.35628329201443,-12.6349615892787,14.8501392721019,-10.3371431666685
-7.6241360712149,-13.0580002463305,15.1314277831602,-10.6616743288411
-7.89966376785607,-13.4850922505672,15.4427238670071,-10.9875007659976
-8.18265164614228,-13.9146517159307,15.7854237433517,-11.3133307576628
-8.47281249937803,-14.3448631084352,16.1608791655065,-11.6377330735582
-8.76977864184765,-14.7736673595041,16.5703710234959,-11.9591371921969
-9.07309364965143,-15.1987500000841,17.0150788765233,-12.2758363250264
-9.38220400993843,-15.6175321515421,17.4960464304296,-12.5859936826011
-9.69645079807979,-16.02716529443,18.0141427006128,-12.8876523884336
-10.0150616363618,-16.4245308299823,18.5700193934459,-13.1787493856178
-10.3371431666685,-16.8062455576525,19.1640646582044,-13.457133587923
-10.6616743288411,-17.1686742523292,19.7963538386356,-13.7205884023062
-10.9875007659976,-17.5079505159971,20.4665980994831,-13.9668585937894
-11.3133307576628,-17.8200070456417,21.1740922219322,-14.1936812915826
-11.6377330735582,-18.1006162822803,21.9176630928377,-14.3988207110967
-11.9591371921969,-18.345442301674,22.6956207513331,-14.5801059160245
-12.2758363250264,-18.5501043931375,23.5057142669502,-14.7354707783628
-12.5859936826011,-18.7102523675217,24.3450949900299,-14.8629950758245
-12.8876523884336,-18.82165309965,25.2102899368277,-14.9609454057176
-13.1787493856178,-18.8802871484134,26.0971881891464,-15.0278145805054
-13.457133587923,-18.8824535505679,27.001043142382,-15.0623580627677
-13.7205884023062,-18.8248801016602,27.9164931972837,-15.0636259526578
-13.9668585937894,-18.7048356788629,28.8376030379295,-15.0309892584266
-14.1936812915826,-18.5202403905035,29.7579270041387,-14.9641592468611
-14.3988207110967,-18.2697687525257,30.670595112024,-14.8631990115885
-14.5801059160245,-17.9529407031597,31.5684210662788,-14.7285266731108
-14.7354707783628,-17.5701952663499,32.4440304888783,-14.5609100049288
-14.8629950758245,-17.1229417852099,33.2900062518635,-14.3614526559678
-14.9609454057176,-16.6135843859088,34.0990461787161,-14.1315725116994
-15.0278145805054,-16.0455163816967,34.8641275894685,-13.872973053268
-15.0623580627677,-15.4230825441582,35.5786721473869,-13.5876088711015
-15.0636259526578,-14.7515090876152,36.2367036358361,-13.2776466774612
-15.0309892584266,-14.0368026701709,36.8329917988805,-12.9454232663748
-14.9641592468611,-13.2856219096115,37.3631752211738,-12.5934019218014
-14.8631990115885,-12.505126182979,37.8238576573581,-12.2241287202647
-14.7285266731108,-11.7028082583512,38.2126732219919,-11.840190028049
-14.5609100049288,-10.8863178707344,38.5283178615598,-11.4441723551881
-14.3614526559678,-10.0632840901247,38.7705462165639,-11.0386255059553
-14.1315725116994,-9.24114408611939,38.9401350660664,-10.6260297040353
-13.872973053268,-8.42698524140846,39.0388162678642,-10.2087672027692
-13.5876088711015,-7.62740660539663,39.0691836363241,-9.78909859363235
-13.2776466774612,-6.8484041829038,39.0345793605515,-9.36914389321628
-12.9454232663748,-6.0952829444221,38.9389661826621,-8.95086826773303
-12.5934019218014,-5.37259685515013,38.7867917749189,-8.53607215698999
-12.2241287202647,-4.6841166060343,38.582851551272,-8.12638542065348
-11.840190028049,-4.03282334541568,38.3321554708479,-7.7232650959454
-11.4441723551881,-3.42092568799439,38.0398035509231,-7.32799628613501
-11.0386255059553,-2.84989643451234,37.7108737857522,-6.94169570094721
-10.6260297040353,-2.3205250382107,37.3503249511008,-6.56531736515235
-10.2087672027692,-1.83298171158675,36.9629158120147,-6.19966008354337
-9.78909859363235,-1.38688915721673,36.5531411463917,-5.84537615832148
-9.36914389321628,-0.981398296615815,36.1251842330336,-5.50298107347613
-8.95086826773303,-0.615264750838555,35.6828847416308,-5.17286375813821
-8.53607215698999,-0.286923466617352,35.2297205143516,-4.85529716207418
-8.12638542065348,0.00544061022347478,34.7688013899399,-4.55044890181435
-7.7232650959454,0.263827332114473,34.3028731164084,-4.25839178146511
-7.32799628613501,0.490362563633895,33.834329347616,-3.97911403209341
-6.94169570094721,0.687246457795052,33.3652298336454,-3.71252914898767
-6.56531736515235,0.856708813380934,32.8973229843253,-3.45848523762315
-6.19966008354337,1.00097147268919,32.4320714566255,-3.21677380603748
-5.84537615832148,1.12221748428594,31.9706791546661,-2.98713796346154
-5.50298107347613,1.22256633386336,31.5141188178911,-2.76928000420697
-5.17286375813821,1.30405479697516,31.0631591947753,-2.56286837099833
-4.85529716207418,1.36862270960177,30.6183911837154,-2.36754400363415
-4.55044890181435,1.41810300840206,30.180252462151,-2.18292608831901
-4.25839178146511,1.45421540358033,29.7490502858265,-2.0086172302311
-3.97911403209341,1.47856308535076,29.3249822709497,-1.84420807660783
-3.71252914898767,1.49263191558209,28.9081550768952,-1.68928142111871
-3.45848523762315,1.49779161351405,28.4986009898943,-1.5434158224129
-3.21677380603748,1.49529850445845,28.0962924697848,-1.406188770833
-2.98713796346154,1.48629945915798,27.7011547652162,-1.27717943756609
-2.76928000420697,1.47183670755244,27.3130767329732,-1.15597104059224
-2.56286837099833,1.45285326262692,26.9319200147179,-1.04215286021714
-2.36754400363415,1.43019873614303,26.5575267321908,-0.935321934514838
-2.18292608831901,1.4046353691535,26.1897258633277,-0.83508446603772
-2.0086172302311,1.37684413614617,25.8283384578577,-0.741056968589648
-1.84420807660783,1.34743081181463,25.4731818426894,-0.65286718242643
-1.68928142111871,1.31693191510786,25.1240729572006,-0.57015477766972
-1.5434158224129,1.28582046655862,24.7808309468004,-0.492571874563183
-1.406188770833,1.25451151250519,24.443279130725,-0.419783401114493
-1.27717943756609,1.22336738418327,24.1112464475151,-0.351467303546147
-1.15597104059224,1.19270267198535,23.7845684694411,-0.287314634813226
-1.04215286021714,1.16278890285081,23.4630880652465,-0.227029530144031
-0.935321934514838,1.13385891664116,23.1466557797416,-0.170329090830242
-0.83508446603772,1.10611094271883,22.8351299892607,-0.116943185765636
-0.741056968589648,1.07971238204786,22.5283768829291,-0.0666141846335155
-0.65286718242643,1.05480330606111,22.226270311588,-0.0190966337351186
-0.57015477766972,1.03149967967422,21.9286915385691,0.0258431161888984
-0.492571874563183,1.0098963223675,21.6355289218532,0.0684273212194156
-0.419783401114493,0.990069623308577,21.3466775503465,0.108867286597224
-0.351467303546147,0.972080020014244,21.0620388529537,0.147363833665632
-0.287314634813226,0.955974260093548,20.7815201957636,0.184107785024812
-0.227029530144031,0.941787455981135,20.5050344783074,0.219280462907128
-0.170329090830242,0.929544950689734,20.2324997382019,0.253054196056683
-0.116943185765636,0.919264005763596,19.9638387704932,0.285592830865868
-0.0666141846335155,0.910955326446503,19.6989787664533,0.317052244598096
-0.0190966337351186,0.90462443661933,19.4378509751291,0.347580855781316
0.0258431161888984,0.900272915789352,19.1803903896159,0.377320131910547
0.0684273212194156,0.897899510039167,18.9265354591602,0.406405089817664
0.108867286597224,0.897501128209237,18.6762278274871,0.434964790176428
0.147363833665632,0.89907373367395,18.4294120971572,0.463122821211731
0.184107785024812,0.902613141804491,18.1860356194134,0.490997774683086
0.219280462907128,0.908115732309036,17.9460483086606,0.518703710403529
0.253054196056683,0.915579085249701,17.7094024805733,0.546350609548854
0.285592830865868,0.925002548982149,17.4760527127431,0.574044818074678
0.317052244598096,0.936387746889697,17.2459557266476,0.601889478352087
0.347580855781316,0.949739031323534,17.0190702899229,0.629984949624781
0.377320131910547,0.965063889350163,16.79535713774,0.658429217686666
0.406405089817664,0.982373308518826,16.5747789124137,0.687318294544265
0.434964790176428,1.00168210570416,16.3573001202079,0.716746607803596
0.463122821211731,1.02300922692046,16.1428871047482,0.746807380494972
0.490997774683086,1.04637802011889,15.9315080362057,0.777593002024095
0.518703710403529,1.07181648694577,15.7231329158927,0.809195390869857
0.546350609548854,1.09935751745211,15.5177335958948,0.841706349697913
0.574044818074678,1.12903911005608,15.3152838134703,0.875217913560053
0.601889478352087,1.16090458112072,15.1157592402227,0.909822691937808
0.629984949624781,1.19500276704621,14.9191375461585,0.94561420533451
0.658429217686666,1.23138822137318,14.7253984788791,0.982687217110104
0.687318294544265,1.27012140905032,14.5345239583326,1.02113806128545
0.716746607803596,1.31126890050841,14.34649818773,1.06106496699601
0.746807380494972,1.35490356736121,14.1613077813842,1.10256838023806
0.777593002024095,1.40110478145418,13.9789419104184,1.14575128350769
0.809195390869857,1.44995861878924,13.7993924674673,1.19071951387691
0.841706349697913,1.50155806965711,13.6226542516939,1.23758207998088
0.875217913560053,1.55600325608811,13.4487251756107,1.2864514783116
0.909822691937808,1.61340165753883,13.2776064954333,1.33744400911362
0.94561420533451,1.67386834560183,13.1093030669379,1.39068009206556
0.982687217110104,1.73752622822899,12.9438236289716,1.44628458178942
1.02113806128545,1.80450630378817,12.7811811170661,1.50438708307754
1.06106496699601,1.87494792504888,12.6213930098476,1.56512226561161
1.10256838023806,1.94899907294667,12.4644817112386,1.62863017761025
1.14575128350769,2.02681663971746,12.3104749717469,1.69505655771418
1.19071951387691,2.1085667207028,12.1594063524671,1.76455314409757
1.23758207998088,2.19442491380079,12.0113157357812,1.83727797947719
1.2864514783116,2.2845766251787,11.8662498871109,1.91339571032754
1.33744400911362,2.37921737944524,11.7242630724878,1.99307787817996
1.39068009206556,2.47855313201388,11.5854177371316,2.07650320039788
1.44628458178942,2.58280058084403,11.4497852506561,2.16385783725792
1.50438708307754,2.69218747414375,11.3174467250408,2.25533564151547
1.56512226561161,2.80695290992795,11.1884939120835,2.35113838589055
1.62863017761025,2.92734762242454,11.0630301873068,2.45147596294117
1.69505655771418,3.05363424949935,10.9411716281215,2.55656655118273
1.76455314409757,3.18608757413597,10.82304819446,2.66663673994547
1.83727797947719,3.32499473177676,10.7088050206744,2.78192160411164
1.91339571032754,3.47065537392269,10.5986038280342,2.90266471864029
1.99307787817996,3.62338177675407,10.4926244676886,3.02911810109607
2.07650320039788,3.78349888167791,10.3910666044403,3.16154206856087
2.16385783725792,3.95134425257954,10.2941515520983,3.30020499320541
2.25533564151547,4.1272679321173,10.2021242715154,3.44538293843023
2.35113838589055,4.31163217665738,10.1152555425453,3.59735915486249
2.45147596294117,4.5048110464802,10.0338443206139,3.75642341480748
2.55656655118273,4.70718982380593,9.95822029077355,3.92287115735008
2.66663673994547,4.91916422803778,9.88874662764803,4.09700241356427
2.78192160411164,5.14113939258295,9.8258229719233,4.27912047810565
2.90266471864029,5.37352856269312,9.76988863173053,4.46953028696352
3.02911810109607,5.61675146822327,9.72142601512905,4.66853647748457
3.16154206856087,5.87123231888613,9.68096429738741,4.87644105944933
3.30020499320541,6.1373973626908,9.64908332294567,5.09354065567129
3.44538293843023,6.41567194396441,9.62641773367606,5.32012326854843
3.59735915486249,6.70647698131503,9.61366131944267,5.55646450912931
3.75642341480748,7.01022479062192,9.61157156274257,5.8028232185609
3.92287115735008,7.32731415793758,9.6209743545993,6.05943642120605
4.09700241356427,7.65812455559884,9.64276884397293,6.32651354923699
4.27912047810565,8.00300939865057,9.67793235630234,6.60422987347014
4.46953028696352,8.36228822481826,9.72752530882476,6.89271906681958
4.66853647748457,8.73623769429885,9.79269602204295,7.19206485614511
4.87644105944933,9.12508121038138,9.87468533371683,7.50229170685942
5.09354065567129,9.52897708357185,9.97483082557991,7.82335451028276
5.32012326854843,9.94800510577712,10.0945704922112,8.15512726204408
5.55646450912931,10.3821513735286,10.2354456275238,8.49739074730947
5.8028232185609,10.8312912349098,10.3991026528997,8.84981928510986
6.05943642120605,11.2951702578225,10.5872935527164,9.21196663008371
6.32651354923699,11.7733831592565,10.8018745342301,9.58325118641415
6.60422987347014,12.2653506566249,11.0448024728271,9.96294076110635
6.89271906681958,12.7702942236347,11.3181286167699,10.3501371508832
7.19206485614511,13.2872088905039,11.6239889806146,10.7437609602384
7.50229170685942,13.8148342528336,11.9645907767374,11.1425371706125
7.82335451028276,14.351624014712,12.342194180056,11.5449820018186
8.15512726204408,14.8957145370773,12.7590886750181,11.949391834124
8.49739074730947,15.4448930460024,13.217563206225,12.3538349776424
8.84981928510986,15.996566373958,13.7198693563828,12.7561471898057
9.21196663008371,16.5477313576038,14.2681768183959,13.1539319130675
9.58325118641415,17.0949482954456,14.864520523617,13.5445662297823
9.96294076110635,17.6343191726603,15.5107389761644,13.9252135044234
10.3501371508832,18.1614726531133,16.20840354444,14.2928435875052
10.7437609602384,18.6715581585769,16.9587388744692,14.644261290071
11.1425371706125,19.1592516236384,17.7625351093742,14.9761436426927
11.5449820018186,19.6187756686447,18.6200528735661,15.2850859767358
11.949391834124,20.0439370661405,19.5309231981895,15.5676565672849
12.3538349776424,20.4281842671001,20.4940449772421,15.8204590519282
12.7561471898057,20.7646874530227,21.5074836089491,16.0402011759557
13.1539319130675,21.046443086497,22.5683753695162,16.223768094374
13.5445662297823,21.2664040407307,23.6728430069222,16.3682976534496
13.9252135044234,21.4176351712519,24.8159288169658,16.4712549602557
14.2928435875052,21.493492675697,25.9915519658493,16.530502963286
14.644261290071,21.4878238393931,27.1924969723247,16.5443659318989
14.9761436426927,21.3951816801777,28.4104401362586,16.5116826437988
15.2850859767358,21.2110466786382,29.636019464306,16.4318465562882
15.5676565672849,20.9320461794987,30.8589522763981,16.3048307584879
15.8204590519282,20.5561599272766,32.0682024160468,16.1311962556521
16.0402011759557,20.0828993435073,33.2521956727724,15.9120830201913
16.223768094374,19.5134477835463,34.399079297886,15.6491841679202
16.3682976534496,18.8507497872102,35.4970169875839,15.3447045159042
16.4712549602557,18.0995391518201,36.5345082178454,15.0013055776478
16.530502963286,17.2662988443428,37.5007167708932,14.6220396795076
16.5443659318989,16.3591495119798,38.3857921996017,14.2102762997858
16.5116826437988,15.3876682814759,39.1811663421117,13.7696239192005
16.4318465562882,14.3626442825786,39.8798080761069,13.303850631835
16.3048307584879,13.295782014281,40.4764214644782,12.8168065256724
16.1311962556521,12.1993676161995,40.9675759018618,12.3123504431529
15.9120830201913,11.0859157601674,41.351761482954,11.7942832256141
15.6491841679202,9.96781605312829,41.6293679456665,11.2662889840842
15.3447045159042,8.85699740619601,41.8025907390852,10.7318853715767
15.0013055776478,7.76462687175979,41.8752725062069,10.1943832995405
14.6220396795076,6.70085620405932,41.8526920666865,9.65685607499745
14.2102762997858,5.67462531663558,41.7413155247616,9.1221175501083
13.7696239192005,4.69352734615913,41.5485252680529,8.5927085897577
13.303850631835,3.76373565994602,41.2823423950036,8.07089095170263
12.8168065256724,2.88998927087142,40.9511566987853,7.5586475772446
12.3123504431529,2.07563004102587,40.5634760360369,7.05768821956992
11.7942832256141,1.32268292512036,40.1277040650968,6.56945938125937
11.2662889840842,0.631969357580906,39.6519522954219,6.09515755985454
10.7318853715767,0.00324364536998707,39.1438894491192,5.63574490754673
10.1943832995405,-0.564657262094147,38.6106285277362,5.19196650877269
9.65685607499745,-1.07365919013954,38.058649853738,4.76436858877053
9.1221175501083,-1.52629851146112,37.4937567778777,4.3533170907341
8.5927085897577,-1.92557783388829,36.921059728251,3.95901615423252
8.07089095170263,-2.27483366234028,36.3449837323918,3.58152613297447
7.5586475772446,-2.57761859486379,35.7692944628133,3.22078088063602
7.05768821956992,-2.83759936257774,35.1971380264412,2.87660411099243
6.56945938125937,-3.05847099699899,34.6310902179477,2.54872469474711
6.09515755985454,-3.24388665933072,34.0732114509046,2.23679082024637
5.63574490754673,-3.39740205554802,33.5251042625124,1.94038297672869
5.19196650877269,-3.52243303427283,32.9879709036681,1.65902576148231
4.76436858877053,-3.62222477055378,32.462669109768,1.39219853440882
4.3533170907341,-3.69983086424847,31.9497647125553,1.13934496221119
3.95901615423252,-3.75810073610365,31.4495801729647,0.899881504683563
3.58152613297447,-3.79967379319766,30.9622385114098,0.673204911784637
3.22078088063602,-3.82697898179983,30.4877024145307,0.458698796012393
2.87660411099243,-3.84223851399746,30.0258085253268,0.255739352941565
2.54872469474711,-3.84747472059,29.576297071661,0.063700305096093
2.23679082024637,-3.84451915349163,29.1388371289844,-0.118042869801648
1.94038297672869,-3.83502320965314,28.7130478623107,-0.290109351366733
1.65902576148231,-3.8204696933867,28.2985161469886,-0.45310996901577
1.39219853440882,-3.80218485542563,27.8948109748236,-0.607644714287243
1.13934496221119,-3.78135055127332,27.5014950467566,-0.754300716755757
0.899881504683563,-3.75901624696936,27.1181339340438,-0.893650632852131
0.673204911784637,-3.73611067896867,26.7443031695008,-1.02625139661536
0.458698796012393,-3.71345302620323,26.3795935917915,-1.15264329454209
0.255739352941565,-3.69176350327281,26.0236152375649,-1.27334931865442
0.063700305096093,-3.67167332241071,25.6760000421705,-1.38887476476344
-0.118042869801648,-3.65373399207034,25.336403571657,-1.49970704579188
-0.290109351366733,-3.63842594670489,25.0045059853689,-1.60631568291066
-0.45310996901577,-3.6261665190721,24.6800123946923,-1.70915245594
-0.607644714287243,-3.61731727165402,24.3626527594708,-1.80865168634204
-0.754300716755757,-3.61219071453777,24.0521814406717,-1.9052306287486
-0.893650632852131,-3.61105644267678,23.7483765066099,-1.99928995369569
-1.02625139661536,-3.61414672471473,23.4510388748425,-2.09121430696613
-1.15264329454209,-3.62166158043364,23.1599913522701,-2.18137292659525
-1.27334931865442,-3.63377337975978,22.8750776286905,-2.27012030469247
-1.38887476476344,-3.65063100172535,22.5961612627758,-2.35779688225126
-1.49970704579188,-3.67236358076409,22.3231246932346,-2.44472976584675
-1.60631568291066,-3.69908387785937,22.0558683009262,-2.53123345728163
-1.70915245594,-3.73089130256944,21.7943095381157,-2.61761058632694
-1.80865168634204,-3.76787461311189,21.5383821392591,-2.70415263885924
-1.9052306287486,-3.81011432215723,21.288035422789,-2.79114067346861
-1.99928995369569,-3.85768483144305,21.0432336892246,-2.8788460200362
-2.09121430696613,-3.91065631451352,20.8039557186763,-2.96753095430545
-2.18137292659525,-3.96909636856902,20.5701943700298,-3.05744934290334
-2.27012030469247,-4.03307145267822,20.3419562815751,-3.1488472535874
-2.35779688225126,-4.10264812802083,20.1192616719929,-3.24196352572999
-2.44472976584675,-4.17789411342503,19.9021442400356,-3.33703029619187
-2.53123345728163,-4.25887916770734,19.6906511604911,-3.43427347578712
-2.61761058632694,-4.34567580968785,19.4848431741042,-3.53391317152106
-2.70415263885924,-4.43835988407158,19.2847947686454,-3.63616404966992
-2.79114067346861,-4.53701097998889,19.0905944482542,-3.74123563459769
-2.8788460200362,-4.64171270732133,18.9023450881662,-3.84933253795805
-2.96753095430545,-4.75255283432265,18.720164371891,-3.96065461261314
-3.05744934290334,-4.86962328844502,18.5441853078276,-4.07539702523522
-3.1488472535874,-4.99302002066615,18.3745568222095,-4.19375024111136
-3.24196352572999,-5.12284273200778,18.2114444250716,-4.31589991415745
-3.33703029619187,-5.25919445932137,18.0550309456455,-4.44202667454015
-3.43427347578712,-5.4021810157878,17.9055173331797,-4.57230580517586
-3.53391317152106,-5.55191027996077,17.7631235185966,-4.70690680041472
-3.63616404966992,-5.70849132554385,17.6280893316555,-4.84599279732236
-3.74123563459769,-5.87203338247338,17.5006754673162,-4.98971986909046
-3.84933253795805,-6.04264461827067,17.3811644937916,-5.13823616959357
-3.96065461261314,-6.22043072703334,17.2698618933079,-5.29168091742937
-4.07539702523522,-6.40549331189526,17.1670971248031,-5.45018321284545
-4.19375024111136,-6.59792804524168,17.0732246956897,-5.61386068234277
-4.31589991415745,-6.79782258941708,16.9886252272989,-5.78281792066371
-4.44202667454015,-7.00525426092482,16.9137064952896,-5.95714472554229
-4.57230580517586,-7.22028741855556,16.8489044241171,-6.13691414901497
-4.70690680041472,-7.44297055409941,16.7946840089036,-6.32218030585077
-4.84599279732236,-7.67333306944126,16.7515401346484,-6.51297594362544
-4.98971986909046,-7.91138171528461,16.7199982589311,-6.70930982553179
-5.13823616959357,-8.15709667014417,16.7006149158956,-6.91116383914424
-5.29168091742937,-8.41042725818811,16.6939779968322,-7.11848987744423
-5.45018321284545,-8.67128727366517,16.7007067519501,-7.3312065260302
-5.61386068234277,-8.93954991438913,16.7214514534989,-7.54919551523989
-5.78281792066371,-9.21504227687909,16.7568926436769,-7.77229796823828
-5.95714472554229,-9.49753948998571,16.8077399126947,-8.00031051500842
-6.13691414901497,-9.78675845981169,16.8747301097546,-8.23298128014088
-6.32218030585077,-10.0823511551079,16.9586248533709,-8.47000575255963
-6.51297594362544,-10.3838976367893,17.0602073285269,-8.71102267303355
-6.70930982553179,-10.6908987831629,17.1802782061579,-8.95561000586614
-6.91116383914424,-11.0027687048017,17.31965052112,-9.20328098155447
-7.11848987744423,-11.3188270885708,17.4791435023773,-9.45348044995774
-7.3312065260302,-11.6382915155663,17.6595751905986,-9.70558160212835
-7.54919551523989,-11.9602698329611,17.8617536452898,-9.9588831744852
-7.77229796823828,-12.2837528328811,18.08646671744,-10.2126073205626
-8.00031051500842,-12.6076074474179,18.3344703332364,-10.4658983028206
-8.23298128014088,-12.9305706477327,18.6064750718518,-10.7178221802463
-8.47000575255963,-13.2512443459874,18.903130967459,-10.9673676583545
-8.71102267303355,-13.5680916435154,19.2250107999395,-11.2134482877144
-8.95561000586614,-13.8794347965315,19.5725915310536,-11.4549061803573
-9.20328098155447,-14.1834552189539,19.9462340786033,-11.690517400013
-9.45348044995774,-14.4781959774604,20.3461618108598,-11.9189991583532
-9.70558160212835,-14.7615672430949,20.7724376901913,-12.1390189152479
-9.9588831744852,-15.0313551208641,21.2249404540059,-12.349205436216
-10.2126073205626,-15.2852342141917,21.7033404253445,-12.5481618049149
-10.4658983028206,-15.5207843984645,22.2070753156599,-12.7344803238617
-10.7178221802463,-15.7355120991856,22.7353267535349,-12.9067591638324
-10.9673676583545,-15.926876308427,23.2869982767775,-13.0636205401384
-11.2134482877144,-16.0923194588758,23.8606956792679,-13.2037301236994
-11.4549061803573,-16.2293031148917,24.4547106712401,-13.3258173008262
-11.690517400013,-16.335348253451,25.0670088801579,-13.4286958307233
-11.9189991583532,-16.4080796875414,25.6952232508507,-13.5112843884438
-12.1390189152479,-16.4452739414194,26.3366538872375,-13.5726264380279
-12.349205436216,-16.4449096293461,26.9882753062244,-13.6119088501814
-12.5481618049149,-16.4052191296605,27.6467519394675,-13.6284786924199
-12.7344803238617,-16.3247401013492,28.3084625168061,-13.6218576250672
-12.9067591638324,-16.2023651787221,28.9695336953166,-13.5917534099309
-13.0636205401384,-16.0373880057534,29.6258829527803,-13.5380681207198
-13.2037301236994,-15.82954370906,30.2732704035695,-13.4609027294266
-13.3258173008262,-15.5790418797398,30.9073587310097,-13.3605578841256
-13.4286958307233,-15.2865902603431,31.5237800056353,-13.2375308106755
-13.5112843884438,-14.953407551799,32.1182077322925,-13.0925084226028
-13.5726264380279,-14.5812240821604,32.6864320946447,-12.9263568435799
-13.6119088501814,-14.1722695187066,33.2244360275103,-12.7401076723606
-13.6284786924199,-13.7292472936863,33.7284696078467,-12.5349414402208
-13.6218576250672,-13.2552960354935,34.1951200817318,-12.3121687525003
-13.5917534099309,-12.753938886153,34.6213749722588,-12.0732097264865
-13.5380681207198,-12.2290220967713,35.0046759683527,-11.8195722792016
-13.4609027294266,-11.684644867587,35.3429615760283,-11.5528299205582
-13.3605578841256,-11.1250828709187,35.6346969833902,-11.2745995755936
-13.2375308106755,-10.5547079879608,35.8788902591483,-10.9865200117828
-13.0925084226028,-9.97790720594497,36.0750944987814,-10.6902313125601
-12.9263568435799,-9.39900335492535,36.2233962301595,-10.3873557882084
-12.7401076723606,-8.82218034848486,36.3243909848503,-10.0794806570394
-12.5349414402208,-8.25141525818879,36.3791474176833,-9.7681426892408
-12.3121687525003,-7.69041905434005,36.3891618296181,-9.45481497361324
-12.0732097264865,-7.142587517381,36.3563052136257,-9.14089587213943
-11.8195722792016,-6.61096309256309,36.2827650906218,-8.8277001492311
-11.5528299205582,-6.09820814004229,36.1709844924036,-8.51645221354143
-11.2745995755936,-5.60658935060959,36.0236002383534,-8.20828136644909
-10.9865200117828,-5.13797279324208,35.8433826025702,-7.90421890574305
-10.6902313125601,-4.69382863788118,35.6331780399314,-7.60519691022423
-10.3873557882084,-4.2752443286522,35.395856414519,-7.31204851558726
-10.0794806570394,-3.88294484873685,35.1342637946716,-7.02550948382368
-9.7681426892408,-3.51731860152001,34.8511814740712,-6.74622086800163
-9.45481497361324,-3.17844743341324,34.5492916183931,-6.47473257979596
-9.14089587213943,-2.86613940442286,34.2311495942022,-6.21150767732708
-8.8277001492311,-2.57996302410226,33.8991627818207,-5.95692720472728
-8.51645221354143,-2.31928181813027,33.5555754871972,-5.71129543323379
-8.20828136644909,-2.08328826600706,33.2024594196396,-5.47484536170002
-7.90421890574305,-1.87103633913812,32.8417090927448,-5.24774435715506
-7.60519691022423,-1.6814720490033,32.4750414572651,-5.03009984245024
-7.31204851558726,-1.51346157974266,32.1039990609099,-4.82196493338612
-7.02550948382368,-1.36581673317337,31.7299560452428,-4.62334396112062
-6.74622086800163,-1.23731754661223,31.3541263297977,-4.43419782096375
-6.47473257979596,-1.12673205354361,30.9775733900986,-4.2544491039039
-6.21150767732708,-1.03283324544667,30.6012211034677,-4.0839869767792
-5.95692720472728,-0.95441336093623,30.2258652098355,-3.92267178277965
-5.71129543323379,-0.8902956781599,29.8521850123731,-3.77033935716603
-5.47484536170002,-0.839344006144223,29.4807549992539,-3.62680504052294
-5.24774435715506,-0.800470105303057,29.1120561405453,-3.49186739116621
-5.03009984245024,-0.772639272856442,28.7464866923816,-3.36531159789359
-4.82196493338612,-0.754874310983095,28.3843723559163,-3.24691259932353
-4.62334396112062,-0.746258105606111,28.0259757164223,-3.13643791902644
-4.43419782096375,-0.745935020427317,27.6715049078264,-3.03365022763364
-4.2544491039039,-0.753111297725962,27.3211214843321,-2.93830964538795
-4.0839869767792,-0.767054639222666,26.9749475022202,-2.85017579932625
-3.92267178277965,-0.787093126275457,26.6330718278962,-2.76900965018751
-3.77033935716603,-0.812613612696415,26.2955557246587,-2.69457510457117
-3.62680504052294,-0.843059712832519,25.962437749907,-2.62664042795936
-3.49186739116621,-0.877929487593967,25.6337380206092,-2.56497947407711
-3.36531159789359,-0.916772917135867,25.3094619008686,-2.50937274574491
-3.24691259932353,-0.959189234814457,24.9896031679207,-2.45960830191624
-3.13643791902644,-1.00482418465294,24.6741467120719,-2.41548252501413
-3.03365022763364,-1.05336725401804,24.3630708239255,-2.37680076203168
-2.93830964538795,-1.10454892298646,24.0563491199692,-2.34337785214859
-2.85017579932625,-1.15813796412151,23.7539521536973,-2.31503855287034
-2.76900965018751,-1.21393881910637,23.4558487559057,-2.29161787593119
-2.69457510457117,-1.27178907253517,23.1620071439011,-2.27296134342734
-2.62664042795936,-1.33155703802369,22.8723958354628,-2.25892517389768
-2.56497947407711,-1.39313946746922,22.5869843995713,-2.24937640719928
-2.50937274574491,-1.45645939067298,22.3057440722905,-2.24419297651886
-2.45960830191624,-1.52146408953908,22.0286482628119,-2.24326373488029
-2.41548252501413,-1.58812320860459,21.755672971517,-2.24648844297131
-2.37680076203168,-1.65642700164109,21.4867971390935,-2.25377772439815
-2.34337785214859,-1.72638471244693,21.2220029431671,-2.26505299384758
-2.31503855287034,-1.79802308665021,20.9612760566415,-2.28024636300997
-2.29161787593119,-1.87138501031331,20.704605879949,-2.2993005285483
-2.27296134342734,-1.94652827033174,20.4519857576631,-2.32216864582721
-2.25892517389768,-2.0235244309908,20.2034131884293,-2.34881419158324
-2.24937640719928,-2.10245782066475,19.9588900359031,-2.37921081819725
-2.24419297651886,-2.18342462212355,19.7184227472913,-2.41334220172699
-2.24326373488029,-2.26653205987061,19.4820225852177,-2.45120188552656
-2.24648844297131,-2.35189767764115,19.2497058778925,-2.49279312103887
-2.25377772439815,-2.43964869911225,19.0214942919744,-2.53812870547704
-2.26505299384758,-2.52992146478346,18.7974151320621,-2.58723081741218
-2.28024636300997,-2.62286093794393,18.5775016703818,-2.64013084994163
-2.2993005285483,-2.71862027257234,18.3617935099903,-2.69686924123445
-2.32216864582721,-2.81736043597254,18.1503369846213,-2.75749530320543
-2.34881419158324,-2.91924987887519,17.9431855981908,-2.82206704201991
-2.37921081819725,-3.02446424563426,17.7404005069397,-2.89065097095907
-2.41334220172699,-3.13318611701784,17.5420510472092,-2.9633219171515
-2.45120188552656,-3.24560477789642,17.3482153116396,-3.0401628133771
-2.49279312103887,-3.36191600149879,17.1589807767627,-3.12126447269897
-2.53812870547704,-3.48232184282702,16.9744449854573,-3.20672534192833
-2.58723081741218,-3.60703043257116,16.7947162861904,-3.2966512393161
-2.64013084994163,-3.73625576207077,16.6199146338346,-3.39115503742327
-2.69686924123445,-3.87021744930912,16.4501724554978,-3.4903563493549
-2.75749530320543,-4.00914047444151,16.2856355809022,-3.59438111879714
-2.82206704201991,-4.15325487987787,16.1264642411168,-3.70336121116334
-2.89065097095907,-4.30279541815381,15.9728341466885,-3.81743390290217
-2.9633219171515,-4.45800112731558,15.8249376405409,-3.93674131668823
-3.0401628133771,-4.61911484269607,15.6829849113406,-4.06142978786471
-3.12126447269897,-4.78638260237972,15.5472053212252,-4.19164910128847
-3.20672534192833,-4.96005294291128,15.4178487817074,-4.32755166500091
-3.2966512393161,-5.1403760889171,15.2951872154422,-4.46929153233013
-3.39115503742327,-5.32760294172567,15.1795161419022,-4.61702328401787
-3.4903563493549,-5.52198398341022,15.0711562501513,-4.77090080046688
-3.59438111879714,-5.72376787472737,14.9704551730495,-4.9310757907068
-3.70336121116334,-5.93319996316126,14.8777891900105,-5.09769620187952
-3.81743390290217,-6.1505204097256,14.7935651273758,-5.27090437292787
-3.93674131668823,-6.37596215753448,14.71822219942,-5.45083495534436
-4.06142978786471,-6.60974850645358,14.6522339512183,-5.63761261949039
-4.19164910128847,-6.85209036750496,14.5961102031024,-5.83134943367569
-4.32755166500091,-7.10318318260995,14.5503989575419,-6.03214196776384
-4.46929153233013,-7.36320331308638,14.5156883241327,-6.24006809353824
-4.61702328401787,-7.63230408388907,14.4926083252006,-6.45518341597237
-4.77090080046688,-7.91061127053783,14.4818325924862,-6.67751735638119
-4.9310757907068,-8.19821798095789,14.4840799193646,-6.90706887715182
-5.09769620187952,-8.49517911058988,14.5001155351869,-7.14380183032509
-5.27090437292787,-8.80150497145687,14.5307520990579,-7.38763989948542
-5.45083495534436,-9.11715439333534,14.5768502852137,-7.63846119484293
-5.63761261949039,-9.44202712870004,14.6393188641966,-7.89609248792856
-5.83134943367569,-9.77595542046303,14.7191141569873,-8.16030313031923
-6.03214196776384,-10.1186949605734,14.8172387496369,-8.43079867157403
-6.24006809353824,-10.469915099635,14.9347393002509,-8.70721428938159
-6.45518341597237,-10.8291882778949,15.0727032504516,-8.98910809406912
-6.67751735638119,-11.1959788446149,15.2322542875275,-9.27595443748954
-6.90706887715182,-11.5696312983564,15.414546353401,-9.56713731385277
-7.14380183032509,-11.9493580341392,15.6207559672218,-9.86194409170267
-7.38763989948542,-12.3342267109232,15.8520725921708,-10.159559753577
-7.63846119484293,-12.7231475586238,16.1096869128848,-10.4590618478611
-7.89609248792856,-13.1148607886548,16.3947767126558,-10.7594164441097
-8.16030313031923,-13.5079244665798,16.7084901635903,-11.0594753745909
-8.43079867157403,-13.9007031999519,17.0519262316712,-11.3579750712007
-8.70721428938159,-14.2913581902068,17.4261121948339,-11.65353733038
-8.98910809406912,-14.6778391410407,17.8319780684123,-11.9446723294523
-9.27595443748954,-15.0578786779455,18.2703279388685,-12.2297842176776
-9.56713731385277,-15.4289900051855,18.7418080469299,-12.5071795742068
-9.86194409170267,-15.788468507885,19.2468722991538,-12.7750789775879
-10.159559753577,-16.1333982341377,19.7857451195374,-13.0316318680466
-10.4590618478611,-16.4606640395874,20.3583822820993,-13.2749347855625
-10.7594164441097,-16.7669702816721,20.9644305117893,-13.5030529530972
-11.0594753745909,-17.048866806188,21.6031868331112,-13.7140450407382
-11.3579750712007,-17.3027829553161,22.2735588015845,-13.9059907978789
-11.65353733038,-17.5250701354038,22.9740270847523,-14.0770210878414
-11.9446723294523,-17.7120531700188,23.7026120967204,-14.2253496892068
-12.2297842176776,-17.8600904227537,24.4568465422434,-14.3493060553321
-12.5071795742068,-17.9656422414921,25.2337558950093,-14.4473681352954
-12.7750789775879,-18.0253468123451,26.0298488888807,-14.5181942519983
-13.0316318680466,-18.0361020168715,26.841120060779,-14.5606529359833
-13.2749347855625,-17.9951512995762,27.6630662117506,-14.5738496465007
-13.5030529530972,-17.9001710163604,28.4907183221722,-14.5571493839621
-13.7140450407382,-17.7493562385556,29.3186899775772,-14.510194246803
-13.9059907978789,-17.5415015903957,30.1412427328493,-14.4329152172784
-14.0770210878414,-17.2760733833693,30.9523680951658,-14.325537635781
-14.2253496892068,-16.9532692477762,31.7458849049477,-14.1885800903116
-14.3493060553321,-16.5740615999221,32.5155498808551,-14.022846714599
-14.4473681352954,-16.1402217378636,33.2551783027752,-13.8294131475676
-14.5181942519983,-15.6543219123727,33.9587709590951,-13.6096066908578
-14.5606529359833,-15.1197137061646,34.6206426477907,-13.3649813772038
-14.5738496465007,-14.5404821801684,35.2355471822344,-13.0972888940559
-14.5571493839621,-13.9213763151551,35.7987938437667,-12.8084463860289
-14.510194246803,-13.2677177807841,36.3063500808982,-12.5005022342731
-14.4329152172784,-12.5852910500839,36.7549260910644,-12.1756009476824
-14.325537635781,-11.8802190890253,37.1420375809625,-11.8359481821761
-14.1885800903116,-11.1588295397102,37.4660441498824,-11.4837768936505
-14.022846714599,-10.4275169131134,37.7261620219319,-11.1213154225912
-13.8294131475676,-9.69260626766629,37.9224511758781,-10.7507582060572
-13.6096066908578,-8.96022385053766,38.0557782495325,-10.3742396230647
-13.3649813772038,-8.23617933318201,38.1277577722389,-9.99381131408859
-13.0972888940559,-7.52586369914139,38.14067521848,-9.61142316003237
-12.8084463860289,-6.8341656167241,38.0973961010446,-9.22890796971996
-12.5005022342731,-6.1654080810576,38.0012656013684,-8.8479697723888
-12.1756009476824,-5.52330600080589,37.8560034133267,-8.47017555773877
-11.8359481821761,-4.91094423727889,37.6655981168075,-8.09695018386077
-11.4837768936505,-4.33077482951871,37.4342050452733,-7.72957414528685
-11.1213154225912,-3.78463127772684,37.1660509210691,-7.36918385777895
-10.7507582060572,-3.27375737454444,36.8653477958131,-7.01677409549302
-10.3742396230647,-2.79884766766884,36.5362181156852,-6.67320222250998
-9.99381131408859,-2.36009666551933,36.1826318942596,-6.33919387432358
-9.61142316003237,-1.95725385993813,35.8083563779093,-6.01534975958805
-9.22890796971996,-1.58968197382213,35.4169179482646,-5.70215329469915
-8.8479697723888,-1.25641608118826,35.0115755427837,-5.39997880397765
-8.47017555773877,-0.956221628712732,34.5953045717156,-5.10910005298042
-8.09695018386077,-0.687649837060315,34.170790026575,-4.82969892187992
-7.72957414528685,-0.449089293599137,33.740427394467,-4.56187405377783
-7.36918385777895,-0.238812920952844,33.3063299527417,-4.30564934393552
-7.01677409549302,-0.055019864696108,32.8703410586305,-4.06098216366527
-6.67320222250998,0.104127910926795,32.4340501485298,-3.82777123731354
-6.33919387432358,0.240474299035062,31.9988112981994,-3.60586411135501
-6.01534975958805,0.355842824724127,31.5657633194326,-3.39506417483202
-5.70215329469915,0.45201517455631,31.1358505704108,-3.19513720467656
-5.39997880397765,0.530714099719873,30.7098437936032,-3.00581742285059
-5.10910005298042,0.593590250920241,30.2883604218454,-2.8268130627296
-4.82969892187992,0.642212470217834,29.8718839629413,-2.65781145061691
-4.56187405377783,0.678061080093218,29.4607821716349,-2.49848361604759
-4.30564934393552,0.702523724673553,29.0553238215382,-2.34848844729626
-4.06098216366527,0.716893347209793,28.6556939730234,-2.20747641357636
-3.82777123731354,0.722367924223018,28.2620076999445,-2.07509287668216
-3.60586411135501,0.720051616099921,27.8743222883978,-1.95098102036002
-3.39506417483202,0.710957034761818,27.4926479619723,-1.83478442149881
-3.19513720467656,0.696008368980217,27.1169572137924,-1.72614928761722
-3.00581742285059,0.676045145487172,26.7471928444848,-1.62472639248275
-2.8268130627296,0.651826438750401,26.3832748159464,-1.53017272934965
-2.65781145061691,0.624035373668888,26.0251060357118,-1.44215291084752
-2.49848361604759,0.593283794458465,25.6725771878286,-1.36034033722715
-2.34848844729626,0.560116995277388,25.3255707209012,-1.28441815643818
-2.20747641357636,0.525018431728797,24.9839641007694,-1.21408003608998
-2.07509287668216,0.488414346305474,24.6476324256385,-1.14903076925736
-1.95098102036002,0.4506782613249,24.3164504964077,-1.08898673035833
-1.83478442149881,0.412135302369205,23.990294424071,-1.03367620004703
-1.72614928761722,0.37306632318006,23.6690428472528,-0.982839574439129
-1.62472639248275,0.333711817620554,23.3525778264427,-0.93622947325249
-1.53017272934965,0.29427560620123,23.0407854714907,-0.893610760600032
-1.44215291084752,0.25492829084066,22.7335563522464,-0.854760490306988
-1.36034033722715,0.215810479277878,22.4307857352797,-0.81946778731572
-1.28441815643818,0.177035778682106,22.1323736830077,-0.78753367506244
-1.21408003608998,0.138693565364945,21.8382250460915,-0.758770857922331
-1.14903076925736,0.10085153673785,21.5482493750194,-0.73300346694004
-1.08898673035833,0.0635580534954084,21.2623607721499,-0.710066776927923
-1.03367620004703,0.0268442820283878,20.9804777018966,-0.689806899608936
-0.982839574439129,-0.00927385339292543,20.7025227733057,-0.672080461588763
-0.93622947325249,-0.0447938982861164,20.4284225064743,-0.656754268809529
-0.893610760600032,-0.0797252647648469,20.1581070918851,-0.643704966042109
-0.854760490306988,-0.114087787227407,19.8915101496835,-0.632818690991269
-0.81946778731572,-0.147910426315067,19.628568494292,-0.623990730930973
-0.78753367506244,-0.181230111137502,19.3692219083383,-0.617125181725758
-0.758770857922331,-0.214090710002648,19.113412928761,-0.612134612685389
-0.73300346694004,-0.246542120118569,18.8610866470353,-0.608939740655506
-0.710066776927923,-0.278639467007038,18.612190524785,-0.607469114155651
-0.689806899608936,-0.310442406098361,18.3666742253899,-0.607658808774564
-0.672080461588763,-0.342014516544686,18.124489461859,-0.609452136247879
-0.656754268809529,-0.373422782110426,17.8855898608558,-0.612799367890447
-0.643704966042109,-0.40473714911997,17.6499308425523,-0.617657473178198
-0.632818690991269,-0.436030157914056,17.4174695157967,-0.623989874275184
-0.623990730930973,-0.467376638733878,17.1881645880624,-0.631766216911379
-0.617125181725758,-0.498853468102021,16.9619762894519,-0.640962158204113
-0.612134612685389,-0.530539380293286,16.7388663101745,-0.651559171707331
-0.608939740655506,-0.562514827941863,16.5187977508256,-0.663544369824905
-0.607469114155651,-0.594861888070159,16.3017350848555,-0.676910343700632
-0.607658808774564,-0.627664209879302,16.0876441327138,-0.691655020623494
-0.609452136247879,-0.661006999812914,15.8764920471936,-0.707781538926047
-0.612799367890447,-0.694977040781351,15.6682473095766,-0.725298140307727
-0.617657473178198,-0.729662742595405,15.462879736297,-0.74421807942856
-0.623989874275184,-0.76515422086681,15.2603604959162,-0.764559550717174
-0.631766216911379,-0.801543402078193,15.0606621363178,-0.786345632178629
-0.640962158204113,-0.838924152500108,14.8637586221275,-0.809604246080906
-0.651559171707331,-0.877392429067744,14.669625382463,-0.834368136203328
-0.663544369824905,-0.917046450581989,14.4782393692484,-0.860674861424059
-0.676910343700632,-0.957986887773613,14.2895791264232,-0.888566805551192
-0.691655020623494,-1.00031707095866,14.1036248705081,-0.918091203312948
-0.707781538926047,-1.04414321418961,13.9203585831026,-0.94930018213765
-0.725298140307727,-1.08957465495533,13.7397641160097,-0.982250819046745
-0.74421807942856,-1.13672410870467,13.5618273098424,-1.0170052129379
-0.764559550717174,-1.18570793742901,13.3865361270774,-1.05363057258828
-0.786345632178629,-1.23664643180833,13.2138808006945,-1.09219931919525
-0.809604246080906,-1.28966410612487,13.0438539995767,-1.13278920183385
-0.834368136203328,-1.34489000608347,12.8764510123491,-1.17548342915028
-0.860674861424059,-1.40245802870479,12.7116699509317,-1.22037081405162
-0.888566805551192,-1.46250725419817,12.5495119758377,-1.26754593164654
-0.918091203312948,-1.52518228978394,12.3899815454894,-1.3171092898364
-0.94930018213765,-1.59063362416564,12.2330866913461,-1.36916751206628
-0.982250819046745,-1.65901799226025,12.0788393213743,-1.42383353218213
-1.0170052129379,-1.730498751045,11.9272555543192,-1.48122679974178
-1.05363057258828,-1.80524626589911,11.7783560889623,-1.54147349510706
-1.09219931919525,-1.8834383053819,11.632166611355,-1.6047067531324
-1.13278920183385,-1.96526044235725,11.4887182414672,-1.67106689406924
-1.17548342915028,-2.05090646488972,11.3480480260276,-1.74070166002834
-1.22037081405162,-2.14057879199796,11.2101994811977,-1.81376645488961
-1.26754593164654,-2.23448889348789,11.0752231896684,-1.89042458574919
-1.3171092898364,-2.33285771150644,10.9431774567617,-1.97084750287878
-1.36916751206628,-2.43591608178487,10.8141290319182,-2.05521503490305
-1.42383353218213,-2.54390515187164,10.6881539021753,-2.14371561542048
-1.48122679974178,-2.65707679191958,10.5653381633919,-2.23654649653361
-1.54147349510706,-2.77569399416191,10.4457789774288,-2.33391394398253
-1.6047067531324,-2.90003125564611,10.3295856227612,-2.43603340766604
-1.67106689406924,-3.03037493800841,10.2168806470581,-2.54312966025327
-1.74070166002834,-3.16702359690083,10.1078011307959,-2.65543689527936
-1.81376645488961,-3.31028827229458,10.0025000712503,-2.77319877534433
-1.89042458574919,-3.46049272968286,9.90114789868903,-2.89666841881914
-1.97084750287878,-3.61797363982187,9.80393413395582,-3.02610831181412
-2.05521503490305,-3.7830806830649,9.71106919999505,-3.16179013030213
-2.14371561542048,-3.95617656183405,9.62278639924795,-3.3039944549189
-2.23654649653361,-4.13763690208701,9.53934406927471,-3.45301035830492
-2.33391394398253,-4.32785002158958,9.46102792931066,-3.60913484208949
-2.43603340766604,-4.52721653930277,9.38815363054392,-3.77267209697112
-2.54312966025327,-4.73614879632895,9.3210695223399,-3.94393255952849
-2.65543689527936,-4.95507005456081,9.26015964601491,-4.12323173025709
-2.77319877534433,-5.18441343319326,9.20584696972902,-4.31088871310157
-2.89666841881914,-5.4246205396377,9.15859687013399,-4.50722443417265
-3.02610831181412,-5.67613974308145,9.11892087084397,-4.71255950115017
-3.16179013030213,-5.93942403287985,9.08738064150991,-4.92721165195503
-3.3039944549189,-6.21492839594286,9.06459225794432,-5.15149271659785
-3.45301035830492,-6.50310663857225,9.05123071830034,-5.38570505564778
-3.60913484208949,-6.80440757409154,9.04803469826184,-5.63013739932492
-3.77267209697112,-7.11927047591994,9.05581153386711,-5.88506002051908
-3.94393255952849,-7.4481197060832,9.07544238735339,-6.150719166286
-4.12323173025709,-7.79135839898917,9.10788755992975,-6.42733067449462
-4.31088871310157,-8.14936106310718,9.15419189392221,-6.71507270562668
-4.50722443417265,-8.52246499368557,9.21549015926228,-7.01407751958951
-4.71255950115017,-8.91096035268682,9.29301232868255,-7.32442223475273
-4.92721165195503,-9.31507875998385,9.38808860901627,-7.64611851922673
-5.15149271659785,-9.73498020400907,9.50215405728629,-7.97910117865496
-5.38570505564778,-10.1707381934244,9.63675254507643,-8.32321563534604
-5.63013739932492,-10.6223229516916,9.79353983387295,-8.67820432372032
-5.88506002051908,-11.0895825264317,9.97428543727209,-9.04369206947909
-6.150719166286,-11.5722216955471,10.1808728978351,-9.41917057641067
-6.42733067449462,-12.0697785828585,10.4152980336061,-9.8039822113562
-6.71507270562668,-12.5815989584144,10.6796646410872,-10.1973033584493
-7.01407751958951,-13.1068082532895,10.9761770669014,-10.5981277089506
-7.32442223475273,-13.6442814099284,11.3071289824413,-11.0052499480576
-7.64611851922673,-14.1926108088662,11.6748876235702,-11.4172504385732
-7.97910117865496,-14.7500726507575,12.0818726845032,-11.8324816040641
-8.32321563534604,-15.3145923721409,12.5305290147577,-12.2490568322263
-8.67820432372032,-15.8837098809878,13.0232922413238,-12.6648428570691
-9.04369206947909,-16.4545456540602,13.562546445282,-13.0774566436974
-9.41917057641067,-17.0237690371392,14.150573089151,-13.484267871317
-9.8039822113562,-17.5875704131618,14.789490520387,-13.8824081211723
-10.1973033584493,-18.1416392505239,15.4811835932257,-14.2687878403558
-10.5981277089506,-18.6811503824038,16.2272232983731,-14.6401219787769
-11.0052499480576,-19.2007612558907,17.0287765769489,-14.9929649710508
-11.4172504385732,-19.694623095098,17.8865073573806,-15.3237554936453
-11.8324816040641,-20.1564091103435,18.8004703809262,-15.6288708472279
-12.2490568322263,-20.5793630524388,19.7700001060524,-15.9046904027112
-12.6648428570691,-20.9563710764179,20.7935982976757,-16.1476669498008
-13.0774566436974,-21.2800595540687,21.8688246770285,-16.3544040607576
-13.484267871317,-21.5429207034088,22.9921961797085,-16.5217371388075
-13.8824081211723,-21.7374667326115,24.159101377371,-16.6468150985461
-14.2687878403558,-21.856411827893,25.363737373624,-16.7271793878609
-14.6401219787769,-21.8928791542712,26.5990769952245,-16.7608367253425
-14.9929649710508,-21.840628086357,27.8568739336243,-16.7463220114779
-15.3237554936453,-21.6942944842532,29.1277131212283,-16.6827481491233
-15.6288708472279,-21.4496340820185,30.4011119128296,-16.5698400190353
-15.9046904027112,-21.103757396157,31.6656756164003,-16.4079506582979
-16.1476669498008,-20.6553424511339,32.9093079914458,-16.1980586155351
-16.3544040607576,-20.1048110920366,34.1194733818405,-15.9417464935697
-16.5217371388075,-19.4544547044934,35.2835035566021,-15.641161730331
-16.6468150985461,-18.7084968540854,36.3889376858095,-15.2989616171826
-16.7271793878609,-17.8730830408035,37.4238806147058,-14.9182453348045
-16.7608367253425,-16.9561920197554,38.3773613510892,-14.5024763397618
-16.7463220114779,-15.9674681111046,39.2396721761291,-14.0553987278165
-16.6827481491233,-14.9179794442472,40.0026688556107,-13.5809512296027
-16.5698400190353,-13.8199127118726,40.6600139215253,-13.0831822836104
-16.4079506582979,-12.6862198034571,41.2073485708651,-12.5661692245754
-16.1980586155351,-11.5302353179414,41.6423834627481,-12.0339440792703
-15.9417464935697,-10.3652860376095,41.9649043775842,-11.4904278377426
-15.641161730331,-9.204313566319,42.1766947318609,-10.939374424956
-15.2989616171826,-8.05952967190384,42.2813826036008,-10.3843249847917
-14.9182453348045,-6.94212060526582,42.2842246708788,-9.82857254577524
-14.5024763397618,-5.86201224686717,42.1918428566859,-9.27513668749648
-14.0553987278165,-4.82770289486423,42.0119312704478,-8.72674746894487
-13.5809512296027,-3.84616542269874,41.7529512154358,-8.18583766552861
-13.0831822836104,-2.92281590295526,41.4238307622791,-7.65454218047595
-12.5661692245754,-2.06154200397083,41.033682986912,-7.13470346931386
-12.0339440792703,-1.26478174724511,40.5915538325566,-6.62788180249672
-11.4904278377426,-0.53364164030878,40.1062070906768,-6.13536926441839
-10.939374424956,0.131957292515428,39.5859505759511,-5.65820647542934
-10.3843249847917,0.733116635169717,39.038504486661,-5.19720114345834
-9.82857254577524,1.27179080362503,38.4709103935789,-4.75294767643318
-9.27513668749648,1.75061874568993,37.889477380071,-4.32584721786219
-8.72674746894487,2.1727637091752,37.299760567521,-3.91612759192852
-8.18583766552861,2.54176589337997,36.7065666065281,-3.52386274912752
-7.65454218047595,2.86141105743825,36.1139804893625,-3.14899141641235
-7.13470346931386,3.13561673205478,35.5254082843406,-2.79133472410293
-6.62788180249672,3.36833649245951,34.9436308212501,-2.45061267113328
-6.13536926441839,3.56348174056152,34.3708640515644,-2.1264593470287
-5.65820647542934,3.72485987839379,33.8088224796715,-1.81843686676527
-5.19720114345834,3.85612727607596,33.25878281117,-1.5260480238135
-4.75294767643318,3.96075522572096,32.7216456435441,-1.24874768537435
-4.32584721786219,4.04200699346903,32.1979936423753,-0.985952981773684
-3.91612759192852,4.10292412479912,31.688145180968,-0.737052350850999
-3.52386274912752,4.14632027810686,31.1922028286826,-0.501413512360927
-3.14899141641235,4.17478102214934,30.7100964523654,-0.278390444913059
-2.79133472410293,4.19066822355427,30.2416209172196,-0.0673294486205445
-2.45061267113328,4.19612784646981,29.786468596533,0.132425629265828
-2.1264593470287,4.19310018308576,29.344257019154,0.321528929401867
-1.81843686676527,4.18333170255295,28.9145520463275,0.500628802407175
-1.5260480238135,4.16838787437197,28.4968870353692,0.670364646591218
-1.24874768537435,4.14966645235305,28.0907784439408,0.831364298694227
-0.985952981773684,4.12841083042889,27.6957383321528,0.984241913602142
-0.737052350850999,4.10572317973936,27.3112841925766,1.12959628109217
-0.501413512360927,4.08257715514835,26.9369465094589,1.26800952305824
-0.278390444913059,4.05983002644516,26.5722744092519,1.40004613215552
-0.0673294486205445,4.03823413815761,26.2168397303352,1.52625229827375
0.132425629265828,4.01844764607146,25.8702397989709,1.64715549562261
0.321528929401867,4.00104450802531,25.5320991610607,1.76326428921138
0.500628802407175,3.98652372246273,25.2020704853257,1.87506832740212
0.670364646591218,3.97531783450245,24.8798348217938,1.98303849842046
0.831364298694227,3.96780073153405,24.5651013693426,2.0876272223876
0.984241913602142,3.96429476599337,24.2576068817495,2.18926885462074
1.12959628109217,3.96507723664109,23.957114818363,2.28838018079035
1.26800952305824,3.97038627619955,23.6634143265318,2.38536098750172
1.40004613215552,3.98042617731658,23.376319124897,2.48059469105848
1.52625229827375,3.99537220465128,23.0956663459378,2.57444900872012
1.64715549562261,4.01537492713078,22.8213153781758,2.66727666032554
1.76326428921138,4.04056410694221,22.5531467447979,2.75941608866535
1.87506832740212,4.07105218426854,22.2910610437189,2.8511921881211
1.98303849842046,4.1069373859098,22.0349779667012,2.94291703210904
2.0876272223876,4.14830648859489,21.7848354118938,3.03489059113034
2.18926885462074,4.19523726517116,21.5405886990738,3.12740143322623
2.28838018079035,4.24780063950717,21.3022098924934,3.22072739991486
2.38536098750172,4.30606257034544,21.0696872340242,3.31513625110154
2.48059469105848,4.37008568570467,20.8430246873598,3.41088627281685
2.57444900872012,4.4399306858679,20.6222415927199,3.50822684196116
2.66727666032554,4.51565753093573,20.4073724296794,3.60739894245866
2.75941608866535,4.59732642677161,20.1984666852265,3.7086356273552
2.8511921881211,4.68499862127004,19.9955888235731,3.81216242145319
2.94291703210904,4.77873702074459,19.7988183537304,3.9181976590443
3.03489059113034,4.87860663472624,19.6082499905711,4.0269527512078
3.12740143322623,4.9846748556942,19.4239939050055,4.13863237697746
3.22072739991486,5.09701157826742,19.2461760585356,4.25343459243311
3.31513625110154,5.2156891607696,19.0749386172985,4.37155085130363
3.41088627281685,5.34078223039031,18.9104404404613,4.49316593081757
3.50822684196116,5.47236733151835,18.7528576374873,4.61845775621026
3.60739894245866,5.61052241520184,18.6023841883518,4.74759711646344
3.7086356273552,5.75532616608763,18.4592326202103,4.88074726381042
3.81216242145319,5.90685716164131,18.3236347332689,5.0180633888568
3.9181976590443,6.06519285691666,18.1958423676763,5.15969196275371
4.0269527512078,6.23040838667413,18.0761282020926,5.30576993625639
4.13863237697746,6.40257517522564,17.964786573179,5.45642379321114
4.25343459243311,6.58175934316288,17.8621343035237,5.61176844780216
4.37155085130363,6.76801989951256,17.7685115235356,5.77190597010968
4.49316593081757,6.96140670463841,17.6842824708781,5.93692413282065
4.61845775621026,7.16195819184478,17.6098362471056,6.10689478659262
4.74759711646344,7.36969883259553,17.5455875095168,6.28187205240238
4.88074726381042,7.58463633040159,17.4919770720887,6.46189029101269
5.0180633888568,7.80675852756168,17.4494723852351,6.64696190497836
5.15969196275371,8.03603001336493,17.4185678595252,6.83707494926958
5.30576993625639,8.27238842445314,17.3997849960916,7.03219050364923
5.45642379321114,8.51574042065553,17.3936722757272,7.23223990283298
5.61176844780216,8.76595733515664,17.4008047594265,7.4371217826854
5.77190597010968,9.02287047556418,17.4217833378518,7.64669892763708
5.93692413282065,9.28626611908207,17.457233580683,7.86079502248643
6.10689478659262,9.55588018692845,17.5078041089212,8.07919129835483
6.28187205240238,9.83139259536077,17.5741644043188,8.30162305932901
6.46189029101269,10.1124213195728,17.6570019782022,8.52777624233853
6.64696190497836,10.3985162910959,17.7570188672346,8.75728401944827
6.83707494926958,10.6891530375545,17.8749272583853,8.98972344408225
7.03219050364923,10.983726224699,18.0114442190443,9.22461236825926
7.23223990283298,11.281543239446,18.1672854906576,9.46140661090873
7.4371217826854,11.5818178024169,18.3431581118524,9.69949751448071
7.64669892763708,11.8836638137413,18.5397518537768,9.93821001971973
7.86079502248643,12.1860896434446,18.7577294987768,10.1768013944991
8.07919129835483,12.4879929677966,18.9977156927536,10.4144607263948
8.30162305932901,12.7881564014656,19.2602843728086,10.6503093378036
8.52777624233853,13.0852442099959,19.5459450269039,10.8834022648663
8.75728401944827,13.3778003739617,19.8551273050543,11.1127309392628
8.98972344408225,13.6642482359216,20.1881644361001,11.3372272038066
9.22461236825926,13.9428921413718,20.5452755133023,11.5557687766091
9.46140661090873,14.211921402425,20.9265465750183,11.7671862551068
9.69949751448071,14.4694168941927,21.3319109521854,11.9702717199183
9.93821001971973,14.7133606052598,21.7611291645096,12.1637889590539
10.1768013944991,14.9416485312345,22.2137687013505,12.3464852857044
10.4144607263948,15.1521071308901,22.6891841948882,12.5171048685889
10.6503093378036,15.3425135696586,23.1864985857886,12.6744034342721
10.8834022648663,15.5106198739721,23.7045859350069,12.8171641381486
11.1127309392628,15.6541810182261,24.2420566103981,12.9442143376647
11.3372272038066,15.7709868260289,24.7972456430387,13.054442940523
11.5557687766091,15.8588974075866,25.3682050819992,13.14681794773
11.7671862551068,15.9158816767195,25.95270117896,13.2204037622285
11.9702717199183,15.9400582982115,26.5482171994167,13.2743778149091
12.1637889590539,15.9297382165939,27.1519625784746,13.308046029892
12.3464852857044,15.883467721688,27.7608890111471,13.3208566675781
12.5171048685889,15.8000708272438,28.3717138873043,13.3124121074328
12.6744034342721,15.6786895911462,28.9809512513265,13.2824781825459
12.8171641381486,15.518820903627,29.5849501914742,13.2309907393158
12.9442143376647,15.3203482271278,30.1799402536361,13.1580591761388
13.054442940523,15.0835668010961,30.7620831408674,13.0639668262795
13.14681794773,14.8092009342177,31.3275296281308,12.9491681330417
13.2204037622285,14.4984121987407,31.8724802827041,12.8142826949518
13.2743778149091,14.1527976176951,32.393248346279,12.6600863479539
13.308046029892,13.7743772872666,32.8863228563556,12.4874995433024
13.3208566675781,13.3655712872646,33.3484299872469,12.297573394111
13.3124121074328,12.9291661797832,33.7765905435685,12.091473770386
13.2824781825459,12.4682718444484,34.1681716179979,11.8704639375437
13.2309907393158,11.9862697956094,34.520930621883,11.6358861985511
13.1580591761388,11.4867546229193,34.8330501041867,11.3891430270849
13.0639668262795,10.9734704025981,35.103162233288,11.1316781851951
12.9491681330417,10.4502441300673,35.3303622326021,10.8649582237587
12.8142826949518,9.9209184793584,35.5142104804895,10.5904547890054
12.6600863479539,9.38928599071917,35.6547235210608,10.3096280547356
12.4874995433024,8.85902676402526,35.7523546744627,10.0239115335062
12.297573394111,8.33365155170822,35.8079653156415,9.73469849105157
12.091473770386,7.8164516698575,35.8227882281239,9.44333008752653
11.8704639375437,7.31045698257141,35.7983847058066,9.15108531670488
11.6358861985511,6.81840264484528,35.7365971382482,8.85917276010138
11.3891430270849,6.34270496124721,35.6394989279092,8.56872412822617
11.1316781851951,5.88544635230772,35.5093434933931,8.28078950945957
10.8649582237587,5.44836899554655,35.348513945017,7.99633421988543
10.5904547890054,5.03287649882305,35.1594749063929,7.71623712287689
10.3096280547356,4.6400427077684,34.9447276206081,7.44129027022461
10.0239115335062,4.27062658564682,34.7067692512438,7.17219970707964
9.73469849105157,3.92509203715217,34.4480570474057,6.9095872797712
9.44333008752653,3.6036315292971,34.1709777236899,6.65399328732142
9.15108531670488,3.30619237612633,33.877822199838,6.40587982324182
8.85917276010138,3.03250464568246,33.5707656294526,6.16563466357796
8.56872412822617,2.78210973872646,33.2518524872951,5.93357556944592
8.28078950945957,2.55438883031575,32.922986336079,5.70995488673508
7.99633421988543,2.3485904963657,32.5859238110125,5.49496432472718
7.71623712287689,2.16385698504283,32.2422723020619,5.2887398349536
7.44129027022461,1.99924872792446,31.8934907864827,5.09136649996622
7.17219970707964,1.85376681015415,31.5408932639962,4.90288337056981
6.9095872797712,1.72637322830875,31.1856542677583,4.72328819473451
6.65399328732142,1.61600885809592,30.8288159598884,4.55254199279599
6.40587982324182,1.52160913195505,30.471296366336,4.39057344014372
6.16563466357796,1.44211748966413,30.1138983593408,4.23728304020498
5.93357556944592,1.37649671240581,29.7573190532049,4.09254705528025
5.70995488673508,1.32373828262484,29.402159336665,3.95622120557457
5.49496432472718,1.28286992094841,29.0489332948126,3.82814410478919
5.2887398349536,1.25296149700984,28.6980773633777,3.708140444091
5.09136649996622,1.23312947834717,28.3499590611484,3.59602392570819
4.90288337056981,1.22254010453169,28.0048852179679,3.49159994759553
4.72328819473451,1.22041145294369,27.6631096285674,3.3946680488559
4.55254199279599,1.22601455732298,27.3248400948334,3.30502412476524
4.39057344014372,1.23867373059776,26.9902448372074,3.22246242208915
4.23728304020498,1.25776622732595,26.6594582907388,3.14677732652623
4.09254705528025,1.28272137115691,26.3325862916626,3.07776495472019
3.95622120557457,1.31301924692623,26.0097107040605,3.0152245636234
3.82814410478919,1.34818906199821,25.6908934919012,2.95895979011495
3.708140444091,1.38780725609118,25.3761802967262,2.90877973369005
3.59602392570819,1.43149542873373,25.0656035604712,2.86449989479877
3.49159994759553,1.4789181472865,24.7591852330411,2.82594298104917
3.3946680488559,1.52978068512737,24.4569391100075,2.79293959302379
3.30502412476524,1.58382673235009,24.1588728417696,2.76532880092668
3.22246242208915,1.6408361137409,23.8649896538255,2.74295862269058
3.14677732652623,1.70062254203936,23.5752898154557,2.72568641347589
3.07776495472019,1.76303142876715,23.2897718913273,2.71337917613988
3.0152245636234,1.82793776996546,23.0084338076015,2.70591380104873
2.95895979011495,1.89524411993573,22.7312737612279,2.70317724345241
2.90877973369005,1.96487866246887,22.4582909982327,2.70506664579304
2.86449989479877,2.03679338599152,22.1894864840655,2.71148941149003
2.82594298104917,2.11096236648132,21.9248634865071,2.72236323633467
2.79293959302379,2.1873801598556,21.6644280892328,2.73761610294683
2.76532880092668,2.26606030373852,21.408189651968,2.75718624305159
2.74295862269058,2.34703392702905,21.1561612311933,2.78102207176871
2.72568641347589,2.43034846447692,20.9083599736206,2.80908209750834
2.71337917613988,2.51606647240016,20.6648074930609,2.84133481047762
2.70591380104873,2.60426454099349,20.4255302400367,2.87775855233953
2.70317724345241,2.69503229787029,20.1905598722306,2.918341369599
2.70506664579304,2.78847149685089,19.9599336329276,2.96308085057939
2.71148941149003,2.88469518572244,19.7336947437632,3.01198394753901
2.72236323633467,2.98382694634393,19.5118928172325,3.06506678432457
2.73761610294683,3.08600019979525,19.2945842939875,3.12235444925824
2.75718624305159,3.19135756922432,19.0818329093687,3.18388077485363
2.78102207176871,3.30005029266765,18.8737101932187,3.249688097852
2.80908209750834,3.41223767781983,18.6702960067083,3.31982699991399
2.84133481047762,3.52808659038941,18.4716791196898,3.39435602900639
2.87775855233953,3.64777096740267,18.2779578316865,3.47334139824334
2.918341369599,3.77147134611057,18.0892406390639,3.55685665201746
2.96308085057939,3.89937439939611,17.9056469523275,3.64498229970742
3.01198394753901,4.03167246861073,17.7273078643565,3.73780542171033
3.06506678432457,4.16856308182658,17.5543669738744,3.83541921287935
3.12235444925824,4.31024844625135,17.3869812665754,3.93792250071876
3.18388077485363,4.45693490318937,17.2253220519869,4.04541917436936
3.249688097852,4.60883233623654,17.0695759602477,4.15801759423303
3.31982699991399,4.76615351714812,16.9199460008813,4.27582986371007
3.39435602900639,4.92911336724101,16.776652687234,4.39897108863963
3.47334139824334,5.09792813309603,16.6399352105572,4.527558472062
3.55685665201746,5.27281445907365,16.5100526785679,4.6617103555156
3.64498229970742,5.45398830213137,16.3872854308425,4.80154511268363
3.73780542171033,5.64166376095122,16.2719363529739,4.94717990213745
3.83541921287935,5.83605163997505,16.1643323311642,5.09872931589491
3.93792250071876,6.03735797475855,16.064825618685,5.25630379170499
4.04541917436936,6.24578211507419,15.9737954069609,5.42000793234309
4.15801759423303,6.4615148849767,15.8916492020521,5.58993855475348
4.27582986371007,6.6847361041719,15.8188244366693,5.76618256240126
4.39897108863963,6.91561220706853,15.7557898512927,5.94881461024896
4.527558472062,7.15429315888853,15.7030470176239,6.13789447019597
4.6617103555156,7.40090937237451,15.6611316584215,6.33346418545074
4.80154511268363,7.65556793313073,15.6306149542335,6.5355449541455
