window_size,final_rollout_rmse
10,15.754461916630936
20,16.575169609368327
50,111.0108343740216
