,RMSE,MAE,R2
Persistence,2.210355500225556,1.8253715833291393,0.920768680273013
Linear Regression,0.5457306361593464,0.44367033959690116,0.9951701982743737
Random Forest,0.0805418028790093,0.05073237093775589,0.9998948001001777
MLP,0.07565480202868474,0.05990678201390002,0.9999071791307944
