model,rollout_step,state_error,squared_state_error,abs_error_x,abs_error_y,abs_error_z,true_x,true_y,true_z,pred_x,pred_y,pred_z,cumulative_RMSE_state
Linear Regression,1,0.224339023513066,0.0503279974707961,0,0,0,0,0,0,0,0,0,0.224339023513066
Linear Regression,2,0.446199188150131,0.199093715505836,0,0,0,0,0,0,0,0,0,0.446199188150131
Linear Regression,3,0.665607884336769,0.44303385569127,0,0,0,0,0,0,0,0,0,0.665607884336769
Linear Regression,4,0.882592199845017,0.778968991227267,0,0,0,0,0,0,0,0,0,0.882592199845017
Linear Regression,5,1.09717892313758,1.20380158937733,0,0,0,0,0,0,0,0,0,1.09717892313758
Linear Regression,6,1.30939454667506,1.71451407886238,0,0,0,0,0,0,0,0,0,1.30939454667506
Linear Regression,7,1.5192652701867,2.30816696119547,0,0,0,0,0,0,0,0,0,1.5192652701867
Linear Regression,8,1.72681700390494,2.98189696497524,0,0,0,0,0,0,0,0,0,1.72681700390494
Linear Regression,9,1.93207537176422,3.73291524217786,0,0,0,0,0,0,0,0,0,1.93207537176422
Linear Regression,10,2.13506571456449,4.55850560550879,0,0,0,0,0,0,0,0,0,2.13506571456449
Linear Regression,11,2.33581309309973,5.45602280589611,0,0,0,0,0,0,0,0,0,2.33581309309973
Linear Regression,12,2.53434229125188,6.42289084922783,0,0,0,0,0,0,0,0,0,2.53434229125188
Linear Regression,13,2.73067781905066,7.45660135145529,0,0,0,0,0,0,0,0,0,2.73067781905066
Linear Regression,14,2.9248439156995,8.55471193120439,0,0,0,0,0,0,0,0,0,2.9248439156995
Linear Regression,15,3.11686455256805,9.71484463905522,0,0,0,0,0,0,0,0,0,3.11686455256805
Linear Regression,16,3.30676343615166,10.9346844226696,0,0,0,0,0,0,0,0,0,3.30676343615166
Linear Regression,17,3.49456401099816,12.2119776269636,0,0,0,0,0,0,0,0,0,3.49456401099816
Linear Regression,18,3.68028946260223,13.544530528541,0,0,0,0,0,0,0,0,0,3.68028946260223
Linear Regression,19,3.86396272026786,14.9302079036198,0,0,0,0,0,0,0,0,0,3.86396272026786
Linear Regression,20,4.04560645993917,16.3669316287015,0,0,0,0,0,0,0,0,0,4.04560645993917
Linear Regression,21,4.22524310699991,17.8526793132503,0,0,0,0,0,0,0,0,0,4.22524310699991
Linear Regression,22,4.40289483904209,19.3854829636635,0,0,0,0,0,0,0,0,0,4.40289483904209
Linear Regression,23,4.57858358860394,20.9634276778334,0,0,0,0,0,0,0,0,0,4.57858358860394
Linear Regression,24,4.7523310458777,22.584650369613,0,0,0,0,0,0,0,0,0,4.7523310458777
Linear Regression,25,4.92415866138741,24.2473385225166,0,0,0,0,0,0,0,0,0,4.92415866138741
Linear Regression,26,5.09408764863718,25.9497289719979,0,0,0,0,0,0,0,0,0,5.09408764863718
Linear Regression,27,5.26213898673017,27.6901067156656,0,0,0,0,0,0,0,0,0,5.26213898673017
Linear Regression,28,5.42833342295859,29.4668037508094,0,0,0,0,0,0,0,0,0,5.42833342295859
Linear Regression,29,5.59269147536518,31.2781979386223,0,0,0,0,0,0,0,0,0,5.59269147536518
Linear Regression,30,5.75523343527626,33.1227118945218,0,0,0,0,0,0,0,0,0,5.75523343527626
Linear Regression,31,5.91597936980692,34.9988119039811,0,0,0,0,0,0,0,0,0,5.91597936980692
Linear Regression,32,6.07494912433843,36.9050068633003,0,0,0,0,0,0,0,0,0,6.07494912433843
Linear Regression,33,6.23216232496833,38.8398472447547,0,0,0,0,0,0,0,0,0,6.23216232496833
Linear Regression,34,6.38763838093341,40.8019240855736,0,0,0,0,0,0,0,0,0,6.38763838093341
Linear Regression,35,6.54139648700596,42.789868000214,0,0,0,0,0,0,0,0,0,6.54139648700596
Linear Regression,36,6.69345562586351,44.8023482154039,0,0,0,0,0,0,0,0,0,6.69345562586351
Linear Regression,37,6.84383457043238,46.8380716274453,0,0,0,0,0,0,0,0,0,6.84383457043238
Linear Regression,38,6.99255188620537,48.8957818812743,0,0,0,0,0,0,0,0,0,6.99255188620537
Linear Regression,39,7.13962593353382,50.9742584707886,0,0,0,0,0,0,0,0,0,7.13962593353382
Linear Regression,40,7.28507486989432,53.0723158599657,0,0,0,0,0,0,0,0,0,7.28507486989432
Linear Regression,41,7.42891665213042,55.1888026243007,0,0,0,0,0,0,0,0,0,7.42891665213042
Linear Regression,42,7.57116903866955,57.3226006121084,0,0,0,0,0,0,0,0,0,7.57116903866955
Linear Regression,43,7.71184959171541,59.4726241252411,0,0,0,0,0,0,0,0,0,7.71184959171541
Linear Regression,44,7.8509756794162,61.6378191187846,0,0,0,0,0,0,0,0,0,7.8509756794162
Linear Regression,45,7.98856447800883,63.8171624193045,0,0,0,0,0,0,0,0,0,7.98856447800883
Linear Regression,46,8.12463297393949,66.0096609612249,0,0,0,0,0,0,0,0,0,8.12463297393949
Linear Regression,47,8.25919796596077,68.2143510409305,0,0,0,0,0,0,0,0,0,8.25919796596077
Linear Regression,48,8.39227606720554,70.4302975881909,0,0,0,0,0,0,0,0,0,8.39227606720554
Linear Regression,49,8.52388370723805,72.6565934545183,0,0,0,0,0,0,0,0,0,8.52388370723805
Linear Regression,50,8.65403713408226,74.8923587180747,0,0,0,0,0,0,0,0,0,8.65403713408226
Linear Regression,51,8.78275241622777,77.1367400047548,0,0,0,0,0,0,0,0,0,8.78275241622777
Linear Regression,52,8.91004544461366,79.3889098250806,0,0,0,0,0,0,0,0,0,8.91004544461366
Linear Regression,53,9.03593193459028,81.6480659265485,0,0,0,0,0,0,0,0,0,9.03593193459028
Linear Regression,54,9.16042742785951,83.9134306610808,0,0,0,0,0,0,0,0,0,9.16042742785951
Linear Regression,55,9.28354729439345,86.18425036724,0,0,0,0,0,0,0,0,0,9.28354729439345
Linear Regression,56,9.40530673433201,88.4597947668711,0,0,0,0,0,0,0,0,0,9.40530673433201
Linear Regression,57,9.52572077985946,90.7393563758463,0,0,0,0,0,0,0,0,0,9.52572077985946
Linear Regression,58,9.64480429706028,93.0222499285925,0,0,0,0,0,0,0,0,0,9.64480429706028
Linear Regression,59,9.76257198775453,95.3078118160894,0,0,0,0,0,0,0,0,0,9.76257198775453
Linear Regression,60,9.87903839131285,97.5953995370331,0,0,0,0,0,0,0,0,0,9.87903839131285
Linear Regression,61,9.99421788645151,99.8843911618673,0,0,0,0,0,0,0,0,0,9.99421788645151
Linear Regression,62,10.1081246930076,102.174184809389,0,0,0,0,0,0,0,0,0,10.1081246930076
Linear Regression,63,10.2207728736944,104.464198135647,0,0,0,0,0,0,0,0,0,10.2207728736944
Linear Regression,64,10.3321763358379,106.753867834849,0,0,0,0,0,0,0,0,0,10.3321763358379
Linear Regression,65,10.4423488330934,109.042649152008,0,0,0,0,0,0,0,0,0,10.4423488330934
Linear Regression,66,10.5513039671437,111.330015407063,0,0,0,0,0,0,0,0,0,10.5513039671437
Linear Regression,67,10.6590551893784,113.615457530214,0,0,0,0,0,0,0,0,0,10.6590551893784
Linear Regression,68,10.7656158025542,115.898483608205,0,0,0,0,0,0,0,0,0,10.7656158025542
Linear Regression,69,10.8709989624379,118.178618441325,0,0,0,0,0,0,0,0,0,10.8709989624379
Linear Regression,70,10.9752176794298,120.455403110869,0,0,0,0,0,0,0,0,0,10.9752176794298
Linear Regression,71,11.0782848201707,122.728394556825,0,0,0,0,0,0,0,0,0,11.0782848201707
Linear Regression,72,11.1802131091298,124.997165165559,0,0,0,0,0,0,0,0,0,11.1802131091298
Linear Regression,73,11.281015130176,127.261302367261,0,0,0,0,0,0,0,0,0,11.281015130176
Linear Regression,74,11.3807033281313,129.520408242939,0,0,0,0,0,0,0,0,0,11.3807033281313
Linear Regression,75,11.4792900103071,131.774099140737,0,0,0,0,0,0,0,0,0,11.4792900103071
Linear Regression,76,11.5767873480241,134.022005301372,0,0,0,0,0,0,0,0,0,11.5767873480241
Linear Regression,77,11.6732073781145,136.263770492467,0,0,0,0,0,0,0,0,0,11.6732073781145
Linear Regression,78,11.7685620044081,138.499051651598,0,0,0,0,0,0,0,0,0,11.7685620044081
Linear Regression,79,11.8628629992021,140.727518537838,0,0,0,0,0,0,0,0,0,11.8628629992021
Linear Regression,80,11.9561220047145,142.948853391617,0,0,0,0,0,0,0,0,0,11.9561220047145
Linear Regression,81,12.0483505345211,145.162750602694,0,0,0,0,0,0,0,0,0,12.0483505345211
Linear Regression,82,12.1395599749773,147.368916386071,0,0,0,0,0,0,0,0,0,12.1395599749773
Linear Regression,83,12.2297615866238,149.567068465659,0,0,0,0,0,0,0,0,0,12.2297615866238
Linear Regression,84,12.3189665055765,151.756935765516,0,0,0,0,0,0,0,0,0,12.3189665055765
Linear Regression,85,12.4071857449018,153.938258108493,0,0,0,0,0,0,0,0,0,12.4071857449018
Linear Regression,86,12.4944301959757,156.110785922108,0,0,0,0,0,0,0,0,0,12.4944301959757
Linear Regression,87,12.5807106298289,158.274279951491,0,0,0,0,0,0,0,0,0,12.5807106298289
Linear Regression,88,12.6660376984766,160.42851097923,0,0,0,0,0,0,0,0,0,12.6660376984766
Linear Regression,89,12.750421936233,162.573259551971,0,0,0,0,0,0,0,0,0,12.750421936233
Linear Regression,90,12.8338737610124,164.708315713603,0,0,0,0,0,0,0,0,0,12.8338737610124
Linear Regression,91,12.9164034756154,166.833478744889,0,0,0,0,0,0,0,0,0,12.9164034756154
Linear Regression,92,12.9980212690003,168.948556909383,0,0,0,0,0,0,0,0,0,12.9980212690003
Linear Regression,93,13.0787372175415,171.053367205506,0,0,0,0,0,0,0,0,0,13.0787372175415
Linear Regression,94,13.1585612862737,173.147735124621,0,0,0,0,0,0,0,0,0,13.1585612862737
Linear Regression,95,13.2375033301214,175.231494414974,0,0,0,0,0,0,0,0,0,13.2375033301214
Linear Regression,96,13.3155730951162,177.304486851382,0,0,0,0,0,0,0,0,0,13.3155730951162
Linear Regression,97,13.3927802195999,179.366562010506,0,0,0,0,0,0,0,0,0,13.3927802195999
Linear Regression,98,13.4691342354143,181.41757705161,0,0,0,0,0,0,0,0,0,13.4691342354143
Linear Regression,99,13.5446445690782,183.457396502659,0,0,0,0,0,0,0,0,0,13.5446445690782
Linear Regression,100,13.6193205429507,185.48589205164,0,0,0,0,0,0,0,0,0,13.6193205429507
Linear Regression,101,13.6931713763829,187.502942342992,0,0,0,0,0,0,0,0,0,13.6931713763829
Linear Regression,102,13.7662061868553,189.508432779014,0,0,0,0,0,0,0,0,0,13.7662061868553
Linear Regression,103,13.838433991104,191.502255326144,0,0,0,0,0,0,0,0,0,13.838433991104
Linear Regression,104,13.9098637062337,193.484308325996,0,0,0,0,0,0,0,0,0,13.9098637062337
Linear Regression,105,13.9805041508182,195.454496311046,0,0,0,0,0,0,0,0,0,13.9805041508182
Linear Regression,106,14.0503640459901,197.41272982485,0,0,0,0,0,0,0,0,0,14.0503640459901
Linear Regression,107,14.1194520165163,199.358925246705,0,0,0,0,0,0,0,0,0,14.1194520165163
Linear Regression,108,14.1877765918637,201.293004620635,0,0,0,0,0,0,0,0,0,14.1877765918637
Linear Regression,109,14.2553462072519,203.21489548861,0,0,0,0,0,0,0,0,0,14.2553462072519
Linear Regression,110,14.3221692046944,205.124530727898,0,0,0,0,0,0,0,0,0,14.3221692046944
Linear Regression,111,14.388253834029,207.021848392452,0,0,0,0,0,0,0,0,0,14.388253834029
Linear Regression,112,14.4536082539359,208.906791558243,0,0,0,0,0,0,0,0,0,14.4536082539359
Linear Regression,113,14.5182405329448,210.779308172441,0,0,0,0,0,0,0,0,0,14.5182405329448
Linear Regression,114,14.5821586504316,212.639350906358,0,0,0,0,0,0,0,0,0,14.5821586504316
Linear Regression,115,14.6453704976031,214.486877012065,0,0,0,0,0,0,0,0,0,14.6453704976031
Linear Regression,116,14.7078838784714,216.3218481826,0,0,0,0,0,0,0,0,0,14.7078838784714
Linear Regression,117,14.7697065108172,218.144230415676,0,0,0,0,0,0,0,0,0,14.7697065108172
Linear Regression,118,14.8308460271427,219.953993880814,0,0,0,0,0,0,0,0,0,14.8308460271427
Linear Regression,119,14.8913099756141,221.751112789823,0,0,0,0,0,0,0,0,0,14.8913099756141
Linear Regression,120,14.9511058209931,223.535565270533,0,0,0,0,0,0,0,0,0,14.9511058209931
Linear Regression,121,15.0102409455588,225.307333243729,0,0,0,0,0,0,0,0,0,15.0102409455588
Linear Regression,122,15.068722650019,227.066402303196,0,0,0,0,0,0,0,0,0,15.068722650019
Linear Regression,123,15.1265581544115,228.812761598793,0,0,0,0,0,0,0,0,0,15.1265581544115
Linear Regression,124,15.1837545989955,230.546403722516,0,0,0,0,0,0,0,0,0,15.1837545989955
Linear Regression,125,15.240319045133,232.267324597444,0,0,0,0,0,0,0,0,0,15.240319045133
Linear Regression,126,15.2962584761609,233.975523369526,0,0,0,0,0,0,0,0,0,15.2962584761609
Linear Regression,127,15.3515797982529,235.671002302126,0,0,0,0,0,0,0,0,0,15.3515797982529
Linear Regression,128,15.406289841272,237.35376667328,0,0,0,0,0,0,0,0,0,15.406289841272
Linear Regression,129,15.460395359614,239.023824675574,0,0,0,0,0,0,0,0,0,15.460395359614
Linear Regression,130,15.5139030330413,240.681187318607,0,0,0,0,0,0,0,0,0,15.5139030330413
Linear Regression,131,15.5668194675074,242.325868333967,0,0,0,0,0,0,0,0,0,15.5668194675074
Linear Regression,132,15.6191511959727,243.957884082656,0,0,0,0,0,0,0,0,0,15.6191511959727
Linear Regression,133,15.6709046792109,245.577253464914,0,0,0,0,0,0,0,0,0,15.6709046792109
Linear Regression,134,15.7220863066066,247.183997832388,0,0,0,0,0,0,0,0,0,15.7220863066066
Linear Regression,135,15.7727023969444,248.778140902574,0,0,0,0,0,0,0,0,0,15.7727023969444
Linear Regression,136,15.8227591991884,250.3597086755,0,0,0,0,0,0,0,0,0,15.8227591991884
Linear Regression,137,15.8722628932544,251.92872935258,0,0,0,0,0,0,0,0,0,15.8722628932544
Linear Regression,138,15.9212195907725,253.485233257597,0,0,0,0,0,0,0,0,0,15.9212195907725
Linear Regression,139,15.9696353358415,255.029252759758,0,0,0,0,0,0,0,0,0,15.9696353358415
Linear Regression,140,16.0175161057755,256.560822198778,0,0,0,0,0,0,0,0,0,16.0175161057755
Linear Regression,141,16.0648678118414,258.079977811939,0,0,0,0,0,0,0,0,0,16.0648678118414
Linear Regression,142,16.1116962999891,259.586757663081,0,0,0,0,0,0,0,0,0,16.1116962999891
Linear Regression,143,16.1580073515727,261.081201573477,0,0,0,0,0,0,0,0,0,16.1580073515727
Linear Regression,144,16.2038066840649,262.563351054548,0,0,0,0,0,0,0,0,0,16.2038066840649
Linear Regression,145,16.2490999517626,264.03324924237,0,0,0,0,0,0,0,0,0,16.2490999517626
Linear Regression,146,16.2938927464845,265.49094083394,0,0,0,0,0,0,0,0,0,16.2938927464845
Linear Regression,147,16.3381905982623,266.936472025147,0,0,0,0,0,0,0,0,0,16.3381905982623
Linear Regression,148,16.3819989760229,268.369890450415,0,0,0,0,0,0,0,0,0,16.3819989760229
Linear Regression,149,16.4253232882635,269.791245123973,0,0,0,0,0,0,0,0,0,16.4253232882635
Linear Regression,150,16.4681688837198,271.200586382718,0,0,0,0,0,0,0,0,0,16.4681688837198
Linear Regression,151,16.5105410520258,272.597965830631,0,0,0,0,0,0,0,0,0,16.5105410520258
Linear Regression,152,16.5524450243673,273.983436284702,0,0,0,0,0,0,0,0,0,16.5524450243673
Linear Regression,153,16.5938859741274,275.357051722341,0,0,0,0,0,0,0,0,0,16.5938859741274
Linear Regression,154,16.6348690175253,276.718867230223,0,0,0,0,0,0,0,0,0,16.6348690175253
Linear Regression,155,16.6753992142481,278.068938954546,0,0,0,0,0,0,0,0,0,16.6753992142481
Linear Regression,156,16.7154815680753,279.407324052665,0,0,0,0,0,0,0,0,0,16.7154815680753
Linear Regression,157,16.7551210274965,280.734080646056,0,0,0,0,0,0,0,0,0,16.7551210274965
Linear Regression,158,16.7943224863225,282.049267774598,0,0,0,0,0,0,0,0,0,16.7943224863225
Linear Regression,159,16.8330907842894,283.352945352129,0,0,0,0,0,0,0,0,0,16.8330907842894
Linear Regression,160,16.871430707656,284.645174123238,0,0,0,0,0,0,0,0,0,16.871430707656
Linear Regression,161,16.9093469897949,285.926015621286,0,0,0,0,0,0,0,0,0,16.9093469897949
Linear Regression,162,16.9468443117768,287.1955321276,0,0,0,0,0,0,0,0,0,16.9468443117768
Linear Regression,163,16.9839273029482,288.453786631829,0,0,0,0,0,0,0,0,0,16.9839273029482
Linear Regression,164,17.0206005415033,289.700842793424,0,0,0,0,0,0,0,0,0,17.0206005415033
Linear Regression,165,17.0568685550491,290.936764904224,0,0,0,0,0,0,0,0,0,17.0568685550491
Linear Regression,166,17.0927358211642,292.161617852109,0,0,0,0,0,0,0,0,0,17.0927358211642
Linear Regression,167,17.1282067679516,293.375467085701,0,0,0,0,0,0,0,0,0,17.1282067679516
Linear Regression,168,17.1632857745855,294.578378580091,0,0,0,0,0,0,0,0,0,17.1632857745855
Linear Regression,169,17.1979771718523,295.770418803552,0,0,0,0,0,0,0,0,0,17.1979771718523
Linear Regression,170,17.2322852426844,296.951654685237,0,0,0,0,0,0,0,0,0,17.2322852426844
Linear Regression,171,17.2662142226897,298.122153583812,0,0,0,0,0,0,0,0,0,17.2662142226897
Linear Regression,172,17.2997683006743,299.281983257015,0,0,0,0,0,0,0,0,0,17.2997683006743
Linear Regression,173,17.3329516191596,300.431211832126,0,0,0,0,0,0,0,0,0,17.3329516191596
Linear Regression,174,17.3657682748936,301.569907777302,0,0,0,0,0,0,0,0,0,17.3657682748936
Linear Regression,175,17.3982223193572,302.698139873778,0,0,0,0,0,0,0,0,0,17.3982223193572
Linear Regression,176,17.4303177592636,303.815977188898,0,0,0,0,0,0,0,0,0,17.4303177592636
Linear Regression,177,17.4620585570535,304.923489049966,0,0,0,0,0,0,0,0,0,17.4620585570535
Linear Regression,178,17.4934486313844,306.020745018885,0,0,0,0,0,0,0,0,0,17.4934486313844
Linear Regression,179,17.5244918576139,307.107814867576,0,0,0,0,0,0,0,0,0,17.5244918576139
Linear Regression,180,17.5551920682785,308.184768554149,0,0,0,0,0,0,0,0,0,17.5551920682785
Linear Regression,181,17.5855530535667,309.251676199809,0,0,0,0,0,0,0,0,0,17.5855530535667
Linear Regression,182,17.6155785617868,310.308608066481,0,0,0,0,0,0,0,0,0,17.6155785617868
Linear Regression,183,17.6452722998298,311.35563453514,0,0,0,0,0,0,0,0,0,17.6452722998298
Linear Regression,184,17.674637933627,312.392826084806,0,0,0,0,0,0,0,0,0,17.674637933627
Linear Regression,185,17.7036790886026,313.420253272225,0,0,0,0,0,0,0,0,0,17.7036790886026
Linear Regression,186,17.7323993501213,314.437986712181,0,0,0,0,0,0,0,0,0,17.7323993501213
Linear Regression,187,17.7608022639308,315.446097058449,0,0,0,0,0,0,0,0,0,17.7608022639308
Linear Regression,188,17.7888913365998,316.444654985355,0,0,0,0,0,0,0,0,0,17.7888913365998
Linear Regression,189,17.8166700359507,317.433731169944,0,0,0,0,0,0,0,0,0,17.8166700359507
Linear Regression,190,17.8441417914879,318.413396274725,0,0,0,0,0,0,0,0,0,17.8441417914879
Linear Regression,191,17.871309994821,319.383720930987,0,0,0,0,0,0,0,0,0,17.871309994821
Linear Regression,192,17.8981780000836,320.344775722677,0,0,0,0,0,0,0,0,0,17.8981780000836
Linear Regression,193,17.9247491243477,321.296631170803,0,0,0,0,0,0,0,0,0,17.9247491243477
Linear Regression,194,17.9510266480326,322.239357718376,0,0,0,0,0,0,0,0,0,17.9510266480326
Linear Regression,195,17.9770138153105,323.173025715864,0,0,0,0,0,0,0,0,0,17.9770138153105
Linear Regression,196,18.0027138345066,324.097705407135,0,0,0,0,0,0,0,0,0,18.0027138345066
Linear Regression,197,18.0281298784954,325.0134669159,0,0,0,0,0,0,0,0,0,18.0281298784954
Linear Regression,198,18.0532650850925,325.92038023262,0,0,0,0,0,0,0,0,0,18.0532650850925
Linear Regression,199,18.0781225574417,326.818515201882,0,0,0,0,0,0,0,0,0,18.0781225574417
Linear Regression,200,18.1027053643983,327.707941510214,0,0,0,0,0,0,0,0,0,18.1027053643983
Linear Regression,201,18.1270165409079,328.588728674349,0,0,0,0,0,0,0,0,0,18.1270165409079
Linear Regression,202,18.1510590883813,329.46094602991,0,0,0,0,0,0,0,0,0,18.1510590883813
Linear Regression,203,18.1748359750647,330.324662720508,0,0,0,0,0,0,0,0,0,18.1748359750647
Linear Regression,204,18.1983501364065,331.179947687248,0,0,0,0,0,0,0,0,0,18.1983501364065
Linear Regression,205,18.2216044754194,332.026869658624,0,0,0,0,0,0,0,0,0,18.2216044754194
Linear Regression,206,18.244601863039,332.865497140805,0,0,0,0,0,0,0,0,0,18.244601863039
Linear Regression,207,18.2673451384781,333.695898408278,0,0,0,0,0,0,0,0,0,18.2673451384781
Linear Regression,208,18.2898371095774,334.518141494874,0,0,0,0,0,0,0,0,0,18.2898371095774
Linear Regression,209,18.3120805531521,335.33229418513,0,0,0,0,0,0,0,0,0,18.3120805531521
Linear Regression,210,18.3340782153345,336.138424006002,0,0,0,0,0,0,0,0,0,18.3340782153345
Linear Regression,211,18.3558328119133,336.936598218913,0,0,0,0,0,0,0,0,0,18.3558328119133
Linear Regression,212,18.3773470286689,337.726883812125,0,0,0,0,0,0,0,0,0,18.3773470286689
Linear Regression,213,18.3986235217047,338.509347493424,0,0,0,0,0,0,0,0,0,18.3986235217047
Linear Regression,214,18.4196649177752,339.284055683118,0,0,0,0,0,0,0,0,0,18.4196649177752
Linear Regression,215,18.4404738146105,340.051074507334,0,0,0,0,0,0,0,0,0,18.4404738146105
Linear Regression,216,18.4610527812365,340.810469791598,0,0,0,0,0,0,0,0,0,18.4610527812365
Linear Regression,217,18.4814043582925,341.562307054713,0,0,0,0,0,0,0,0,0,18.4814043582925
Linear Regression,218,18.5015310583448,342.306651502899,0,0,0,0,0,0,0,0,0,18.5015310583448
Linear Regression,219,18.5214353661968,343.043568024205,0,0,0,0,0,0,0,0,0,18.5214353661968
Linear Regression,220,18.5411197391956,343.773121183189,0,0,0,0,0,0,0,0,0,18.5411197391956
Linear Regression,221,18.5605866075358,344.495375215837,0,0,0,0,0,0,0,0,0,18.5605866075358
Linear Regression,222,18.5798383745591,345.21039402474,0,0,0,0,0,0,0,0,0,18.5798383745591
Linear Regression,223,18.5988774170515,345.918241174508,0,0,0,0,0,0,0,0,0,18.5988774170515
Linear Regression,224,18.6177060855361,346.618979887407,0,0,0,0,0,0,0,0,0,18.6177060855361
Linear Regression,225,18.6363267045638,347.312673039237,0,0,0,0,0,0,0,0,0,18.6363267045638
Linear Regression,226,18.6547415730001,347.99938315542,0,0,0,0,0,0,0,0,0,18.6547415730001
Linear Regression,227,18.6729529643091,348.679172407299,0,0,0,0,0,0,0,0,0,18.6729529643091
Linear Regression,228,18.6909631268336,349.352102608654,0,0,0,0,0,0,0,0,0,18.6909631268336
Linear Regression,229,18.7087742840735,350.018235212411,0,0,0,0,0,0,0,0,0,18.7087742840735
Linear Regression,230,18.7263886349597,350.677631307548,0,0,0,0,0,0,0,0,0,18.7263886349597
Linear Regression,231,18.7438083541258,351.330351616194,0,0,0,0,0,0,0,0,0,18.7438083541258
Linear Regression,232,18.7610355921764,351.97645649091,0,0,0,0,0,0,0,0,0,18.7610355921764
Linear Regression,233,18.7780724759531,352.616005912146,0,0,0,0,0,0,0,0,0,18.7780724759531
Linear Regression,234,18.7949211087963,353.249059485878,0,0,0,0,0,0,0,0,0,18.7949211087963
Linear Regression,235,18.8115835708057,353.875676441409,0,0,0,0,0,0,0,0,0,18.8115835708057
Linear Regression,236,18.8280619190966,354.495915629334,0,0,0,0,0,0,0,0,0,18.8280619190966
Linear Regression,237,18.8443581880537,355.109835519666,0,0,0,0,0,0,0,0,0,18.8443581880537
Linear Regression,238,18.8604743895829,355.717494200112,0,0,0,0,0,0,0,0,0,18.8604743895829
Linear Regression,239,18.8764125133591,356.3189493745,0,0,0,0,0,0,0,0,0,18.8764125133591
Linear Regression,240,18.8921745270722,356.914258361356,0,0,0,0,0,0,0,0,0,18.8921745270722
Linear Regression,241,18.9077623766699,357.503478092612,0,0,0,0,0,0,0,0,0,18.9077623766699
Linear Regression,242,18.9231779865977,358.086665112456,0,0,0,0,0,0,0,0,0,18.9231779865977
Linear Regression,243,18.938423260037,358.663875576312,0,0,0,0,0,0,0,0,0,18.938423260037
Linear Regression,244,18.9535000791398,359.235165249951,0,0,0,0,0,0,0,0,0,18.9535000791398
Linear Regression,245,18.9684103052607,359.800589508722,0,0,0,0,0,0,0,0,0,18.9684103052607
Linear Regression,246,18.9831557791875,360.3602033369,0,0,0,0,0,0,0,0,0,18.9831557791875
Linear Regression,247,18.9977383213677,360.914061327164,0,0,0,0,0,0,0,0,0,18.9977383213677
Linear Regression,248,19.0121597321337,361.462217680168,0,0,0,0,0,0,0,0,0,19.0121597321337
Linear Regression,249,19.026421791925,362.004726204238,0,0,0,0,0,0,0,0,0,19.026421791925
Linear Regression,250,19.0405262615076,362.541640315162,0,0,0,0,0,0,0,0,0,19.0405262615076
Linear Regression,251,19.0544748821922,363.073013036093,0,0,0,0,0,0,0,0,0,19.0544748821922
Linear Regression,252,19.0682693760483,363.598896997541,0,0,0,0,0,0,0,0,0,19.0682693760483
Linear Regression,253,19.0819114461174,364.119344437467,0,0,0,0,0,0,0,0,0,19.0819114461174
Linear Regression,254,19.095402776623,364.634407201462,0,0,0,0,0,0,0,0,0,19.095402776623
Linear Regression,255,19.1087450331787,365.14413674303,0,0,0,0,0,0,0,0,0,19.1087450331787
Linear Regression,256,19.1219398629934,365.648584123936,0,0,0,0,0,0,0,0,0,19.1219398629934
Linear Regression,257,19.1349888950754,366.147800014658,0,0,0,0,0,0,0,0,0,19.1349888950754
Linear Regression,258,19.1478937404327,366.641834694903,0,0,0,0,0,0,0,0,0,19.1478937404327
Linear Regression,259,19.1606559922727,367.130738054215,0,0,0,0,0,0,0,0,0,19.1606559922727
Linear Regression,260,19.1732772261981,367.614559592645,0,0,0,0,0,0,0,0,0,19.1732772261981
Linear Regression,261,19.1857590004019,368.093348421503,0,0,0,0,0,0,0,0,0,19.1857590004019
Linear Regression,262,19.1981028558599,368.567153264177,0,0,0,0,0,0,0,0,0,19.1981028558599
Linear Regression,263,19.2103103165205,369.036022457014,0,0,0,0,0,0,0,0,0,19.2103103165205
Linear Regression,264,19.2223828894931,369.500003950276,0,0,0,0,0,0,0,0,0,19.2223828894931
Linear Regression,265,19.2343220652341,369.95914530915,0,0,0,0,0,0,0,0,0,19.2343220652341
Linear Regression,266,19.246129317731,370.413493714824,0,0,0,0,0,0,0,0,0,19.246129317731
Linear Regression,267,19.2578061046843,370.863095965615,0,0,0,0,0,0,0,0,0,19.2578061046843
Linear Regression,268,19.2693538676875,371.307998478162,0,0,0,0,0,0,0,0,0,19.2693538676875
Linear Regression,269,19.2807740324049,371.74824728866,0,0,0,0,0,0,0,0,0,19.2807740324049
Linear Regression,270,19.2920680087481,372.183888054161,0,0,0,0,0,0,0,0,0,19.2920680087481
Linear Regression,271,19.3032371910493,372.614966053909,0,0,0,0,0,0,0,0,0,19.3032371910493
Linear Regression,272,19.3142829582342,373.041526190735,0,0,0,0,0,0,0,0,0,19.3142829582342
Linear Regression,273,19.3252066739917,373.463612992495,0,0,0,0,0,0,0,0,0,19.3252066739917
Linear Regression,274,19.3360096869427,373.881270613542,0,0,0,0,0,0,0,0,0,19.3360096869427
Linear Regression,275,19.3466933308061,374.294542836257,0,0,0,0,0,0,0,0,0,19.3466933308061
Linear Regression,276,19.3572589245639,374.703473072609,0,0,0,0,0,0,0,0,0,19.3572589245639
Linear Regression,277,19.3677077726238,375.108104365752,0,0,0,0,0,0,0,0,0,19.3677077726238
Linear Regression,278,19.3780411649803,375.50847939167,0,0,0,0,0,0,0,0,0,19.3780411649803
Linear Regression,279,19.388260377374,375.904640460849,0,0,0,0,0,0,0,0,0,19.388260377374
Linear Regression,280,19.398366671449,376.296629519982,0,0,0,0,0,0,0,0,0,19.398366671449
Linear Regression,281,19.4083612949088,376.684488153713,0,0,0,0,0,0,0,0,0,19.4083612949088
Linear Regression,282,19.4182454816702,377.068257586405,0,0,0,0,0,0,0,0,0,19.4182454816702
Linear Regression,283,19.4280204520158,377.447978683943,0,0,0,0,0,0,0,0,0,19.4280204520158
Linear Regression,284,19.4376874127443,377.823691955559,0,0,0,0,0,0,0,0,0,19.4376874127443
Linear Regression,285,19.4472475573201,378.195437555694,0,0,0,0,0,0,0,0,0,19.4472475573201
Linear Regression,286,19.4567020660201,378.563255285871,0,0,0,0,0,0,0,0,0,19.4567020660201
Linear Regression,287,19.4660521060795,378.927184596603,0,0,0,0,0,0,0,0,0,19.4660521060795
Linear Regression,288,19.4752988318362,379.28726458932,0,0,0,0,0,0,0,0,0,19.4752988318362
Linear Regression,289,19.4844433848729,379.643534018318,0,0,0,0,0,0,0,0,0,19.4844433848729
Linear Regression,290,19.4934868941585,379.99603129273,0,0,0,0,0,0,0,0,0,19.4934868941585
Linear Regression,291,19.5024304761871,380.344794478512,0,0,0,0,0,0,0,0,0,19.5024304761871
Linear Regression,292,19.511275235116,380.68986130045,0,0,0,0,0,0,0,0,0,19.511275235116
Linear Regression,293,19.5200222629019,381.031269144185,0,0,0,0,0,0,0,0,0,19.5200222629019
Linear Regression,294,19.5286726394359,381.369055058252,0,0,0,0,0,0,0,0,0,19.5286726394359
Linear Regression,295,19.5372274326768,381.703255756138,0,0,0,0,0,0,0,0,0,19.5372274326768
Linear Regression,296,19.5456876987827,382.033907618344,0,0,0,0,0,0,0,0,0,19.5456876987827
Linear Regression,297,19.5540544822416,382.361046694473,0,0,0,0,0,0,0,0,0,19.5540544822416
Linear Regression,298,19.5623288160005,382.684708705322,0,0,0,0,0,0,0,0,0,19.5623288160005
Linear Regression,299,19.5705117215924,383.004929044987,0,0,0,0,0,0,0,0,0,19.5705117215924
Linear Regression,300,19.5786042092632,383.321742782978,0,0,0,0,0,0,0,0,0,19.5786042092632
Linear Regression,301,19.5866072780955,383.635184666345,0,0,0,0,0,0,0,0,0,19.5866072780955
Linear Regression,302,19.5945219161328,383.945289121809,0,0,0,0,0,0,0,0,0,19.5945219161328
Linear Regression,303,19.6023491005009,384.252090257908,0,0,0,0,0,0,0,0,0,19.6023491005009
Linear Regression,304,19.6100897975288,384.555621867143,0,0,0,0,0,0,0,0,0,19.6100897975288
Linear Regression,305,19.6177449628679,384.85591742813,0,0,0,0,0,0,0,0,0,19.6177449628679
Linear Regression,306,19.6253155416102,385.153010107767,0,0,0,0,0,0,0,0,0,19.6253155416102
Linear Regression,307,19.6328024684045,385.446932763391,0,0,0,0,0,0,0,0,0,19.6328024684045
Linear Regression,308,19.6402066675724,385.737717944956,0,0,0,0,0,0,0,0,0,19.6402066675724
Linear Regression,309,19.6475290532219,386.025397897198,0,0,0,0,0,0,0,0,0,19.6475290532219
Linear Regression,310,19.6547705293605,386.310004561818,0,0,0,0,0,0,0,0,0,19.6547705293605
Linear Regression,311,19.6619319900069,386.591569579655,0,0,0,0,0,0,0,0,0,19.6619319900069
Linear Regression,312,19.669014319301,386.870124292866,0,0,0,0,0,0,0,0,0,19.669014319301
Linear Regression,313,19.6760183916135,387.145699747112,0,0,0,0,0,0,0,0,0,19.6760183916135
Linear Regression,314,19.6829450716536,387.418326693733,0,0,0,0,0,0,0,0,0,19.6829450716536
Linear Regression,315,19.6897952145758,387.688035591931,0,0,0,0,0,0,0,0,0,19.6897952145758
Linear Regression,316,19.6965696660854,387.954856610955,0,0,0,0,0,0,0,0,0,19.6965696660854
Linear Regression,317,19.7032692625431,388.218819632275,0,0,0,0,0,0,0,0,0,19.7032692625431
Linear Regression,318,19.709894831068,388.479954251762,0,0,0,0,0,0,0,0,0,19.709894831068
Linear Regression,319,19.7164471896401,388.738289781865,0,0,0,0,0,0,0,0,0,19.7164471896401
Linear Regression,320,19.7229271472007,388.993855253785,0,0,0,0,0,0,0,0,0,19.7229271472007
Linear Regression,321,19.7293355037528,389.246679419642,0,0,0,0,0,0,0,0,0,19.7293355037528
Linear Regression,322,19.7356730504598,389.496790754646,0,0,0,0,0,0,0,0,0,19.7356730504598
Linear Regression,323,19.7419405697429,389.74421745926,0,0,0,0,0,0,0,0,0,19.7419405697429
Linear Regression,324,19.7481388353778,389.988987461356,0,0,0,0,0,0,0,0,0,19.7481388353778
Linear Regression,325,19.7542686125903,390.231128418372,0,0,0,0,0,0,0,0,0,19.7542686125903
Linear Regression,326,19.760330658151,390.470667719462,0,0,0,0,0,0,0,0,0,19.760330658151
Linear Regression,327,19.7663257204681,390.707632487639,0,0,0,0,0,0,0,0,0,19.7663257204681
Linear Regression,328,19.7722545396805,390.942049581915,0,0,0,0,0,0,0,0,0,19.7722545396805
Linear Regression,329,19.7781178477486,391.173945599432,0,0,0,0,0,0,0,0,0,19.7781178477486
Linear Regression,330,19.7839163685451,391.403346877587,0,0,0,0,0,0,0,0,0,19.7839163685451
Linear Regression,331,19.7896508179442,391.630279496158,0,0,0,0,0,0,0,0,0,19.7896508179442
Linear Regression,332,19.7953219039097,391.854769279409,0,0,0,0,0,0,0,0,0,19.7953219039097
Linear Regression,333,19.8009303265831,392.076841798198,0,0,0,0,0,0,0,0,0,19.8009303265831
Linear Regression,334,19.8064767783693,392.296522372081,0,0,0,0,0,0,0,0,0,19.8064767783693
Linear Regression,335,19.8119619440224,392.513836071391,0,0,0,0,0,0,0,0,0,19.8119619440224
Linear Regression,336,19.8173865007304,392.72880771933,0,0,0,0,0,0,0,0,0,19.8173865007304
Linear Regression,337,19.8227511181985,392.941461894039,0,0,0,0,0,0,0,0,0,19.8227511181985
Linear Regression,338,19.828056458732,393.151822930664,0,0,0,0,0,0,0,0,0,19.828056458732
Linear Regression,339,19.8333031773179,393.35991492341,0,0,0,0,0,0,0,0,0,19.8333031773179
Linear Regression,340,19.838491921706,393.565761727595,0,0,0,0,0,0,0,0,0,19.838491921706
Linear Regression,341,19.8436233324886,393.769386961685,0,0,0,0,0,0,0,0,0,19.8436233324886
Linear Regression,342,19.8486980431796,393.970814009322,0,0,0,0,0,0,0,0,0,19.8486980431796
Linear Regression,343,19.8537166802931,394.170066021347,0,0,0,0,0,0,0,0,0,19.8537166802931
Linear Regression,344,19.8586798634201,394.367165917808,0,0,0,0,0,0,0,0,0,19.8586798634201
Linear Regression,345,19.8635882053058,394.562136389963,0,0,0,0,0,0,0,0,0,19.8635882053058
Linear Regression,346,19.8684423119244,394.754999902267,0,0,0,0,0,0,0,0,0,19.8684423119244
Linear Regression,347,19.8732427825545,394.945778694355,0,0,0,0,0,0,0,0,0,19.8732427825545
Linear Regression,348,19.877990209853,395.134494783011,0,0,0,0,0,0,0,0,0,19.877990209853
Linear Regression,349,19.882685179928,395.321169964127,0,0,0,0,0,0,0,0,0,19.882685179928
Linear Regression,350,19.8873282724113,395.50582581465,0,0,0,0,0,0,0,0,0,19.8873282724113
Linear Regression,351,19.8919200605303,395.688483694526,0,0,0,0,0,0,0,0,0,19.8919200605303
Linear Regression,352,19.8964611111781,395.869164748621,0,0,0,0,0,0,0,0,0,19.8964611111781
Linear Regression,353,19.900951984984,396.047889908638,0,0,0,0,0,0,0,0,0,19.900951984984
Linear Regression,354,19.9053932363826,396.224679895027,0,0,0,0,0,0,0,0,0,19.9053932363826
Linear Regression,355,19.9097854136823,396.399555218876,0,0,0,0,0,0,0,0,0,19.9097854136823
Linear Regression,356,19.9141290591326,396.57253618379,0,0,0,0,0,0,0,0,0,19.9141290591326
Linear Regression,357,19.9184247089917,396.74364288777,0,0,0,0,0,0,0,0,0,19.9184247089917
Linear Regression,358,19.9226728935921,396.912895225068,0,0,0,0,0,0,0,0,0,19.9226728935921
Linear Regression,359,19.9268741374064,397.080312888037,0,0,0,0,0,0,0,0,0,19.9268741374064
Linear Regression,360,19.9310289591121,397.245915368966,0,0,0,0,0,0,0,0,0,19.9310289591121
Linear Regression,361,19.9351378716554,397.409721961911,0,0,0,0,0,0,0,0,0,19.9351378716554
Linear Regression,362,19.9392013823147,397.571751764502,0,0,0,0,0,0,0,0,0,19.9392013823147
Linear Regression,363,19.9432199927631,397.732023679747,0,0,0,0,0,0,0,0,0,19.9432199927631
Linear Regression,364,19.9471941991305,397.890556417826,0,0,0,0,0,0,0,0,0,19.9471941991305
Linear Regression,365,19.9511244920646,398.047368497862,0,0,0,0,0,0,0,0,0,19.9511244920646
Linear Regression,366,19.9550113567919,398.202478249694,0,0,0,0,0,0,0,0,0,19.9550113567919
Linear Regression,367,19.9588552731771,398.355903815628,0,0,0,0,0,0,0,0,0,19.9588552731771
Linear Regression,368,19.9626567157826,398.507663152179,0,0,0,0,0,0,0,0,0,19.9626567157826
Linear Regression,369,19.9664161539272,398.657774031804,0,0,0,0,0,0,0,0,0,19.9664161539272
Linear Regression,370,19.9701340517438,398.806254044618,0,0,0,0,0,0,0,0,0,19.9701340517438
Linear Regression,371,19.9738108682369,398.953120600099,0,0,0,0,0,0,0,0,0,19.9738108682369
Linear Regression,372,19.9774470573391,399.098390928789,0,0,0,0,0,0,0,0,0,19.9774470573391
Linear Regression,373,19.9810430679673,399.242082083966,0,0,0,0,0,0,0,0,0,19.9810430679673
Linear Regression,374,19.984599344078,399.384210943323,0,0,0,0,0,0,0,0,0,19.984599344078
Linear Regression,375,19.9881163247221,399.524794210621,0,0,0,0,0,0,0,0,0,19.9881163247221
Linear Regression,376,19.9915944440992,399.663848417336,0,0,0,0,0,0,0,0,0,19.9915944440992
Linear Regression,377,19.9950341316111,399.801389924294,0,0,0,0,0,0,0,0,0,19.9950341316111
Linear Regression,378,19.9984358119152,399.937434923291,0,0,0,0,0,0,0,0,0,19.9984358119152
Linear Regression,379,20.0017999049761,400.071999438702,0,0,0,0,0,0,0,0,0,20.0017999049761
Linear Regression,380,20.0051268261183,400.205099329078,0,0,0,0,0,0,0,0,0,20.0051268261183
Linear Regression,381,20.0084169860771,400.336750288737,0,0,0,0,0,0,0,0,0,20.0084169860771
Linear Regression,382,20.0116707910491,400.466967849328,0,0,0,0,0,0,0,0,0,20.0116707910491
Linear Regression,383,20.0148886427429,400.595767381398,0,0,0,0,0,0,0,0,0,20.0148886427429
Linear Regression,384,20.0180709384281,400.723164095942,0,0,0,0,0,0,0,0,0,20.0180709384281
Linear Regression,385,20.0212180709849,400.849173045934,0,0,0,0,0,0,0,0,0,20.0212180709849
Linear Regression,386,20.0243304289521,400.973809127858,0,0,0,0,0,0,0,0,0,20.0243304289521
Linear Regression,387,20.0274083965754,401.097087083219,0,0,0,0,0,0,0,0,0,20.0274083965754
Linear Regression,388,20.0304523538547,401.219021500043,0,0,0,0,0,0,0,0,0,20.0304523538547
Linear Regression,389,20.033462676591,401.339626814365,0,0,0,0,0,0,0,0,0,20.033462676591
Linear Regression,390,20.036439736433,401.458917311712,0,0,0,0,0,0,0,0,0,20.036439736433
Linear Regression,391,20.0393839009227,401.57690712856,0,0,0,0,0,0,0,0,0,20.0393839009227
Linear Regression,392,20.0422955335409,401.693610253795,0,0,0,0,0,0,0,0,0,20.0422955335409
Linear Regression,393,20.0451749937522,401.80904053015,0,0,0,0,0,0,0,0,0,20.0451749937522
Linear Regression,394,20.0480226370491,401.923211655634,0,0,0,0,0,0,0,0,0,20.0480226370491
Linear Regression,395,20.0508388149962,402.036137184957,0,0,0,0,0,0,0,0,0,20.0508388149962
Linear Regression,396,20.0536238752732,402.147830530928,0,0,0,0,0,0,0,0,0,20.0536238752732
Linear Regression,397,20.0563781617184,402.258304965855,0,0,0,0,0,0,0,0,0,20.0563781617184
Linear Regression,398,20.0591020143706,402.367573622927,0,0,0,0,0,0,0,0,0,20.0591020143706
Linear Regression,399,20.0617957695114,402.475649497585,0,0,0,0,0,0,0,0,0,20.0617957695114
Linear Regression,400,20.0644597597065,402.582545448882,0,0,0,0,0,0,0,0,0,20.0644597597065
Linear Regression,401,20.0670943138471,402.688274200833,0,0,0,0,0,0,0,0,0,20.0670943138471
Linear Regression,402,20.06969975719,402.792848343751,0,0,0,0,0,0,0,0,0,20.06969975719
Linear Regression,403,20.0722764113982,402.896280335574,0,0,0,0,0,0,0,0,0,20.0722764113982
Linear Regression,404,20.0748245945806,402.998582503176,0,0,0,0,0,0,0,0,0,20.0748245945806
Linear Regression,405,20.0773446213307,403.099767043677,0,0,0,0,0,0,0,0,0,20.0773446213307
Linear Regression,406,20.0798368027663,403.199846025728,0,0,0,0,0,0,0,0,0,20.0798368027663
Linear Regression,407,20.0823014465672,403.298831390796,0,0,0,0,0,0,0,0,0,20.0823014465672
Linear Regression,408,20.0847388570136,403.396734954433,0,0,0,0,0,0,0,0,0,20.0847388570136
Linear Regression,409,20.0871493350235,403.493568407534,0,0,0,0,0,0,0,0,0,20.0871493350235
Linear Regression,410,20.0895331781897,403.589343317584,0,0,0,0,0,0,0,0,0,20.0895331781897
Linear Regression,411,20.0918906808169,403.684071129898,0,0,0,0,0,0,0,0,0,20.0918906808169
Linear Regression,412,20.0942221339579,403.777763168843,0,0,0,0,0,0,0,0,0,20.0942221339579
Linear Regression,413,20.0965278254493,403.870430639057,0,0,0,0,0,0,0,0,0,20.0965278254493
Linear Regression,414,20.0988080399473,403.962084626649,0,0,0,0,0,0,0,0,0,20.0988080399473
Linear Regression,415,20.1010630589627,404.052736100396,0,0,0,0,0,0,0,0,0,20.1010630589627
Linear Regression,416,20.1032931608959,404.142395912925,0,0,0,0,0,0,0,0,0,20.1032931608959
Linear Regression,417,20.1054986210709,404.231074801886,0,0,0,0,0,0,0,0,0,20.1054986210709
Linear Regression,418,20.1076797117696,404.318783391111,0,0,0,0,0,0,0,0,0,20.1076797117696
Linear Regression,419,20.1098367022651,404.405532191769,0,0,0,0,0,0,0,0,0,20.1098367022651
Linear Regression,420,20.1119698588554,404.491331603507,0,0,0,0,0,0,0,0,0,20.1119698588554
Linear Regression,421,20.1140794448957,404.576191915576,0,0,0,0,0,0,0,0,0,20.1140794448957
Linear Regression,422,20.1161657208316,404.660123307958,0,0,0,0,0,0,0,0,0,20.1161657208316
Linear Regression,423,20.1182289442305,404.743135852474,0,0,0,0,0,0,0,0,0,20.1182289442305
Linear Regression,424,20.1202693698141,404.825239513878,0,0,0,0,0,0,0,0,0,20.1202693698141
Linear Regression,425,20.1222872494893,404.906444150958,0,0,0,0,0,0,0,0,0,20.1222872494893
Linear Regression,426,20.1242828323796,404.986759517609,0,0,0,0,0,0,0,0,0,20.1242828323796
Linear Regression,427,20.1262563648559,405.066195263902,0,0,0,0,0,0,0,0,0,20.1262563648559
Linear Regression,428,20.1282080905666,405.144760937149,0,0,0,0,0,0,0,0,0,20.1282080905666
Linear Regression,429,20.1301382504679,405.222465982953,0,0,0,0,0,0,0,0,0,20.1301382504679
Linear Regression,430,20.1320470828538,405.299319746243,0,0,0,0,0,0,0,0,0,20.1320470828538
Linear Regression,431,20.1339348233849,405.375331472312,0,0,0,0,0,0,0,0,0,20.1339348233849
Linear Regression,432,20.135801705118,405.450510307835,0,0,0,0,0,0,0,0,0,20.135801705118
Linear Regression,433,20.1376479585348,405.52486530188,0,0,0,0,0,0,0,0,0,20.1376479585348
Linear Regression,434,20.13947381157,405.598405406914,0,0,0,0,0,0,0,0,0,20.13947381157
Linear Regression,435,20.14127948964,405.671139479792,0,0,0,0,0,0,0,0,0,20.14127948964
Linear Regression,436,20.1430652156702,405.743076282743,0,0,0,0,0,0,0,0,0,20.1430652156702
Linear Regression,437,20.144831210123,405.814224484345,0,0,0,0,0,0,0,0,0,20.144831210123
Linear Regression,438,20.1465776910246,405.884592660488,0,0,0,0,0,0,0,0,0,20.1465776910246
Linear Regression,439,20.148304873992,405.954189295332,0,0,0,0,0,0,0,0,0,20.148304873992
Linear Regression,440,20.1500129722601,406.023022782252,0,0,0,0,0,0,0,0,0,20.1500129722601
Linear Regression,441,20.1517021967073,406.091101424778,0,0,0,0,0,0,0,0,0,20.1517021967073
Linear Regression,442,20.1533727558819,406.158433437525,0,0,0,0,0,0,0,0,0,20.1533727558819
Linear Regression,443,20.155024856028,406.225026947108,0,0,0,0,0,0,0,0,0,20.155024856028
Linear Regression,444,20.1566587011107,406.290889993061,0,0,0,0,0,0,0,0,0,20.1566587011107
Linear Regression,445,20.1582744928412,406.356030528732,0,0,0,0,0,0,0,0,0,20.1582744928412
Linear Regression,446,20.1598724307021,406.420456422183,0,0,0,0,0,0,0,0,0,20.1598724307021
Linear Regression,447,20.1614527119717,406.484175457073,0,0,0,0,0,0,0,0,0,20.1614527119717
Linear Regression,448,20.1630155317485,406.547195333532,0,0,0,0,0,0,0,0,0,20.1630155317485
Linear Regression,449,20.1645610829752,406.609523669037,0,0,0,0,0,0,0,0,0,20.1645610829752
Linear Regression,450,20.1660895564624,406.671167999263,0,0,0,0,0,0,0,0,0,20.1660895564624
Linear Regression,451,20.1676011409127,406.732135778943,0,0,0,0,0,0,0,0,0,20.1676011409127
Linear Regression,452,20.1690960229432,406.792434382704,0,0,0,0,0,0,0,0,0,20.1690960229432
Linear Regression,453,20.1705743871093,406.852071105909,0,0,0,0,0,0,0,0,0,20.1705743871093
Linear Regression,454,20.1720364159268,406.911053165477,0,0,0,0,0,0,0,0,0,20.1720364159268
Linear Regression,455,20.1734822898951,406.969387700709,0,0,0,0,0,0,0,0,0,20.1734822898951
Linear Regression,456,20.1749121875188,407.027081774096,0,0,0,0,0,0,0,0,0,20.1749121875188
Linear Regression,457,20.1763262853305,407.084142372119,0,0,0,0,0,0,0,0,0,20.1763262853305
Linear Regression,458,20.1777247579119,407.14057640605,0,0,0,0,0,0,0,0,0,20.1777247579119
Linear Regression,459,20.1791077779156,407.196390712735,0,0,0,0,0,0,0,0,0,20.1791077779156
Linear Regression,460,20.1804755160867,407.251592055376,0,0,0,0,0,0,0,0,0,20.1804755160867
Linear Regression,461,20.1818281412835,407.306187124303,0,0,0,0,0,0,0,0,0,20.1818281412835
Linear Regression,462,20.1831658204984,407.360182537736,0,0,0,0,0,0,0,0,0,20.1831658204984
Linear Regression,463,20.1844887188788,407.413584842545,0,0,0,0,0,0,0,0,0,20.1844887188788
Linear Regression,464,20.185796999747,407.466400514996,0,0,0,0,0,0,0,0,0,20.185796999747
Linear Regression,465,20.187090824621,407.518635961496,0,0,0,0,0,0,0,0,0,20.187090824621
Linear Regression,466,20.1883703532337,407.570297519327,0,0,0,0,0,0,0,0,0,20.1883703532337
Linear Regression,467,20.1896357435535,407.621391457371,0,0,0,0,0,0,0,0,0,20.1896357435535
Linear Regression,468,20.1908871518027,407.671923976833,0,0,0,0,0,0,0,0,0,20.1908871518027
Linear Regression,469,20.192124732478,407.721901211951,0,0,0,0,0,0,0,0,0,20.192124732478
Linear Regression,470,20.1933486383687,407.771329230706,0,0,0,0,0,0,0,0,0,20.1933486383687
Linear Regression,471,20.1945590205757,407.820214035513,0,0,0,0,0,0,0,0,0,20.1945590205757
Linear Regression,472,20.1957560285304,407.868561563924,0,0,0,0,0,0,0,0,0,20.1957560285304
Linear Regression,473,20.1969398100133,407.916377689301,0,0,0,0,0,0,0,0,0,20.1969398100133
Linear Regression,474,20.1981105111717,407.963668221503,0,0,0,0,0,0,0,0,0,20.1981105111717
Linear Regression,475,20.199268276538,408.010438907553,0,0,0,0,0,0,0,0,0,20.199268276538
Linear Regression,476,20.2004132490476,408.0566954323,0,0,0,0,0,0,0,0,0,20.2004132490476
Linear Regression,477,20.2015455700568,408.102443419083,0,0,0,0,0,0,0,0,0,20.2015455700568
Linear Regression,478,20.2026653793597,408.147688430379,0,0,0,0,0,0,0,0,0,20.2026653793597
Linear Regression,479,20.2037728152057,408.192435968444,0,0,0,0,0,0,0,0,0,20.2037728152057
Linear Regression,480,20.2048680143167,408.236691475958,0,0,0,0,0,0,0,0,0,20.2048680143167
Linear Regression,481,20.2059511119039,408.28046033665,0,0,0,0,0,0,0,0,0,20.2059511119039
Linear Regression,482,20.2070222416844,408.323747875927,0,0,0,0,0,0,0,0,0,20.2070222416844
Linear Regression,483,20.2080815358978,408.366559361492,0,0,0,0,0,0,0,0,0,20.2080815358978
Linear Regression,484,20.2091291253225,408.408900003958,0,0,0,0,0,0,0,0,0,20.2091291253225
Linear Regression,485,20.2101651392919,408.450774957449,0,0,0,0,0,0,0,0,0,20.2101651392919
Linear Regression,486,20.2111897057102,408.492189320207,0,0,0,0,0,0,0,0,0,20.2111897057102
Linear Regression,487,20.2122029510685,408.533148135183,0,0,0,0,0,0,0,0,0,20.2122029510685
Linear Regression,488,20.21320500046,408.573656390623,0,0,0,0,0,0,0,0,0,20.21320500046
Linear Regression,489,20.2141959775959,408.613719020654,0,0,0,0,0,0,0,0,0,20.2141959775959
Linear Regression,490,20.2151760048202,408.653340905856,0,0,0,0,0,0,0,0,0,20.2151760048202
Linear Regression,491,20.2161452031251,408.692526873839,0,0,0,0,0,0,0,0,0,20.2161452031251
Linear Regression,492,20.2171036921661,408.731281699797,0,0,0,0,0,0,0,0,0,20.2171036921661
Linear Regression,493,20.2180515902763,408.769610107075,0,0,0,0,0,0,0,0,0,20.2180515902763
Linear Regression,494,20.2189890144815,408.807516767722,0,0,0,0,0,0,0,0,0,20.2189890144815
Linear Regression,495,20.219916080514,408.84500630303,0,0,0,0,0,0,0,0,0,20.219916080514
Linear Regression,496,20.2208329028279,408.882083284086,0,0,0,0,0,0,0,0,0,20.2208329028279
Linear Regression,497,20.221739594612,408.9187522323,0,0,0,0,0,0,0,0,0,20.221739594612
Linear Regression,498,20.222636267805,408.955017619941,0,0,0,0,0,0,0,0,0,20.222636267805
Linear Regression,499,20.2235230331082,408.990883870657,0,0,0,0,0,0,0,0,0,20.2235230331082
Linear Regression,500,20.2244,409.02635536,0,0,0,0,0,0,0,0,0,20.2244
Random Forest,1,0.161236047060804,0.0259970628717938,0,0,0,0,0,0,0,0,0,0.161236047060804
Random Forest,2,0.320690498569799,0.102842395872946,0,0,0,0,0,0,0,0,0,0.320690498569799
Random Forest,3,0.478383040464268,0.228850333403838,0,0,0,0,0,0,0,0,0,0.478383040464268
Random Forest,4,0.634333141159552,0.402378533973343,0,0,0,0,0,0,0,0,0,0.634333141159552
Random Forest,5,0.78856005395258,0.621826958689696,0,0,0,0,0,0,0,0,0,0.78856005395258
Random Forest,6,0.941082819398843,0.885636872967674,0,0,0,0,0,0,0,0,0,0.941082819398843
Random Forest,7,1.09192026766311,1.19228987093348,0,0,0,0,0,0,0,0,0,1.09192026766311
Random Forest,8,1.24109102084416,1.54030692202,0,0,0,0,0,0,0,0,0,1.24109102084416
Random Forest,9,1.38861349527383,1.9282474392566,0,0,0,0,0,0,0,0,0,1.38861349527383
Random Forest,10,1.53450590379065,2.35470836876836,0,0,0,0,0,0,0,0,0,1.53450590379065
Random Forest,11,1.67878625798839,2.81832330001066,0,0,0,0,0,0,0,0,0,1.67878625798839
Random Forest,12,1.82147237043971,3.31776159627525,0,0,0,0,0,0,0,0,0,1.82147237043971
Random Forest,13,1.96258185689528,3.85172754501451,0,0,0,0,0,0,0,0,0,1.96258185689528
Random Forest,14,2.10213213845858,4.41895952754044,0,0,0,0,0,0,0,0,0,2.10213213845858
Random Forest,15,2.24014044373668,5.01822920766477,0,0,0,0,0,0,0,0,0,2.24014044373668
Random Forest,16,2.37662381096725,5.64834073885651,0,0,0,0,0,0,0,0,0,2.37662381096725
Random Forest,17,2.51159909012207,6.30812998950203,0,0,0,0,0,0,0,0,0,2.51159909012207
Random Forest,18,2.64508294498729,6.99646378586263,0,0,0,0,0,0,0,0,0,2.64508294498729
Random Forest,19,2.7770918552207,7.71223917233314,0,0,0,0,0,0,0,0,0,2.7770918552207
Random Forest,20,2.90764211838629,8.45438268861394,0,0,0,0,0,0,0,0,0,2.90764211838629
Random Forest,21,3.03674985196633,9.22184966341755,0,0,0,0,0,0,0,0,0,3.03674985196633
Random Forest,22,3.16443099535117,10.0136235243392,0,0,0,0,0,0,0,0,0,3.16443099535117
Random Forest,23,3.2907013118071,10.828715123529,0,0,0,0,0,0,0,0,0,3.2907013118071
Random Forest,24,3.41557639042245,11.6661620788113,0,0,0,0,0,0,0,0,0,3.41557639042245
Random Forest,25,3.53907164803222,12.5250281299055,0,0,0,0,0,0,0,0,0,3.53907164803222
Random Forest,26,3.66120233112135,13.4044025094084,0,0,0,0,0,0,0,0,0,3.66120233112135
Random Forest,27,3.78198351770708,14.303399328208,0,0,0,0,0,0,0,0,0,3.78198351770708
Random Forest,28,3.90143011920042,15.2211569750042,0,0,0,0,0,0,0,0,0,3.90143011920042
Random Forest,29,4.01955688224709,16.15683752962,0,0,0,0,0,0,0,0,0,4.01955688224709
Random Forest,30,4.13637839054813,17.1096261897935,0,0,0,0,0,0,0,0,0,4.13637839054813
Random Forest,31,4.25190906666035,18.0787307111484,0,0,0,0,0,0,0,0,0,4.25190906666035
Random Forest,32,4.36616317377691,19.0633808600457,0,0,0,0,0,0,0,0,0,4.36616317377691
Random Forest,33,4.47915481748827,20.0628278790283,0,0,0,0,0,0,0,0,0,4.47915481748827
Random Forest,34,4.59089794752357,21.0763439645761,0,0,0,0,0,0,0,0,0,4.59089794752357
Random Forest,35,4.70140635947291,22.1032217568923,0,0,0,0,0,0,0,0,0,4.70140635947291
Random Forest,36,4.81069369649046,23.142773841453,0,0,0,0,0,0,0,0,0,4.81069369649046
Random Forest,37,4.91877345097886,24.1943322620545,0,0,0,0,0,0,0,0,0,4.91877345097886
Random Forest,38,5.02565896625496,25.2572480450989,0,0,0,0,0,0,0,0,0,5.02565896625496
Random Forest,39,5.13136343819714,26.3308907348663,0,0,0,0,0,0,0,0,0,5.13136343819714
Random Forest,40,5.23589991687446,27.414647939526,0,0,0,0,0,0,0,0,0,5.23589991687446
Random Forest,41,5.33928130815782,28.5079248876435,0,0,0,0,0,0,0,0,0,5.33928130815782
Random Forest,42,5.44152037531324,29.6101439949492,0,0,0,0,0,0,0,0,0,5.44152037531324
Random Forest,43,5.54262974057764,30.7207444411358,0,0,0,0,0,0,0,0,0,5.54262974057764
Random Forest,44,5.64262188671714,31.8391817564593,0,0,0,0,0,0,0,0,0,5.64262188671714
Random Forest,45,5.74150915856812,32.9649274179216,0,0,0,0,0,0,0,0,0,5.74150915856812
Random Forest,46,5.83930376456137,34.0974684548206,0,0,0,0,0,0,0,0,0,5.83930376456137
Random Forest,47,5.93601777822924,35.2363070634535,0,0,0,0,0,0,0,0,0,5.93601777822924
Random Forest,48,6.03166313969625,36.3809602307704,0,0,0,0,0,0,0,0,0,6.03166313969625
Random Forest,49,6.12625165715321,37.5309593667725,0,0,0,0,0,0,0,0,0,6.12625165715321
Random Forest,50,6.21979500831501,38.6858499454603,0,0,0,0,0,0,0,0,0,6.21979500831501
Random Forest,51,6.31230474186233,39.8451911541376,0,0,0,0,0,0,0,0,0,6.31230474186233
Random Forest,52,6.40379227886742,41.008555550882,0,0,0,0,0,0,0,0,0,6.40379227886742
Random Forest,53,6.49426891420416,42.1755287299984,0,0,0,0,0,0,0,0,0,6.49426891420416
Random Forest,54,6.58374581794242,43.3457089952743,0,0,0,0,0,0,0,0,0,6.58374581794242
Random Forest,55,6.6722340367272,44.5187070408609,0,0,0,0,0,0,0,0,0,6.6722340367272
Random Forest,56,6.75974449514232,45.694145639607,0,0,0,0,0,0,0,0,0,6.75974449514232
Random Forest,57,6.84628799705925,46.8716593386776,0,0,0,0,0,0,0,0,0,6.84628799705925
Random Forest,58,6.93187522697086,48.0508941622923,0,0,0,0,0,0,0,0,0,6.93187522697086
Random Forest,59,7.01651675131053,49.2315073214213,0,0,0,0,0,0,0,0,0,7.01651675131053
Random Forest,60,7.10022301975668,50.4131669302827,0,0,0,0,0,0,0,0,0,7.10022301975668
Random Forest,61,7.18300436652284,51.5955517294862,0,0,0,0,0,0,0,0,0,7.18300436652284
Random Forest,62,7.26487101163351,52.778350815673,0,0,0,0,0,0,0,0,0,7.26487101163351
Random Forest,63,7.3458330621859,53.9612633775034,0,0,0,0,0,0,0,0,0,7.3458330621859
Random Forest,64,7.42590051359771,55.1439984378508,0,0,0,0,0,0,0,0,0,7.42590051359771
Random Forest,65,7.5050832508412,56.3262746020571,0,0,0,0,0,0,0,0,0,7.5050832508412
Random Forest,66,7.58339104966351,57.5078198121166,0,0,0,0,0,0,0,0,0,7.58339104966351
Random Forest,67,7.66083357779357,58.6883711066495,0,0,0,0,0,0,0,0,0,7.66083357779357
Random Forest,68,7.73742039613571,59.8676743865369,0,0,0,0,0,0,0,0,0,7.73742039613571
Random Forest,69,7.81316095994995,61.045484186086,0,0,0,0,0,0,0,0,0,7.81316095994995
Random Forest,70,7.88806462001938,62.2215634496015,0,0,0,0,0,0,0,0,0,7.88806462001938
Random Forest,71,7.96214062380459,63.3956833132393,0,0,0,0,0,0,0,0,0,7.96214062380459
Random Forest,72,8.0353981165853,64.5676228920227,0,0,0,0,0,0,0,0,0,8.0353981165853
Random Forest,73,8.10784614258949,65.7371690719033,0,0,0,0,0,0,0,0,0,8.10784614258949
Random Forest,74,8.17949364610991,66.9041163067523,0,0,0,0,0,0,0,0,0,8.17949364610991
Random Forest,75,8.25034947260836,68.0682664201691,0,0,0,0,0,0,0,0,0,8.25034947260836
Random Forest,76,8.32042236980775,69.2294284119972,0,0,0,0,0,0,0,0,0,8.32042236980775
Random Forest,77,8.38972098877204,70.387418269442,0,0,0,0,0,0,0,0,0,8.38972098877204
Random Forest,78,8.4582538849743,71.5420587826829,0,0,0,0,0,0,0,0,0,8.4582538849743
Random Forest,79,8.52602951935297,72.6931793648782,0,0,0,0,0,0,0,0,0,8.52602951935297
Random Forest,80,8.5930562593564,73.8406158764641,0,0,0,0,0,0,0,0,0,8.5930562593564
Random Forest,81,8.65934237997589,74.9842104536465,0,0,0,0,0,0,0,0,0,8.65934237997589
Random Forest,82,8.72489606476732,76.1238113409922,0,0,0,0,0,0,0,0,0,8.72489606476732
Random Forest,83,8.78972540686146,77.2592727280258,0,0,0,0,0,0,0,0,0,8.78972540686146
Random Forest,84,8.85383840996312,78.3904545897383,0,0,0,0,0,0,0,0,0,8.85383840996312
Random Forest,85,8.91724298933931,79.5172225309211,0,0,0,0,0,0,0,0,0,8.91724298933931
Random Forest,86,8.97994697279642,80.6394476342355,0,0,0,0,0,0,0,0,0,8.97994697279642
Random Forest,87,9.0419581016466,81.7570063119326,0,0,0,0,0,0,0,0,0,9.0419581016466
Random Forest,88,9.10328403166354,82.8697801611404,0,0,0,0,0,0,0,0,0,9.10328403166354
Random Forest,89,9.16393233402761,83.9776558226367,0,0,0,0,0,0,0,0,0,9.16393233402761
Random Forest,90,9.22391049626057,85.080524843026,0,0,0,0,0,0,0,0,0,9.22391049626057
Random Forest,91,9.28322592314999,86.178283540244,0,0,0,0,0,0,0,0,0,9.28322592314999
Random Forest,92,9.34188593766342,87.2708328723136,0,0,0,0,0,0,0,0,0,9.34188593766342
Random Forest,93,9.39989778185246,88.3580783092748,0,0,0,0,0,0,0,0,0,9.39989778185246
Random Forest,94,9.45726861774687,89.4399297082199,0,0,0,0,0,0,0,0,0,9.45726861774687
Random Forest,95,9.51400552823877,90.5163011913579,0,0,0,0,0,0,0,0,0,9.51400552823877
Random Forest,96,9.57011551795706,91.5871110270426,0,0,0,0,0,0,0,0,0,9.57011551795706
Random Forest,97,9.62560551413225,92.6522815136931,0,0,0,0,0,0,0,0,0,9.62560551413225
Random Forest,98,9.68048236745162,93.7117388665417,0,0,0,0,0,0,0,0,0,9.68048236745162
Random Forest,99,9.73475285290503,94.7654131071427,0,0,0,0,0,0,0,0,0,9.73475285290503
Random Forest,100,9.78842367062136,95.8132379555804,0,0,0,0,0,0,0,0,0,9.78842367062136
Random Forest,101,9.84150144669564,96.8551507253124,0,0,0,0,0,0,0,0,0,9.84150144669564
Random Forest,102,9.89399273400716,97.8910922205864,0,0,0,0,0,0,0,0,0,9.89399273400716
Random Forest,103,9.94590401302842,98.9210066363748,0,0,0,0,0,0,0,0,0,9.94590401302842
Random Forest,104,9.99724169262524,99.9448414607644,0,0,0,0,0,0,0,0,0,9.99724169262524
Random Forest,105,10.048012110848,100.962547379747,0,0,0,0,0,0,0,0,0,10.048012110848
Random Forest,106,10.0982215357139,101.974078184357,0,0,0,0,0,0,0,0,0,10.0982215357139
Random Forest,107,10.1478761659814,102.979390680093,0,0,0,0,0,0,0,0,0,10.1478761659814
Random Forest,108,10.1969821319146,103.978444598586,0,0,0,0,0,0,0,0,0,10.1969821319146
Random Forest,109,10.2455454960409,104.971202511445,0,0,0,0,0,0,0,0,0,10.2455454960409
Random Forest,110,10.2935722538991,105.957629746241,0,0,0,0,0,0,0,0,0,10.2935722538991
Random Forest,111,10.3410683347794,106.937694304577,0,0,0,0,0,0,0,0,0,10.3410683347794
Random Forest,112,10.388039602456,107.911366782193,0,0,0,0,0,0,0,0,0,10.388039602456
Random Forest,113,10.4344918559103,108.878620291058,0,0,0,0,0,0,0,0,0,10.4344918559103
Random Forest,114,10.4804308300476,109.839430383411,0,0,0,0,0,0,0,0,0,10.4804308300476
Random Forest,115,10.5258621964044,110.793774977694,0,0,0,0,0,0,0,0,0,10.5258621964044
Random Forest,116,10.5707915638491,111.741634286343,0,0,0,0,0,0,0,0,0,10.5707915638491
Random Forest,117,10.6152244792743,112.682990745383,0,0,0,0,0,0,0,0,0,10.6152244792743
Random Forest,118,10.6591664282815,113.617828945802,0,0,0,0,0,0,0,0,0,10.6591664282815
Random Forest,119,10.7026228358585,114.546135566639,0,0,0,0,0,0,0,0,0,10.7026228358585
Random Forest,120,10.745599067049,115.467899309765,0,0,0,0,0,0,0,0,0,10.745599067049
Random Forest,121,10.7881004276154,116.383110836315,0,0,0,0,0,0,0,0,0,10.7881004276154
Random Forest,122,10.830132164693,117.291762704717,0,0,0,0,0,0,0,0,0,10.830132164693
Random Forest,123,10.8716994674385,118.193849310303,0,0,0,0,0,0,0,0,0,10.8716994674385
Random Forest,124,10.9128074676707,119.089366826449,0,0,0,0,0,0,0,0,0,10.9128074676707
Random Forest,125,10.9534612405033,119.978313147209,0,0,0,0,0,0,0,0,0,10.9534612405033
Random Forest,126,10.9936658049725,120.860687831421,0,0,0,0,0,0,0,0,0,10.9936658049725
Random Forest,127,11.0334261246556,121.736492048233,0,0,0,0,0,0,0,0,0,11.0334261246556
Random Forest,128,11.0727471082847,122.605728524027,0,0,0,0,0,0,0,0,0,11.0727471082847
Random Forest,129,11.1116336103521,123.468401490707,0,0,0,0,0,0,0,0,0,11.1116336103521
Random Forest,130,11.15009043171,124.32451663531,0,0,0,0,0,0,0,0,0,11.15009043171
Random Forest,131,11.1881223201628,125.174081050925,0,0,0,0,0,0,0,0,0,11.1881223201628
Random Forest,132,11.2257339710538,126.017103188872,0,0,0,0,0,0,0,0,0,11.2257339710538
Random Forest,133,11.2629300278445,126.853592812121,0,0,0,0,0,0,0,0,0,11.2629300278445
Random Forest,134,11.2997150826878,127.683560949923,0,0,0,0,0,0,0,0,0,11.2997150826878
Random Forest,135,11.3360936769953,128.507019853614,0,0,0,0,0,0,0,0,0,11.3360936769953
Random Forest,136,11.3720703019977,129.323982953578,0,0,0,0,0,0,0,0,0,11.3720703019977
Random Forest,137,11.4076493992993,130.134464817333,0,0,0,0,0,0,0,0,0,11.4076493992993
Random Forest,138,11.4428353614264,130.938481108711,0,0,0,0,0,0,0,0,0,11.4428353614264
Random Forest,139,11.4776325323697,131.736048548112,0,0,0,0,0,0,0,0,0,11.4776325323697
Random Forest,140,11.5120452081204,132.527184873808,0,0,0,0,0,0,0,0,0,11.5120452081204
Random Forest,141,11.5460776372007,133.311908804267,0,0,0,0,0,0,0,0,0,11.5460776372007
Random Forest,142,11.5797340211883,134.090240001466,0,0,0,0,0,0,0,0,0,11.5797340211883
Random Forest,143,11.6130185152351,134.862199035192,0,0,0,0,0,0,0,0,0,11.6130185152351
Random Forest,144,11.6459352285801,135.627807348282,0,0,0,0,0,0,0,0,0,11.6459352285801
Random Forest,145,11.6784882250568,136.387087222791,0,0,0,0,0,0,0,0,0,11.6784882250568
Random Forest,146,11.7106815235953,137.140061747075,0,0,0,0,0,0,0,0,0,11.7106815235953
Random Forest,147,11.7425190987175,137.886754783745,0,0,0,0,0,0,0,0,0,11.7425190987175
Random Forest,148,11.7740048810288,138.627190938489,0,0,0,0,0,0,0,0,0,11.7740048810288
Random Forest,149,11.8051427577028,139.361395529742,0,0,0,0,0,0,0,0,0,11.8051427577028
Random Forest,150,11.8359365729613,140.089394559162,0,0,0,0,0,0,0,0,0,11.8359365729613
Random Forest,151,11.866390128549,140.811214682926,0,0,0,0,0,0,0,0,0,11.866390128549
Random Forest,152,11.8965071842029,141.526883183792,0,0,0,0,0,0,0,0,0,11.8965071842029
Random Forest,153,11.9262914581162,142.236427943936,0,0,0,0,0,0,0,0,0,11.9262914581162
Random Forest,154,11.9557466273976,142.93987741853,0,0,0,0,0,0,0,0,0,11.9557466273976
Random Forest,155,11.9848763285252,143.637260610043,0,0,0,0,0,0,0,0,0,11.9848763285252
Random Forest,156,12.0136841577953,144.328607043262,0,0,0,0,0,0,0,0,0,12.0136841577953
Random Forest,157,12.0421736717667,145.013946740991,0,0,0,0,0,0,0,0,0,12.0421736717667
Random Forest,158,12.0703483876995,145.69331020044,0,0,0,0,0,0,0,0,0,12.0703483876995
Random Forest,159,12.0982117839895,146.366728370262,0,0,0,0,0,0,0,0,0,12.0982117839895
Random Forest,160,12.1257673005975,147.03423262824,0,0,0,0,0,0,0,0,0,12.1257673005975
Random Forest,161,12.1530183394742,147.695854759597,0,0,0,0,0,0,0,0,0,12.1530183394742
Random Forest,162,12.17996826498,148.351626935921,0,0,0,0,0,0,0,0,0,12.17996826498
Random Forest,163,12.2066204043004,149.001581694684,0,0,0,0,0,0,0,0,0,12.2066204043004
Random Forest,164,12.2329780478569,149.645751919348,0,0,0,0,0,0,0,0,0,12.2329780478569
Random Forest,165,12.2590444497128,150.284170820035,0,0,0,0,0,0,0,0,0,12.2590444497128
Random Forest,166,12.2848228279758,150.916871914756,0,0,0,0,0,0,0,0,0,12.2848228279758
Random Forest,167,12.3103163651943,151.543889011172,0,0,0,0,0,0,0,0,0,12.3103163651943
Random Forest,168,12.3355282087511,152.165256188894,0,0,0,0,0,0,0,0,0,12.3355282087511
Random Forest,169,12.3604614712514,152.781007782289,0,0,0,0,0,0,0,0,0,12.3604614712514
Random Forest,170,12.3851192309074,153.391178363792,0,0,0,0,0,0,0,0,0,12.3851192309074
Random Forest,171,12.4095045319183,153.995802727701,0,0,0,0,0,0,0,0,0,12.4095045319183
Random Forest,172,12.4336203848461,154.59491587446,0,0,0,0,0,0,0,0,0,12.4336203848461
Random Forest,173,12.4574697669872,155.1885529954,0,0,0,0,0,0,0,0,0,12.4574697669872
Random Forest,174,12.4810556227401,155.776749457931,0,0,0,0,0,0,0,0,0,12.4810556227401
Random Forest,175,12.5043808639687,156.359540791186,0,0,0,0,0,0,0,0,0,12.5043808639687
Random Forest,176,12.5274483703621,156.936962672088,0,0,0,0,0,0,0,0,0,12.5274483703621
Random Forest,177,12.5502609897899,157.509050911843,0,0,0,0,0,0,0,0,0,12.5502609897899
Random Forest,178,12.5728215386539,158.075841442839,0,0,0,0,0,0,0,0,0,12.5728215386539
Random Forest,179,12.5951328022356,158.63737030595,0,0,0,0,0,0,0,0,0,12.5951328022356
Random Forest,180,12.6171975350403,159.193673638227,0,0,0,0,0,0,0,0,0,12.6171975350403
Random Forest,181,12.6390184611372,159.744787660968,0,0,0,0,0,0,0,0,0,12.6390184611372
Random Forest,182,12.6605982744955,160.29074866816,0,0,0,0,0,0,0,0,0,12.6605982744955
Random Forest,183,12.6819396393171,160.831593015283,0,0,0,0,0,0,0,0,0,12.6819396393171
Random Forest,184,12.7030451903655,161.367357108468,0,0,0,0,0,0,0,0,0,12.7030451903655
Random Forest,185,12.7239175332911,161.898077393992,0,0,0,0,0,0,0,0,0,12.7239175332911
Random Forest,186,12.7445592449528,162.423790348111,0,0,0,0,0,0,0,0,0,12.7445592449528
Random Forest,187,12.7649728737363,162.944532467224,0,0,0,0,0,0,0,0,0,12.7649728737363
Random Forest,188,12.7851609398687,163.460340258344,0,0,0,0,0,0,0,0,0,12.7851609398687
Random Forest,189,12.8051259357294,163.971250229889,0,0,0,0,0,0,0,0,0,12.8051259357294
Random Forest,190,12.8248703261581,164.47729888277,0,0,0,0,0,0,0,0,0,12.8248703261581
Random Forest,191,12.8443965487589,164.97852270177,0,0,0,0,0,0,0,0,0,12.8443965487589
Random Forest,192,12.8637070142014,165.474958147215,0,0,0,0,0,0,0,0,0,12.8637070142014
Random Forest,193,12.8828041065183,165.966641646924,0,0,0,0,0,0,0,0,0,12.8828041065183
Random Forest,194,12.9016901833994,166.453609588424,0,0,0,0,0,0,0,0,0,12.9016901833994
Random Forest,195,12.9203675764832,166.935898311439,0,0,0,0,0,0,0,0,0,12.9203675764832
Random Forest,196,12.9388385916444,167.413544100628,0,0,0,0,0,0,0,0,0,12.9388385916444
Random Forest,197,12.9571055092788,167.886583178583,0,0,0,0,0,0,0,0,0,12.9571055092788
Random Forest,198,12.9751705845845,168.355051699067,0,0,0,0,0,0,0,0,0,12.9751705845845
Random Forest,199,12.9930360478407,168.818985740488,0,0,0,0,0,0,0,0,0,12.9930360478407
Random Forest,200,13.0107041046828,169.27842129961,0,0,0,0,0,0,0,0,0,13.0107041046828
Random Forest,201,13.0281769363749,169.733394285491,0,0,0,0,0,0,0,0,0,13.0281769363749
Random Forest,202,13.0454567000789,170.183940513633,0,0,0,0,0,0,0,0,0,13.0454567000789
Random Forest,203,13.0625455291208,170.630095700354,0,0,0,0,0,0,0,0,0,13.0625455291208
Random Forest,204,13.0794455332544,171.071895457369,0,0,0,0,0,0,0,0,0,13.0794455332544
Random Forest,205,13.0961587989214,171.509375286567,0,0,0,0,0,0,0,0,0,13.0961587989214
Random Forest,206,13.1126873895092,171.942570574993,0,0,0,0,0,0,0,0,0,13.1126873895092
Random Forest,207,13.1290333456054,172.371516590019,0,0,0,0,0,0,0,0,0,13.1290333456054
Random Forest,208,13.1451986852502,172.796248474702,0,0,0,0,0,0,0,0,0,13.1451986852502
Random Forest,209,13.1611854041849,173.21680124333,0,0,0,0,0,0,0,0,0,13.1611854041849
Random Forest,210,13.1769954760989,173.633209777132,0,0,0,0,0,0,0,0,0,13.1769954760989
Random Forest,211,13.1926308528731,174.04550882018,0,0,0,0,0,0,0,0,0,13.1926308528731
Random Forest,212,13.2080934648207,174.453732975439,0,0,0,0,0,0,0,0,0,13.2080934648207
Random Forest,213,13.2233852209257,174.857916700997,0,0,0,0,0,0,0,0,0,13.2233852209257
Random Forest,214,13.2385080090788,175.258094306443,0,0,0,0,0,0,0,0,0,13.2385080090788
Random Forest,215,13.25346369631,175.654299949407,0,0,0,0,0,0,0,0,0,13.25346369631
Random Forest,216,13.2682541290194,176.046567632241,0,0,0,0,0,0,0,0,0,13.2682541290194
Random Forest,217,13.2828811332053,176.43493119886,0,0,0,0,0,0,0,0,0,13.2828811332053
Random Forest,218,13.297346514689,176.819424331713,0,0,0,0,0,0,0,0,0,13.297346514689
Random Forest,219,13.3116520593387,177.200080548897,0,0,0,0,0,0,0,0,0,13.3116520593387
Random Forest,220,13.3257995332891,177.576933201407,0,0,0,0,0,0,0,0,0,13.3257995332891
Random Forest,221,13.3397906831598,177.950015470517,0,0,0,0,0,0,0,0,0,13.3397906831598
Random Forest,222,13.3536272362711,178.319360365282,0,0,0,0,0,0,0,0,0,13.3536272362711
Random Forest,223,13.3673109008571,178.685000720172,0,0,0,0,0,0,0,0,0,13.3673109008571
Random Forest,224,13.3808433662763,179.04696919282,0,0,0,0,0,0,0,0,0,13.3808433662763
Random Forest,225,13.3942263032207,179.40529826189,0,0,0,0,0,0,0,0,0,13.3942263032207
Random Forest,226,13.4074613639218,179.760020225057,0,0,0,0,0,0,0,0,0,13.4074613639218
Random Forest,227,13.4205501823545,180.111167197096,0,0,0,0,0,0,0,0,0,13.4205501823545
Random Forest,228,13.4334943744389,180.458771108083,0,0,0,0,0,0,0,0,0,13.4334943744389
Random Forest,229,13.4462955382399,180.80286370169,0,0,0,0,0,0,0,0,0,13.4462955382399
Random Forest,230,13.4589552541643,181.143476533597,0,0,0,0,0,0,0,0,0,13.4589552541643
Random Forest,231,13.4714750851561,181.480640969981,0,0,0,0,0,0,0,0,0,13.4714750851561
Random Forest,232,13.4838565768893,181.81438818612,0,0,0,0,0,0,0,0,0,13.4838565768893
Random Forest,233,13.4961012579589,182.144749165079,0,0,0,0,0,0,0,0,0,13.4961012579589
Random Forest,234,13.5082106400694,182.471754696485,0,0,0,0,0,0,0,0,0,13.5082106400694
Random Forest,235,13.5201862182218,182.795435375394,0,0,0,0,0,0,0,0,0,13.5201862182218
Random Forest,236,13.5320294708975,183.115821601239,0,0,0,0,0,0,0,0,0,13.5320294708975
Random Forest,237,13.5437418602417,183.432943576865,0,0,0,0,0,0,0,0,0,13.5437418602417
Random Forest,238,13.5553248322433,183.746831307631,0,0,0,0,0,0,0,0,0,13.5553248322433
Random Forest,239,13.5667798169134,184.057514600608,0,0,0,0,0,0,0,0,0,13.5667798169134
Random Forest,240,13.5781082284622,184.365023063833,0,0,0,0,0,0,0,0,0,13.5781082284622
Random Forest,241,13.5893114654735,184.66938610565,0,0,0,0,0,0,0,0,0,13.5893114654735
Random Forest,242,13.6003909110772,184.970632934111,0,0,0,0,0,0,0,0,0,13.6003909110772
Random Forest,243,13.6113479331201,185.268792556453,0,0,0,0,0,0,0,0,0,13.6113479331201
Random Forest,244,13.622183884335,185.563893778635,0,0,0,0,0,0,0,0,0,13.622183884335
Random Forest,245,13.6329001025073,185.855965204943,0,0,0,0,0,0,0,0,0,13.6329001025073
Random Forest,246,13.6434979106405,186.145035237652,0,0,0,0,0,0,0,0,0,13.6434979106405
Random Forest,247,13.6539786171196,186.431132076758,0,0,0,0,0,0,0,0,0,13.6539786171196
Random Forest,248,13.6643435158721,186.714283719755,0,0,0,0,0,0,0,0,0,13.6643435158721
Random Forest,249,13.6745938865284,186.994517961479,0,0,0,0,0,0,0,0,0,13.6745938865284
Random Forest,250,13.6847309945793,187.271862394,0,0,0,0,0,0,0,0,0,13.6847309945793
Random Forest,251,13.6947560915326,187.546344406571,0,0,0,0,0,0,0,0,0,13.6947560915326
Random Forest,252,13.7046704150673,187.817991185622,0,0,0,0,0,0,0,0,0,13.7046704150673
Random Forest,253,13.7144751891865,188.086829714813,0,0,0,0,0,0,0,0,0,13.7144751891865
Random Forest,254,13.7241716243687,188.352886775126,0,0,0,0,0,0,0,0,0,13.7241716243687
Random Forest,255,13.7337609177168,188.616188945006,0,0,0,0,0,0,0,0,0,13.7337609177168
Random Forest,256,13.7432442531065,188.876762600545,0,0,0,0,0,0,0,0,0,13.7432442531065
Random Forest,257,13.7526228013319,189.134633915715,0,0,0,0,0,0,0,0,0,13.7526228013319
Random Forest,258,13.7618977202505,189.389828862636,0,0,0,0,0,0,0,0,0,13.7618977202505
Random Forest,259,13.7710701549257,189.642373211884,0,0,0,0,0,0,0,0,0,13.7710701549257
Random Forest,260,13.7801412377685,189.892292532847,0,0,0,0,0,0,0,0,0,13.7801412377685
Random Forest,261,13.7891120886772,190.139612194102,0,0,0,0,0,0,0,0,0,13.7891120886772
Random Forest,262,13.7979838151756,190.384357363848,0,0,0,0,0,0,0,0,0,13.7979838151756
Random Forest,263,13.80675751255,190.626553010355,0,0,0,0,0,0,0,0,0,13.80675751255
Random Forest,264,13.8154342639839,190.86622390246,0,0,0,0,0,0,0,0,0,13.8154342639839
Random Forest,265,13.8240151406922,191.103394610089,0,0,0,0,0,0,0,0,0,13.8240151406922
Random Forest,266,13.8325012020535,191.338089504811,0,0,0,0,0,0,0,0,0,13.8325012020535
Random Forest,267,13.8408934957402,191.570332760424,0,0,0,0,0,0,0,0,0,13.8408934957402
Random Forest,268,13.8491930578488,191.800148353568,0,0,0,0,0,0,0,0,0,13.8491930578488
Random Forest,269,13.8574009130271,192.027560064364,0,0,0,0,0,0,0,0,0,13.8574009130271
Random Forest,270,13.8655180746009,192.252591477084,0,0,0,0,0,0,0,0,0,13.8655180746009
Random Forest,271,13.8735455446993,192.475265980845,0,0,0,0,0,0,0,0,0,13.8735455446993
Random Forest,272,13.8814843143781,192.695606770326,0,0,0,0,0,0,0,0,0,13.8814843143781
Random Forest,273,13.8893353637425,192.913636846509,0,0,0,0,0,0,0,0,0,13.8893353637425
Random Forest,274,13.8970996620678,193.129379017445,0,0,0,0,0,0,0,0,0,13.8970996620678
Random Forest,275,13.9047781679192,193.342855899043,0,0,0,0,0,0,0,0,0,13.9047781679192
Random Forest,276,13.9123718292701,193.554089915869,0,0,0,0,0,0,0,0,0,13.9123718292701
Random Forest,277,13.9198815836193,193.763103301984,0,0,0,0,0,0,0,0,0,13.9198815836193
Random Forest,278,13.9273083581064,193.969918101781,0,0,0,0,0,0,0,0,0,13.9273083581064
Random Forest,279,13.9346530696266,194.174556170855,0,0,0,0,0,0,0,0,0,13.9346530696266
Random Forest,280,13.9419166249438,194.377039176885,0,0,0,0,0,0,0,0,0,13.9419166249438
Random Forest,281,13.9490999208024,194.57738860053,0,0,0,0,0,0,0,0,0,13.9490999208024
Random Forest,282,13.9562038440382,194.775625736345,0,0,0,0,0,0,0,0,0,13.9562038440382
Random Forest,283,13.9632292716877,194.971771693716,0,0,0,0,0,0,0,0,0,13.9632292716877
Random Forest,284,13.9701770710966,195.165847397794,0,0,0,0,0,0,0,0,0,13.9701770710966
Random Forest,285,13.9770481000268,195.357873590464,0,0,0,0,0,0,0,0,0,13.9770481000268
Random Forest,286,13.9838432067622,195.54787083131,0,0,0,0,0,0,0,0,0,13.9838432067622
Random Forest,287,13.9905632302135,195.735859498601,0,0,0,0,0,0,0,0,0,13.9905632302135
Random Forest,288,13.9972090000217,195.921859790287,0,0,0,0,0,0,0,0,0,13.9972090000217
Random Forest,289,14.0037813366606,196.105891725004,0,0,0,0,0,0,0,0,0,14.0037813366606
Random Forest,290,14.0102810515383,196.287975143093,0,0,0,0,0,0,0,0,0,14.0102810515383
Random Forest,291,14.0167089470969,196.468129707625,0,0,0,0,0,0,0,0,0,14.0167089470969
Random Forest,292,14.0230658169118,196.646374905441,0,0,0,0,0,0,0,0,0,14.0230658169118
Random Forest,293,14.0293524457901,196.822730048196,0,0,0,0,0,0,0,0,0,14.0293524457901
Random Forest,294,14.0355696098665,196.997214273409,0,0,0,0,0,0,0,0,0,14.0355696098665
Random Forest,295,14.0417180767003,197.169846545531,0,0,0,0,0,0,0,0,0,14.0417180767003
Random Forest,296,14.047798605369,197.340645657008,0,0,0,0,0,0,0,0,0,14.047798605369
Random Forest,297,14.0538119465631,197.50963022936,0,0,0,0,0,0,0,0,0,14.0538119465631
Random Forest,298,14.059758842678,197.676818714262,0,0,0,0,0,0,0,0,0,14.059758842678
Random Forest,299,14.0656400279059,197.842229394627,0,0,0,0,0,0,0,0,0,14.0656400279059
Random Forest,300,14.0714562283265,198.005880385708,0,0,0,0,0,0,0,0,0,14.0714562283265
Random Forest,301,14.0772081619967,198.167789636185,0,0,0,0,0,0,0,0,0,14.0772081619967
Random Forest,302,14.082896539039,198.327974929276,0,0,0,0,0,0,0,0,0,14.082896539039
Random Forest,303,14.0885220617294,198.486453883837,0,0,0,0,0,0,0,0,0,14.0885220617294
Random Forest,304,14.0940854245841,198.643243955475,0,0,0,0,0,0,0,0,0,14.0940854245841
Random Forest,305,14.0995873144451,198.798362437661,0,0,0,0,0,0,0,0,0,14.0995873144451
Random Forest,306,14.1050284105649,198.951826462844,0,0,0,0,0,0,0,0,0,14.1050284105649
Random Forest,307,14.1104093846908,199.103653003571,0,0,0,0,0,0,0,0,0,14.1104093846908
Random Forest,308,14.1157309011474,199.253858873608,0,0,0,0,0,0,0,0,0,14.1157309011474
Random Forest,309,14.1209936169188,199.402460729061,0,0,0,0,0,0,0,0,0,14.1209936169188
Random Forest,310,14.1261981817296,199.549475069501,0,0,0,0,0,0,0,0,0,14.1261981817296
Random Forest,311,14.1313452381254,199.69491823909,0,0,0,0,0,0,0,0,0,14.1313452381254
Random Forest,312,14.1364354215517,199.838806427703,0,0,0,0,0,0,0,0,0,14.1364354215517
Random Forest,313,14.1414693604328,199.98115567206,0,0,0,0,0,0,0,0,0,14.1414693604328
Random Forest,314,14.1464476762489,200.121981856848,0,0,0,0,0,0,0,0,0,14.1464476762489
Random Forest,315,14.1513709836133,200.261300715851,0,0,0,0,0,0,0,0,0,14.1513709836133
Random Forest,316,14.1562398903478,200.399127833076,0,0,0,0,0,0,0,0,0,14.1562398903478
Random Forest,317,14.1610549975585,200.535478643875,0,0,0,0,0,0,0,0,0,14.1610549975585
Random Forest,318,14.1658168997089,200.670368436078,0,0,0,0,0,0,0,0,0,14.1658168997089
Random Forest,319,14.1705261846943,200.803812351108,0,0,0,0,0,0,0,0,0,14.1705261846943
Random Forest,320,14.175183433914,200.935825385109,0,0,0,0,0,0,0,0,0,14.175183433914
Random Forest,321,14.1797892223428,201.066422390069,0,0,0,0,0,0,0,0,0,14.1797892223428
Random Forest,322,14.1843441186025,201.195618074933,0,0,0,0,0,0,0,0,0,14.1843441186025
Random Forest,323,14.1888486850317,201.323427006725,0,0,0,0,0,0,0,0,0,14.1888486850317
Random Forest,324,14.1933034777554,201.449863611665,0,0,0,0,0,0,0,0,0,14.1933034777554
Random Forest,325,14.1977090467538,201.574942176276,0,0,0,0,0,0,0,0,0,14.1977090467538
Random Forest,326,14.2020659359298,201.698676848499,0,0,0,0,0,0,0,0,0,14.2020659359298
Random Forest,327,14.2063746831766,201.8210816388,0,0,0,0,0,0,0,0,0,14.2063746831766
Random Forest,328,14.2106358204436,201.942170421275,0,0,0,0,0,0,0,0,0,14.2106358204436
Random Forest,329,14.2148498738027,202.061956934748,0,0,0,0,0,0,0,0,0,14.2148498738027
Random Forest,330,14.2190173635126,202.180454783873,0,0,0,0,0,0,0,0,0,14.2190173635126
Random Forest,331,14.2231388040836,202.29767744023,0,0,0,0,0,0,0,0,0,14.2231388040836
Random Forest,332,14.2272147043408,202.413638243411,0,0,0,0,0,0,0,0,0,14.2272147043408
Random Forest,333,14.2312455674869,202.528350402115,0,0,0,0,0,0,0,0,0,14.2312455674869
Random Forest,334,14.2352318911643,202.641826995223,0,0,0,0,0,0,0,0,0,14.2352318911643
Random Forest,335,14.239174167517,202.754080972885,0,0,0,0,0,0,0,0,0,14.239174167517
Random Forest,336,14.2430728832507,202.865125157593,0,0,0,0,0,0,0,0,0,14.2430728832507
Random Forest,337,14.2469285196933,202.974972245251,0,0,0,0,0,0,0,0,0,14.2469285196933
Random Forest,338,14.2507415528542,203.083634806246,0,0,0,0,0,0,0,0,0,14.2507415528542
Random Forest,339,14.2545124534831,203.191125286504,0,0,0,0,0,0,0,0,0,14.2545124534831
Random Forest,340,14.2582416871279,203.297456008553,0,0,0,0,0,0,0,0,0,14.2582416871279
Random Forest,341,14.2619297141928,203.402639172576,0,0,0,0,0,0,0,0,0,14.2619297141928
Random Forest,342,14.2655769899943,203.506686857456,0,0,0,0,0,0,0,0,0,14.2655769899943
Random Forest,343,14.2691839648181,203.609611021823,0,0,0,0,0,0,0,0,0,14.2691839648181
Random Forest,344,14.2727510839743,203.711423505089,0,0,0,0,0,0,0,0,0,14.2727510839743
Random Forest,345,14.2762787878524,203.812136028485,0,0,0,0,0,0,0,0,0,14.2762787878524
Random Forest,346,14.279767511976,203.911760196086,0,0,0,0,0,0,0,0,0,14.279767511976
Random Forest,347,14.2832176870562,204.010307495835,0,0,0,0,0,0,0,0,0,14.2832176870562
Random Forest,348,14.2866297390449,204.107789300561,0,0,0,0,0,0,0,0,0,14.2866297390449
Random Forest,349,14.2900040891874,204.204216868991,0,0,0,0,0,0,0,0,0,14.2900040891874
Random Forest,350,14.2933411540744,204.299601346756,0,0,0,0,0,0,0,0,0,14.2933411540744
Random Forest,351,14.2966413456935,204.393953767393,0,0,0,0,0,0,0,0,0,14.2966413456935
Random Forest,352,14.29990507148,204.487285053339,0,0,0,0,0,0,0,0,0,14.29990507148
Random Forest,353,14.3031327343671,204.579606016923,0,0,0,0,0,0,0,0,0,14.3031327343671
Random Forest,354,14.3063247328358,204.670927361348,0,0,0,0,0,0,0,0,0,14.3063247328358
Random Forest,355,14.309481460964,204.761259681672,0,0,0,0,0,0,0,0,0,14.309481460964
Random Forest,356,14.3126033084753,204.850613465778,0,0,0,0,0,0,0,0,0,14.3126033084753
Random Forest,357,14.3156906607869,204.938999095342,0,0,0,0,0,0,0,0,0,14.3156906607869
Random Forest,358,14.3187438990574,205.026426846794,0,0,0,0,0,0,0,0,0,14.3187438990574
Random Forest,359,14.3217634002336,205.112906892271,0,0,0,0,0,0,0,0,0,14.3217634002336
Random Forest,360,14.3247495370973,205.198449300569,0,0,0,0,0,0,0,0,0,14.3247495370973
Random Forest,361,14.3277026783111,205.283064038083,0,0,0,0,0,0,0,0,0,14.3277026783111
Random Forest,362,14.3306231884641,205.366760969746,0,0,0,0,0,0,0,0,0,14.3306231884641
Random Forest,363,14.3335114281169,205.449549859958,0,0,0,0,0,0,0,0,0,14.3335114281169
Random Forest,364,14.3363677538459,205.531440373513,0,0,0,0,0,0,0,0,0,14.3363677538459
Random Forest,365,14.3391925182876,205.612442076514,0,0,0,0,0,0,0,0,0,14.3391925182876
Random Forest,366,14.3419860701818,205.692564437288,0,0,0,0,0,0,0,0,0,14.3419860701818
Random Forest,367,14.3447487544151,205.771816827293,0,0,0,0,0,0,0,0,0,14.3447487544151
Random Forest,368,14.3474809120631,205.850208522015,0,0,0,0,0,0,0,0,0,14.3474809120631
Random Forest,369,14.3501828804327,205.927748701865,0,0,0,0,0,0,0,0,0,14.3501828804327
Random Forest,370,14.3528549931037,206.004446453063,0,0,0,0,0,0,0,0,0,14.3528549931037
Random Forest,371,14.35549757997,206.080310768524,0,0,0,0,0,0,0,0,0,14.35549757997
Random Forest,372,14.3581109672801,206.155350548728,0,0,0,0,0,0,0,0,0,14.3581109672801
Random Forest,373,14.3606954776778,206.229574602594,0,0,0,0,0,0,0,0,0,14.3606954776778
Random Forest,374,14.3632514302417,206.30299164834,0,0,0,0,0,0,0,0,0,14.3632514302417
Random Forest,375,14.3657791405248,206.375610314338,0,0,0,0,0,0,0,0,0,14.3657791405248
Random Forest,376,14.3682789205933,206.447439139967,0,0,0,0,0,0,0,0,0,14.3682789205933
Random Forest,377,14.3707510790652,206.518486576455,0,0,0,0,0,0,0,0,0,14.3707510790652
Random Forest,378,14.3731959211484,206.588760987718,0,0,0,0,0,0,0,0,0,14.3731959211484
Random Forest,379,14.3756137486784,206.65827065119,0,0,0,0,0,0,0,0,0,14.3756137486784
Random Forest,380,14.3780048601553,206.72702375865,0,0,0,0,0,0,0,0,0,14.3780048601553
Random Forest,381,14.3803695507813,206.795028417038,0,0,0,0,0,0,0,0,0,14.3803695507813
Random Forest,382,14.3827081124965,206.862292649271,0,0,0,0,0,0,0,0,0,14.3827081124965
Random Forest,383,14.385020834015,206.928824395046,0,0,0,0,0,0,0,0,0,14.385020834015
Random Forest,384,14.3873080008611,206.994631511643,0,0,0,0,0,0,0,0,0,14.3873080008611
Random Forest,385,14.389569895404,207.059721774717,0,0,0,0,0,0,0,0,0,14.389569895404
Random Forest,386,14.3918067968927,207.124102879087,0,0,0,0,0,0,0,0,0,14.3918067968927
Random Forest,387,14.3940189814908,207.187782439516,0,0,0,0,0,0,0,0,0,14.3940189814908
Random Forest,388,14.3962067223102,207.250767991489,0,0,0,0,0,0,0,0,0,14.3962067223102
Random Forest,389,14.3983702894452,207.31306699198,0,0,0,0,0,0,0,0,0,14.3983702894452
Random Forest,390,14.4005099500057,207.374686820214,0,0,0,0,0,0,0,0,0,14.4005099500057
Random Forest,391,14.40262596815,207.435634778428,0,0,0,0,0,0,0,0,0,14.40262596815
Random Forest,392,14.4047186051175,207.495918092617,0,0,0,0,0,0,0,0,0,14.4047186051175
Random Forest,393,14.4067881192611,207.555543913284,0,0,0,0,0,0,0,0,0,14.4067881192611
Random Forest,394,14.4088347660792,207.614519316171,0,0,0,0,0,0,0,0,0,14.4088347660792
Random Forest,395,14.4108587982466,207.672851303001,0,0,0,0,0,0,0,0,0,14.4108587982466
Random Forest,396,14.4128604656465,207.730546802196,0,0,0,0,0,0,0,0,0,14.4128604656465
Random Forest,397,14.4148400154009,207.787612669603,0,0,0,0,0,0,0,0,0,14.4148400154009
Random Forest,398,14.4167976919011,207.844055689206,0,0,0,0,0,0,0,0,0,14.4167976919011
Random Forest,399,14.4187337368382,207.899882573835,0,0,0,0,0,0,0,0,0,14.4187337368382
Random Forest,400,14.4206483892323,207.955099965868,0,0,0,0,0,0,0,0,0,14.4206483892323
Random Forest,401,14.4225418854629,208.009714437931,0,0,0,0,0,0,0,0,0,14.4225418854629
Random Forest,402,14.4244144592972,208.063732493582,0,0,0,0,0,0,0,0,0,14.4244144592972
Random Forest,403,14.4262663419197,208.117160568004,0,0,0,0,0,0,0,0,0,14.4262663419197
Random Forest,404,14.4280977619601,208.170005028677,0,0,0,0,0,0,0,0,0,14.4280977619601
Random Forest,405,14.429908945522,208.222272176055,0,0,0,0,0,0,0,0,0,14.429908945522
Random Forest,406,14.4317001162106,208.273968244234,0,0,0,0,0,0,0,0,0,14.4317001162106
Random Forest,407,14.4334714951604,208.325099401609,0,0,0,0,0,0,0,0,0,14.4334714951604
Random Forest,408,14.4352233010624,208.375671751536,0,0,0,0,0,0,0,0,0,14.4352233010624
Random Forest,409,14.4369557501912,208.425691332979,0,0,0,0,0,0,0,0,0,14.4369557501912
Random Forest,410,14.4386690564315,208.475164121153,0,0,0,0,0,0,0,0,0,14.4386690564315
Random Forest,411,14.4403634313049,208.524096028167,0,0,0,0,0,0,0,0,0,14.4403634313049
Random Forest,412,14.4420390839955,208.572492903653,0,0,0,0,0,0,0,0,0,14.4420390839955
Random Forest,413,14.4436962213762,208.620360535397,0,0,0,0,0,0,0,0,0,14.4436962213762
Random Forest,414,14.4453350480339,208.667704649957,0,0,0,0,0,0,0,0,0,14.4453350480339
Random Forest,415,14.4469557662951,208.714530913287,0,0,0,0,0,0,0,0,0,14.4469557662951
Random Forest,416,14.4485585762504,208.76084493134,0,0,0,0,0,0,0,0,0,14.4485585762504
Random Forest,417,14.4501436757797,208.806652250676,0,0,0,0,0,0,0,0,0,14.4501436757797
Random Forest,418,14.4517112605762,208.851958359066,0,0,0,0,0,0,0,0,0,14.4517112605762
Random Forest,419,14.453261524171,208.896768686083,0,0,0,0,0,0,0,0,0,14.453261524171
Random Forest,420,14.4547946579566,208.941088603691,0,0,0,0,0,0,0,0,0,14.4547946579566
Random Forest,421,14.4563108512107,208.984923426833,0,0,0,0,0,0,0,0,0,14.4563108512107
Random Forest,422,14.4578102911196,209.028278414004,0,0,0,0,0,0,0,0,0,14.4578102911196
Random Forest,423,14.4592931628012,209.07115876783,0,0,0,0,0,0,0,0,0,14.4592931628012
Random Forest,424,14.460759649328,209.113569635633,0,0,0,0,0,0,0,0,0,14.460759649328
Random Forest,425,14.4622099317496,209.155516109996,0,0,0,0,0,0,0,0,0,14.4622099317496
Random Forest,426,14.463644189115,209.19700322932,0,0,0,0,0,0,0,0,0,14.463644189115
Random Forest,427,14.4650625984948,209.238035978374,0,0,0,0,0,0,0,0,0,14.4650625984948
Random Forest,428,14.4664653350032,209.27861928885,0,0,0,0,0,0,0,0,0,14.4664653350032
Random Forest,429,14.4678525718193,209.318758039898,0,0,0,0,0,0,0,0,0,14.4678525718193
Random Forest,430,14.4692244802086,209.358457058667,0,0,0,0,0,0,0,0,0,14.4692244802086
Random Forest,431,14.4705812295442,209.397721120837,0,0,0,0,0,0,0,0,0,14.4705812295442
Random Forest,432,14.4719229873279,209.436554951149,0,0,0,0,0,0,0,0,0,14.4719229873279
Random Forest,433,14.4732499192104,209.474963223923,0,0,0,0,0,0,0,0,0,14.4732499192104
Random Forest,434,14.4745621890121,209.51295056358,0,0,0,0,0,0,0,0,0,14.4745621890121
Random Forest,435,14.4758599587434,209.550521545152,0,0,0,0,0,0,0,0,0,14.4758599587434
Random Forest,436,14.4771433886244,209.587680694792,0,0,0,0,0,0,0,0,0,14.4771433886244
Random Forest,437,14.4784126371049,209.624432490278,0,0,0,0,0,0,0,0,0,14.4784126371049
Random Forest,438,14.4796678608837,209.660781361509,0,0,0,0,0,0,0,0,0,14.4796678608837
Random Forest,439,14.4809092149284,209.696731690999,0,0,0,0,0,0,0,0,0,14.4809092149284
Random Forest,440,14.4821368524942,209.732287814372,0,0,0,0,0,0,0,0,0,14.4821368524942
Random Forest,441,14.4833509251428,209.767454020836,0,0,0,0,0,0,0,0,0,14.4833509251428
Random Forest,442,14.4845515827613,209.802234553673,0,0,0,0,0,0,0,0,0,14.4845515827613
Random Forest,443,14.4857389735805,209.836633610709,0,0,0,0,0,0,0,0,0,14.4857389735805
Random Forest,444,14.4869132441934,209.870655344785,0,0,0,0,0,0,0,0,0,14.4869132441934
Random Forest,445,14.4880745395731,209.904303864227,0,0,0,0,0,0,0,0,0,14.4880745395731
Random Forest,446,14.489223003091,209.937583233302,0,0,0,0,0,0,0,0,0,14.489223003091
Random Forest,447,14.4903587765341,209.970497472679,0,0,0,0,0,0,0,0,0,14.4903587765341
Random Forest,448,14.4914820001228,210.003050559883,0,0,0,0,0,0,0,0,0,14.4914820001228
Random Forest,449,14.4925928125281,210.035246429742,0,0,0,0,0,0,0,0,0,14.4925928125281
Random Forest,450,14.4936913508888,210.067088974829,0,0,0,0,0,0,0,0,0,14.4936913508888
Random Forest,451,14.4947777508282,210.098582045905,0,0,0,0,0,0,0,0,0,14.4947777508282
Random Forest,452,14.4958521464713,210.129729452356,0,0,0,0,0,0,0,0,0,14.4958521464713
Random Forest,453,14.4969146704607,210.160534962619,0,0,0,0,0,0,0,0,0,14.4969146704607
Random Forest,454,14.4979654539737,210.191002304615,0,0,0,0,0,0,0,0,0,14.4979654539737
Random Forest,455,14.4990046267379,210.221135166168,0,0,0,0,0,0,0,0,0,14.4990046267379
Random Forest,456,14.5000323170477,210.250937195426,0,0,0,0,0,0,0,0,0,14.5000323170477
Random Forest,457,14.5010486517795,210.280412001277,0,0,0,0,0,0,0,0,0,14.5010486517795
Random Forest,458,14.5020537564083,210.309563153756,0,0,0,0,0,0,0,0,0,14.5020537564083
Random Forest,459,14.5030477550222,210.338394184454,0,0,0,0,0,0,0,0,0,14.5030477550222
Random Forest,460,14.5040307703383,210.366908586921,0,0,0,0,0,0,0,0,0,14.5040307703383
Random Forest,461,14.5050029237179,210.395109817065,0,0,0,0,0,0,0,0,0,14.5050029237179
Random Forest,462,14.5059643351811,210.423001293547,0,0,0,0,0,0,0,0,0,14.5059643351811
Random Forest,463,14.5069151234219,210.450586398168,0,0,0,0,0,0,0,0,0,14.5069151234219
Random Forest,464,14.5078554058228,210.477868476262,0,0,0,0,0,0,0,0,0,14.5078554058228
Random Forest,465,14.5087852984692,210.504850837076,0,0,0,0,0,0,0,0,0,14.5087852984692
Random Forest,466,14.5097049161639,210.53153675415,0,0,0,0,0,0,0,0,0,14.5097049161639
Random Forest,467,14.510614372441,210.557929465691,0,0,0,0,0,0,0,0,0,14.510614372441
Random Forest,468,14.5115137795803,210.584032174949,0,0,0,0,0,0,0,0,0,14.5115137795803
Random Forest,469,14.5124032486209,210.609848050581,0,0,0,0,0,0,0,0,0,14.5124032486209
Random Forest,470,14.5132828893748,210.635380227019,0,0,0,0,0,0,0,0,0,14.5132828893748
Random Forest,471,14.5141528104408,210.660631804827,0,0,0,0,0,0,0,0,0,14.5141528104408
Random Forest,472,14.5150131192177,210.685605851063,0,0,0,0,0,0,0,0,0,14.5150131192177
Random Forest,473,14.5158639219176,210.710305399628,0,0,0,0,0,0,0,0,0,14.5158639219176
Random Forest,474,14.5167053235788,210.734733451621,0,0,0,0,0,0,0,0,0,14.5167053235788
Random Forest,475,14.5175374280792,210.758892975681,0,0,0,0,0,0,0,0,0,14.5175374280792
Random Forest,476,14.5183603381488,210.782786908333,0,0,0,0,0,0,0,0,0,14.5183603381488
Random Forest,477,14.5191741553825,210.806418154328,0,0,0,0,0,0,0,0,0,14.5191741553825
Random Forest,478,14.5199789802526,210.829789586978,0,0,0,0,0,0,0,0,0,14.5199789802526
Random Forest,479,14.5207749121212,210.852904048488,0,0,0,0,0,0,0,0,0,14.5207749121212
Random Forest,480,14.5215620492525,210.87576435029,0,0,0,0,0,0,0,0,0,14.5215620492525
Random Forest,481,14.5223404888249,210.898373273363,0,0,0,0,0,0,0,0,0,14.5223404888249
Random Forest,482,14.5231103269431,210.92073356856,0,0,0,0,0,0,0,0,0,14.5231103269431
Random Forest,483,14.5238716586497,210.942847956929,0,0,0,0,0,0,0,0,0,14.5238716586497
Random Forest,484,14.5246245779374,210.964719130024,0,0,0,0,0,0,0,0,0,14.5246245779374
Random Forest,485,14.5253691777601,210.986349750223,0,0,0,0,0,0,0,0,0,14.5253691777601
Random Forest,486,14.5261055500446,211.007742451036,0,0,0,0,0,0,0,0,0,14.5261055500446
Random Forest,487,14.526833785702,211.028899837413,0,0,0,0,0,0,0,0,0,14.526833785702
Random Forest,488,14.5275539746389,211.049824486047,0,0,0,0,0,0,0,0,0,14.5275539746389
Random Forest,489,14.5282662057684,211.070518945673,0,0,0,0,0,0,0,0,0,14.5282662057684
Random Forest,490,14.5289705670212,211.090985737369,0,0,0,0,0,0,0,0,0,14.5289705670212
Random Forest,491,14.5296671453564,211.111227354848,0,0,0,0,0,0,0,0,0,14.5296671453564
Random Forest,492,14.5303560267721,211.131246264752,0,0,0,0,0,0,0,0,0,14.5303560267721
Random Forest,493,14.5310372963164,211.151044906937,0,0,0,0,0,0,0,0,0,14.5310372963164
Random Forest,494,14.5317110380974,211.170625694761,0,0,0,0,0,0,0,0,0,14.5317110380974
Random Forest,495,14.532377335294,211.189991015367,0,0,0,0,0,0,0,0,0,14.532377335294
Random Forest,496,14.533036270166,211.20914322996,0,0,0,0,0,0,0,0,0,14.533036270166
Random Forest,497,14.5336879240641,211.228084674088,0,0,0,0,0,0,0,0,0,14.5336879240641
Random Forest,498,14.5343323774404,211.246817657913,0,0,0,0,0,0,0,0,0,14.5343323774404
Random Forest,499,14.5349697098578,211.265344466482,0,0,0,0,0,0,0,0,0,14.5349697098578
Random Forest,500,14.5356,211.28366736,0,0,0,0,0,0,0,0,0,14.5356
MLP,1,0.219788882720506,0.0483071529675283,0,0,0,0,0,0,0,0,0,0.219788882720506
MLP,2,0.437149183849426,0.191099408940219,0,0,0,0,0,0,0,0,0,0.437149183849426
MLP,3,0.652107738267915,0.425244502308895,0,0,0,0,0,0,0,0,0,0.652107738267915
MLP,4,0.864691084342138,0.747690671340783,0,0,0,0,0,0,0,0,0,0.864691084342138
MLP,5,1.07492546719965,1.15546476003438,0,0,0,0,0,0,0,0,0,1.07492546719965
MLP,6,1.28283684196955,1.6456703631144,0,0,0,0,0,0,0,0,0,1.28283684196955
MLP,7,1.48845087698687,2.21548601320299,0,0,0,0,0,0,0,0,0,1.48845087698687
MLP,8,1.69179295696156,2.86216340922473,0,0,0,0,0,0,0,0,0,1.69179295696156
MLP,9,1.89288818611235,3.58302568512371,0,0,0,0,0,0,0,0,0,1.89288818611235
MLP,10,2.09176139126618,4.37546571799183,0,0,0,0,0,0,0,0,0,2.09176139126618
MLP,11,2.28843712492319,5.23694447472672,0,0,0,0,0,0,0,0,0,2.28843712492319
MLP,12,2.48293966828796,6.16498939635793,0,0,0,0,0,0,0,0,0,2.48293966828796
MLP,13,2.67529303426721,7.15719281919863,0,0,0,0,0,0,0,0,0,2.67529303426721
MLP,14,2.86552097043438,8.21121043199918,0,0,0,0,0,0,0,0,0,2.86552097043438
MLP,15,3.05364696196148,9.32475976829659,0,0,0,0,0,0,0,0,0,3.05364696196148
MLP,16,3.23969423451852,10.4956187331725,0,0,0,0,0,0,0,0,0,3.23969423451852
MLP,17,3.42368575714087,11.7216241636492,0,0,0,0,0,0,0,0,0,3.42368575714087
MLP,18,3.60564424506502,13.0006704219705,0,0,0,0,0,0,0,0,0,3.60564424506502
MLP,19,3.78559216253295,14.3307080210309,0,0,0,0,0,0,0,0,0,3.78559216253295
MLP,20,3.96355172556549,15.7097422812332,0,0,0,0,0,0,0,0,0,3.96355172556549
MLP,21,4.13954490470509,17.1358320180699,0,0,0,0,0,0,0,0,0,4.13954490470509
MLP,22,4.31359342772828,18.6070882597406,0,0,0,0,0,0,0,0,0,4.31359342772828
MLP,23,4.48571878232809,20.121672994131,0,0,0,0,0,0,0,0,0,4.48571878232809
MLP,24,4.65594221876693,21.6777979444963,0,0,0,0,0,0,0,0,0,4.65594221876693
MLP,25,4.82428475250007,23.2737233732046,0,0,0,0,0,0,0,0,0,4.82428475250007
MLP,26,4.99076716677018,24.9077569129113,0,0,0,0,0,0,0,0,0,4.99076716677018
MLP,27,5.1554100151732,26.5782524245482,0,0,0,0,0,0,0,0,0,5.1554100151732
MLP,28,5.31823362419583,28.2836088815271,0,0,0,0,0,0,0,0,0,5.31823362419583
MLP,29,5.479258095725,30.022269279568,0,0,0,0,0,0,0,0,0,5.479258095725
MLP,30,5.63850330952962,31.7927195715765,0,0,0,0,0,0,0,0,0,5.63850330952962
MLP,31,5.79598892571489,33.5934876270097,0,0,0,0,0,0,0,0,0,5.79598892571489
MLP,32,5.95173438714951,35.423142215178,0,0,0,0,0,0,0,0,0,5.95173438714951
MLP,33,6.10575892186604,37.2802920119467,0,0,0,0,0,0,0,0,0,6.10575892186604
MLP,34,6.25808154543476,39.1635846293112,0,0,0,0,0,0,0,0,0,6.25808154543476
MLP,35,6.40872106331133,41.0717056673302,0,0,0,0,0,0,0,0,0,6.40872106331133
MLP,36,6.5576960731584,43.0033777879171,0,0,0,0,0,0,0,0,0,6.5576960731584
MLP,37,6.70502496714173,44.957359809994,0,0,0,0,0,0,0,0,0,6.70502496714173
MLP,38,6.85072593420079,46.9324458255313,0,0,0,0,0,0,0,0,0,6.85072593420079
MLP,39,6.99481696229435,48.9274643360007,0,0,0,0,0,0,0,0,0,6.99481696229435
MLP,40,7.13731584062123,50.9412774087827,0,0,0,0,0,0,0,0,0,7.13731584062123
MLP,41,7.27824016181655,52.9727798530794,0,0,0,0,0,0,0,0,0,7.27824016181655
MLP,42,7.41760732412364,55.0208984148927,0,0,0,0,0,0,0,0,0,7.41760732412364
MLP,43,7.55543453354203,57.0845909906395,0,0,0,0,0,0,0,0,0,7.55543453354203
MLP,44,7.69173880595164,59.1628458589824,0,0,0,0,0,0,0,0,0,7.69173880595164
MLP,45,7.82653696921355,61.2546809304664,0,0,0,0,0,0,0,0,0,7.82653696921355
MLP,46,7.95984566524752,63.3591430145597,0,0,0,0,0,0,0,0,0,7.95984566524752
MLP,47,8.09168135208658,65.4753071037057,0,0,0,0,0,0,0,0,0,8.09168135208658
MLP,48,8.2220603059089,67.6022756740028,0,0,0,0,0,0,0,0,0,8.2220603059089
MLP,49,8.35099862304722,69.7391780021366,0,0,0,0,0,0,0,0,0,8.35099862304722
MLP,50,8.47851222197606,71.8851694981975,0,0,0,0,0,0,0,0,0,8.47851222197606
MLP,51,8.60461684527701,74.0394310540249,0,0,0,0,0,0,0,0,0,8.60461684527701
MLP,52,8.72932806158225,76.2011684067273,0,0,0,0,0,0,0,0,0,8.72932806158225
MLP,53,8.85266126749663,78.3696115170351,0,0,0,0,0,0,0,0,0,8.85266126749663
MLP,54,8.97463168949852,80.5440139621511,0,0,0,0,0,0,0,0,0,8.97463168949852
MLP,55,9.09525438581964,82.7236523427715,0,0,0,0,0,0,0,0,0,9.09525438581964
MLP,56,9.2145442483041,84.9078257039541,0,0,0,0,0,0,0,0,0,9.2145442483041
MLP,57,9.33251600424691,87.0958549695248,0,0,0,0,0,0,0,0,0,9.33251600424691
MLP,58,9.44918421821225,89.2870823897115,0,0,0,0,0,0,0,0,0,9.44918421821225
MLP,59,9.5645632938315,91.4808710017089,0,0,0,0,0,0,0,0,0,9.5645632938315
MLP,60,9.67866747558153,93.6766041028797,0,0,0,0,0,0,0,0,0,9.67866747558153
MLP,61,9.79151085054328,95.8736847363068,0,0,0,0,0,0,0,0,0,9.79151085054328
MLP,62,9.90310735014095,98.0715351884157,0,0,0,0,0,0,0,0,0,9.90310735014095
MLP,63,10.0134707518619,100.269596498394,0,0,0,0,0,0,0,0,0,10.0134707518619
MLP,64,10.1226146809576,102.467327979139,0,0,0,0,0,0,0,0,0,10.1226146809576
MLP,65,10.2305526121259,104.664206749477,0,0,0,0,0,0,0,0,0,10.2305526121259
MLP,66,10.3372978711744,106.859727277387,0,0,0,0,0,0,0,0,0,10.3372978711744
MLP,67,10.4428636366657,109.053400933994,0,0,0,0,0,0,0,0,0,10.4428636366657
MLP,68,10.5472629415444,111.244755558075,0,0,0,0,0,0,0,0,0,10.5472629415444
MLP,69,10.6505086747462,113.433335030843,0,0,0,0,0,0,0,0,0,10.6505086747462
MLP,70,10.752613582789,115.618698860779,0,0,0,0,0,0,0,0,0,10.752613582789
MLP,71,10.8535902713468,117.800421778274,0,0,0,0,0,0,0,0,0,10.8535902713468
MLP,72,10.9534512068057,119.978093339873,0,0,0,0,0,0,0,0,0,10.9534512068057
MLP,73,11.052208717803,122.15131754188,0,0,0,0,0,0,0,0,0,11.052208717803
MLP,74,11.1498749967494,124.319712443138,0,0,0,0,0,0,0,0,0,11.1498749967494
MLP,75,11.2464621013344,126.482909796751,0,0,0,0,0,0,0,0,0,11.2464621013344
MLP,76,11.3419819560145,128.640554690559,0,0,0,0,0,0,0,0,0,11.3419819560145
MLP,77,11.4364463534857,130.792305196157,0,0,0,0,0,0,0,0,0,11.4364463534857
MLP,78,11.5298669561393,132.937832026272,0,0,0,0,0,0,0,0,0,11.5298669561393
MLP,79,11.6222552975016,135.076818200303,0,0,0,0,0,0,0,0,0,11.6222552975016
MLP,80,11.713622783658,137.208958717832,0,0,0,0,0,0,0,0,0,11.713622783658
MLP,81,11.8039806946613,139.333960239936,0,0,0,0,0,0,0,0,0,11.8039806946613
MLP,82,11.8933401859237,141.451540778108,0,0,0,0,0,0,0,0,0,11.8933401859237
MLP,83,11.9817122895948,143.561429390627,0,0,0,0,0,0,0,0,0,11.9817122895948
MLP,84,12.0691079159231,145.663365886197,0,0,0,0,0,0,0,0,0,12.0691079159231
MLP,85,12.155537854603,147.757100534686,0,0,0,0,0,0,0,0,0,12.155537854603
MLP,86,12.2410127761071,149.842393784818,0,0,0,0,0,0,0,0,0,12.2410127761071
MLP,87,12.3255432330035,151.919015988639,0,0,0,0,0,0,0,0,0,12.3255432330035
MLP,88,12.4091396612584,153.986747132617,0,0,0,0,0,0,0,0,0,12.4091396612584
MLP,89,12.4918123815247,156.045376575213,0,0,0,0,0,0,0,0,0,12.4918123815247
MLP,90,12.573571600416,158.094702790787,0,0,0,0,0,0,0,0,0,12.573571600416
MLP,91,12.6544274117669,160.134533119677,0,0,0,0,0,0,0,0,0,12.6544274117669
MLP,92,12.734389797879,162.164683524326,0,0,0,0,0,0,0,0,0,12.734389797879
MLP,93,12.8134686307535,164.184978351305,0,0,0,0,0,0,0,0,0,12.8134686307535
MLP,94,12.8916736733097,166.195250099106,0,0,0,0,0,0,0,0,0,12.8916736733097
MLP,95,12.9690145805903,168.195339191564,0,0,0,0,0,0,0,0,0,12.9690145805903
MLP,96,13.0455009009539,170.185093756788,0,0,0,0,0,0,0,0,0,13.0455009009539
MLP,97,13.121142077253,172.16436941146,0,0,0,0,0,0,0,0,0,13.121142077253
MLP,98,13.1959474480008,174.133029050398,0,0,0,0,0,0,0,0,0,13.1959474480008
MLP,99,13.269926248523,176.09094264124,0,0,0,0,0,0,0,0,0,13.269926248523
MLP,100,13.343087612099,178.037987024149,0,0,0,0,0,0,0,0,0,13.343087612099
MLP,101,13.4154405710887,179.974045716412,0,0,0,0,0,0,0,0,0,13.4154405710887
MLP,102,13.4869940580481,181.899008721826,0,0,0,0,0,0,0,0,0,13.4869940580481
MLP,103,13.557756906832,183.812772344752,0,0,0,0,0,0,0,0,0,13.557756906832
MLP,104,13.6277378536844,185.715239008743,0,0,0,0,0,0,0,0,0,13.6277378536844
MLP,105,13.6969455383172,187.606317079628,0,0,0,0,0,0,0,0,0,13.6969455383172
MLP,106,13.765388504977,189.485920692952,0,0,0,0,0,0,0,0,0,13.765388504977
MLP,107,13.8330752034996,191.353969585675,0,0,0,0,0,0,0,0,0,13.8330752034996
MLP,108,13.9000139903535,193.210388932023,0,0,0,0,0,0,0,0,0,13.9000139903535
MLP,109,13.9662131296716,195.055109183411,0,0,0,0,0,0,0,0,0,13.9662131296716
MLP,110,14.0316807942711,196.888065912316,0,0,0,0,0,0,0,0,0,14.0316807942711
MLP,111,14.096425066663,198.709199660044,0,0,0,0,0,0,0,0,0,14.096425066663
MLP,112,14.1604539400494,200.518455788262,0,0,0,0,0,0,0,0,0,14.1604539400494
MLP,113,14.2237753193111,202.315784334242,0,0,0,0,0,0,0,0,0,14.2237753193111
MLP,114,14.2863970219825,204.101139869709,0,0,0,0,0,0,0,0,0,14.2863970219825
MLP,115,14.3483267792176,205.874481363213,0,0,0,0,0,0,0,0,0,14.3483267792176
MLP,116,14.4095722367442,207.635772045948,0,0,0,0,0,0,0,0,0,14.4095722367442
MLP,117,14.4701409558075,209.384979280939,0,0,0,0,0,0,0,0,0,14.4701409558075
MLP,118,14.5300404141043,211.122074435504,0,0,0,0,0,0,0,0,0,14.5300404141043
MLP,119,14.5892780067054,212.847032756937,0,0,0,0,0,0,0,0,0,14.5892780067054
MLP,120,14.647861046969,214.559833251313,0,0,0,0,0,0,0,0,0,14.647861046969
MLP,121,14.7057967674438,216.260458565361,0,0,0,0,0,0,0,0,0,14.7057967674438
MLP,122,14.7630923207614,217.948894871324,0,0,0,0,0,0,0,0,0,14.7630923207614
MLP,123,14.8197547805196,219.625131754733,0,0,0,0,0,0,0,0,0,14.8197547805196
MLP,124,14.8757911421558,221.289162105041,0,0,0,0,0,0,0,0,0,14.8757911421558
MLP,125,14.9312083238106,222.94098200903,0,0,0,0,0,0,0,0,0,14.9312083238106
MLP,126,14.9860131671816,224.580590646941,0,0,0,0,0,0,0,0,0,14.9860131671816
MLP,127,15.0402124383686,226.207990191258,0,0,0,0,0,0,0,0,0,15.0402124383686
MLP,128,15.0938128287085,227.823185708084,0,0,0,0,0,0,0,0,0,15.0938128287085
MLP,129,15.1468209556013,229.426185061044,0,0,0,0,0,0,0,0,0,15.1468209556013
MLP,130,15.1992433633278,231.016998817664,0,0,0,0,0,0,0,0,0,15.1992433633278
MLP,131,15.2510865238566,232.59564015816,0,0,0,0,0,0,0,0,0,15.2510865238566
MLP,132,15.3023568376438,234.162124786583,0,0,0,0,0,0,0,0,0,15.3023568376438
MLP,133,15.3530606344228,235.716470844264,0,0,0,0,0,0,0,0,0,15.3530606344228
MLP,134,15.4032041739861,237.258698825504,0,0,0,0,0,0,0,0,0,15.4032041739861
MLP,135,15.4527936469579,238.788831495462,0,0,0,0,0,0,0,0,0,15.4527936469579
MLP,136,15.5018351755581,240.306893810172,0,0,0,0,0,0,0,0,0,15.5018351755581
MLP,137,15.5503348143589,241.812912838664,0,0,0,0,0,0,0,0,0,15.5503348143589
MLP,138,15.5982985510316,243.306917687115,0,0,0,0,0,0,0,0,0,15.5982985510316
MLP,139,15.6457323070861,244.788939424996,0,0,0,0,0,0,0,0,0,15.6457323070861
MLP,140,15.6926419386018,246.259011013163,0,0,0,0,0,0,0,0,0,15.6926419386018
MLP,141,15.7390332369508,247.717167233843,0,0,0,0,0,0,0,0,0,15.7390332369508
MLP,142,15.784911929513,249.163444622483,0,0,0,0,0,0,0,0,0,15.784911929513
MLP,143,15.8302836803827,250.597881401391,0,0,0,0,0,0,0,0,0,15.8302836803827
MLP,144,15.8751540910682,252.020517415159,0,0,0,0,0,0,0,0,0,15.8751540910682
MLP,145,15.9195287011834,253.431394067802,0,0,0,0,0,0,0,0,0,15.9195287011834
MLP,146,15.9634129891316,254.830554261575,0,0,0,0,0,0,0,0,0,15.9634129891316
MLP,147,16.0068123727819,256.218042337442,0,0,0,0,0,0,0,0,0,16.0068123727819
MLP,148,16.0497322101379,257.593904017138,0,0,0,0,0,0,0,0,0,16.0497322101379
MLP,149,16.0921777999996,258.958186346799,0,0,0,0,0,0,0,0,0,16.0921777999996
MLP,150,16.1341543826171,260.310937642123,0,0,0,0,0,0,0,0,0,16.1341543826171
MLP,151,16.1756671403379,261.652207435008,0,0,0,0,0,0,0,0,0,16.1756671403379
MLP,152,16.2167211982466,262.982046421661,0,0,0,0,0,0,0,0,0,16.2167211982466
MLP,153,16.2573216247975,264.300506412108,0,0,0,0,0,0,0,0,0,16.2573216247975
MLP,154,16.2974734324405,265.607640281104,0,0,0,0,0,0,0,0,0,16.2974734324405
MLP,155,16.3371815782399,266.903501920381,0,0,0,0,0,0,0,0,0,16.3371815782399
MLP,156,16.3764509644863,268.188146192226,0,0,0,0,0,0,0,0,0,16.3764509644863
MLP,157,16.4152864393021,269.461628884335,0,0,0,0,0,0,0,0,0,16.4152864393021
MLP,158,16.4536927972396,270.724006665933,0,0,0,0,0,0,0,0,0,16.4536927972396
MLP,159,16.4916747798732,271.975337045105,0,0,0,0,0,0,0,0,0,16.4916747798732
MLP,160,16.5292370763848,273.215678327335,0,0,0,0,0,0,0,0,0,16.5292370763848
MLP,161,16.5663843241428,274.445089575205,0,0,0,0,0,0,0,0,0,16.5663843241428
MLP,162,16.6031211092743,275.66363056923,0,0,0,0,0,0,0,0,0,16.6031211092743
MLP,163,16.6394519672315,276.871361769803,0,0,0,0,0,0,0,0,0,16.6394519672315
MLP,164,16.6753813833516,278.068344280228,0,0,0,0,0,0,0,0,0,16.6753813833516
MLP,165,16.7109137934107,279.254639810803,0,0,0,0,0,0,0,0,0,16.7109137934107
MLP,166,16.7460535841712,280.430310643932,0,0,0,0,0,0,0,0,0,16.7460535841712
MLP,167,16.7808050939235,281.595419600248,0,0,0,0,0,0,0,0,0,16.7808050939235
MLP,168,16.8151726130215,282.75003000571,0,0,0,0,0,0,0,0,0,16.8151726130215
MLP,169,16.8491603844127,283.894205659661,0,0,0,0,0,0,0,0,0,16.8491603844127
MLP,170,16.8827726041611,285.028010803814,0,0,0,0,0,0,0,0,0,16.8827726041611
MLP,171,16.9160134219664,286.151510092149,0,0,0,0,0,0,0,0,0,16.9160134219664
MLP,172,16.9488869416754,287.264768561696,0,0,0,0,0,0,0,0,0,16.9488869416754
MLP,173,16.9813972217891,288.367851604187,0,0,0,0,0,0,0,0,0,16.9813972217891
MLP,174,17.0135482759636,289.460824938543,0,0,0,0,0,0,0,0,0,17.0135482759636
MLP,175,17.0453440735056,290.543754584193,0,0,0,0,0,0,0,0,0,17.0453440735056
MLP,176,17.0767885398627,291.616706835187,0,0,0,0,0,0,0,0,0,17.0767885398627
MLP,177,17.1078855571077,292.679748235096,0,0,0,0,0,0,0,0,0,17.1078855571077
MLP,178,17.1386389644181,293.73294555267,0,0,0,0,0,0,0,0,0,17.1386389644181
MLP,179,17.1690525585498,294.776365758244,0,0,0,0,0,0,0,0,0,17.1690525585498
MLP,180,17.1991300943061,295.810076000866,0,0,0,0,0,0,0,0,0,17.1991300943061
MLP,181,17.2288752850013,296.83414358613,0,0,0,0,0,0,0,0,0,17.2288752850013
MLP,182,17.258291802919,297.848635954702,0,0,0,0,0,0,0,0,0,17.258291802919
MLP,183,17.2873832797654,298.853620661511,0,0,0,0,0,0,0,0,0,17.2873832797654
MLP,184,17.3161533071177,299.849165355604,0,0,0,0,0,0,0,0,0,17.3161533071177
MLP,185,17.3446054368678,300.835337760624,0,0,0,0,0,0,0,0,0,17.3446054368678
MLP,186,17.3727431816604,301.812205655928,0,0,0,0,0,0,0,0,0,17.3727431816604
MLP,187,17.4005700153269,302.779836858294,0,0,0,0,0,0,0,0,0,17.4005700153269
MLP,188,17.4280893733142,303.738299204227,0,0,0,0,0,0,0,0,0,17.4280893733142
MLP,189,17.4553046531089,304.687660532844,0,0,0,0,0,0,0,0,0,17.4553046531089
MLP,190,17.4822192146565,305.627988669306,0,0,0,0,0,0,0,0,0,17.4822192146565
MLP,191,17.5088363807768,306.559351408812,0,0,0,0,0,0,0,0,0,17.5088363807768
MLP,192,17.5351594375733,307.481816501115,0,0,0,0,0,0,0,0,0,17.5351594375733
MLP,193,17.5611916348396,308.39545163556,0,0,0,0,0,0,0,0,0,17.5611916348396
MLP,194,17.5869361864603,309.300324426626,0,0,0,0,0,0,0,0,0,17.5869361864603
MLP,195,17.6123962708078,310.196502399964,0,0,0,0,0,0,0,0,0,17.6123962708078
MLP,196,17.6375750311347,311.084052978906,0,0,0,0,0,0,0,0,0,17.6375750311347
MLP,197,17.6624755759619,311.963043471451,0,0,0,0,0,0,0,0,0,17.6624755759619
MLP,198,17.6871009794624,312.833541057701,0,0,0,0,0,0,0,0,0,17.6871009794624
MLP,199,17.7114542818408,313.695612777737,0,0,0,0,0,0,0,0,0,17.7114542818408
MLP,200,17.7355384897085,314.549325519931,0,0,0,0,0,0,0,0,0,17.7355384897085
MLP,201,17.759356576455,315.394746009677,0,0,0,0,0,0,0,0,0,17.759356576455
MLP,202,17.7829114826153,316.231940798531,0,0,0,0,0,0,0,0,0,17.7829114826153
MLP,203,17.8062061162323,317.060976253747,0,0,0,0,0,0,0,0,0,17.8062061162323
MLP,204,17.8292433532162,317.881918548205,0,0,0,0,0,0,0,0,0,17.8292433532162
MLP,205,17.8520260376998,318.694833650711,0,0,0,0,0,0,0,0,0,17.8520260376998
MLP,206,17.8745569823889,319.499787316669,0,0,0,0,0,0,0,0,0,17.8745569823889
MLP,207,17.8968389689104,320.296845079111,0,0,0,0,0,0,0,0,0,17.8968389689104
MLP,208,17.9188747481551,321.086072240071,0,0,0,0,0,0,0,0,0,17.9188747481551
MLP,209,17.9406670406175,321.867533862301,0,0,0,0,0,0,0,0,0,17.9406670406175
MLP,210,17.9622185367319,322.641294761314,0,0,0,0,0,0,0,0,0,17.9622185367319
MLP,211,17.983531897204,323.407419497754,0,0,0,0,0,0,0,0,0,17.983531897204
MLP,212,18.0046097533401,324.165972370068,0,0,0,0,0,0,0,0,0,18.0046097533401
MLP,213,18.0254547073713,324.917017407495,0,0,0,0,0,0,0,0,0,18.0254547073713
MLP,214,18.0460693327753,325.660618363334,0,0,0,0,0,0,0,0,0,18.0460693327753
MLP,215,18.0664561745938,326.396838708518,0,0,0,0,0,0,0,0,0,18.0664561745938
MLP,216,18.0866177497466,327.125741625449,0,0,0,0,0,0,0,0,0,18.0866177497466
MLP,217,18.1065565473428,327.847390002122,0,0,0,0,0,0,0,0,0,18.1065565473428
MLP,218,18.1262750289876,328.561846426498,0,0,0,0,0,0,0,0,0,18.1262750289876
MLP,219,18.1457756290865,329.269173181148,0,0,0,0,0,0,0,0,0,18.1457756290865
MLP,220,18.1650607551457,329.969432238136,0,0,0,0,0,0,0,0,0,18.1650607551457
MLP,221,18.1841327880696,330.662685254149,0,0,0,0,0,0,0,0,0,18.1841327880696
MLP,222,18.2029940824543,331.348993565868,0,0,0,0,0,0,0,0,0,18.2029940824543
MLP,223,18.2216469668787,332.02841818556,0,0,0,0,0,0,0,0,0,18.2216469668787
MLP,224,18.2400937441916,332.701019796898,0,0,0,0,0,0,0,0,0,18.2400937441916
MLP,225,18.2583366917964,333.366858751,0,0,0,0,0,0,0,0,0,18.2583366917964
MLP,226,18.2763780619321,334.025995062673,0,0,0,0,0,0,0,0,0,18.2763780619321
MLP,227,18.2942200819512,334.678488406865,0,0,0,0,0,0,0,0,0,18.2942200819512
MLP,228,18.3118649545948,335.324398115317,0,0,0,0,0,0,0,0,0,18.3118649545948
MLP,229,18.3293148582648,335.963783173405,0,0,0,0,0,0,0,0,0,18.3293148582648
MLP,230,18.3465719472923,336.596702217173,0,0,0,0,0,0,0,0,0,18.3465719472923
MLP,231,18.3636383522042,337.223213530545,0,0,0,0,0,0,0,0,0,18.3636383522042
MLP,232,18.3805161799856,337.843375042714,0,0,0,0,0,0,0,0,0,18.3805161799856
MLP,233,18.3972075143405,338.457244325708,0,0,0,0,0,0,0,0,0,18.3972075143405
MLP,234,18.4137144159487,339.064878592116,0,0,0,0,0,0,0,0,0,18.4137144159487
MLP,235,18.43003892272,339.666334692976,0,0,0,0,0,0,0,0,0,18.43003892272
MLP,236,18.4461830500466,340.261669115828,0,0,0,0,0,0,0,0,0,18.4461830500466
MLP,237,18.4621487910511,340.850937982909,0,0,0,0,0,0,0,0,0,18.4621487910511
MLP,238,18.4779381168328,341.434197049502,0,0,0,0,0,0,0,0,0,18.4779381168328
MLP,239,18.4935529767113,342.011501702427,0,0,0,0,0,0,0,0,0,18.4935529767113
MLP,240,18.5089952984669,342.58290695867,0,0,0,0,0,0,0,0,0,18.5089952984669
MLP,241,18.5242669885787,343.148467464148,0,0,0,0,0,0,0,0,0,18.5242669885787
MLP,242,18.53936993246,343.708237492602,0,0,0,0,0,0,0,0,0,18.53936993246
MLP,243,18.5543059946909,344.262270944621,0,0,0,0,0,0,0,0,0,18.5543059946909
MLP,244,18.5690770192486,344.810621346786,0,0,0,0,0,0,0,0,0,18.5690770192486
MLP,245,18.5836848297352,345.353341850931,0,0,0,0,0,0,0,0,0,18.5836848297352
MLP,246,18.5981312296027,345.890485233524,0,0,0,0,0,0,0,0,0,18.5981312296027
MLP,247,18.6124180023756,346.422103895154,0,0,0,0,0,0,0,0,0,18.6124180023756
MLP,248,18.626546911871,346.948249860132,0,0,0,0,0,0,0,0,0,18.626546911871
MLP,249,18.6405197024169,347.468974776192,0,0,0,0,0,0,0,0,0,18.6405197024169
MLP,250,18.6543380990667,347.984329914291,0,0,0,0,0,0,0,0,0,18.6543380990667
MLP,251,18.668003807813,348.494366168519,0,0,0,0,0,0,0,0,0,18.668003807813
MLP,252,18.6815185157976,348.999134056087,0,0,0,0,0,0,0,0,0,18.6815185157976
MLP,253,18.6948838915201,349.498683717418,0,0,0,0,0,0,0,0,0,18.6948838915201
MLP,254,18.708101585044,349.993064916326,0,0,0,0,0,0,0,0,0,18.708101585044
MLP,255,18.7211732282,350.482327040273,0,0,0,0,0,0,0,0,0,18.7211732282
MLP,256,18.7341004347879,350.966519100719,0,0,0,0,0,0,0,0,0,18.7341004347879
MLP,257,18.7468848007754,351.445689733544,0,0,0,0,0,0,0,0,0,18.7468848007754
MLP,258,18.7595279044957,351.919887199552,0,0,0,0,0,0,0,0,0,18.7595279044957
MLP,259,18.7720313068417,352.389159385045,0,0,0,0,0,0,0,0,0,18.7720313068417
MLP,260,18.7843965514593,352.853553802476,0,0,0,0,0,0,0,0,0,18.7843965514593
MLP,261,18.7966251649376,353.313117591165,0,0,0,0,0,0,0,0,0,18.7966251649376
MLP,262,18.8087186569975,353.767897518085,0,0,0,0,0,0,0,0,0,18.8087186569975
MLP,263,18.820678520678,354.217939978711,0,0,0,0,0,0,0,0,0,18.820678520678
MLP,264,18.8325062325208,354.663290997934,0,0,0,0,0,0,0,0,0,18.8325062325208
MLP,265,18.8442032527522,355.103996231035,0,0,0,0,0,0,0,0,0,18.8442032527522
MLP,266,18.8557710254636,355.540100964711,0,0,0,0,0,0,0,0,0,18.8557710254636
MLP,267,18.8672109787897,355.971650118164,0,0,0,0,0,0,0,0,0,18.8672109787897
MLP,268,18.8785245250852,356.398688244243,0,0,0,0,0,0,0,0,0,18.8785245250852
MLP,269,18.8897130610984,356.82125953063,0,0,0,0,0,0,0,0,0,18.8897130610984
MLP,270,18.9007779681442,357.239407801086,0,0,0,0,0,0,0,0,0,18.9007779681442
MLP,271,18.9117206122747,357.653176516737,0,0,0,0,0,0,0,0,0,18.9117206122747
MLP,272,18.9225423444475,358.062608777408,0,0,0,0,0,0,0,0,0,18.9225423444475
MLP,273,18.9332445006926,358.467747323006,0,0,0,0,0,0,0,0,0,18.9332445006926
MLP,274,18.9438284022774,358.868634534934,0,0,0,0,0,0,0,0,0,18.9438284022774
MLP,275,18.95429535587,359.265312437557,0,0,0,0,0,0,0,0,0,18.95429535587
MLP,276,18.9646466537002,359.657822699701,0,0,0,0,0,0,0,0,0,18.9646466537002
MLP,277,18.974883573719,360.04620663619,0,0,0,0,0,0,0,0,0,18.974883573719
MLP,278,18.9850073797567,360.430505209418,0,0,0,0,0,0,0,0,0,18.9850073797567
MLP,279,18.9950193216789,360.810759030956,0,0,0,0,0,0,0,0,0,18.9950193216789
MLP,280,19.0049206355405,361.187008363191,0,0,0,0,0,0,0,0,0,19.0049206355405
MLP,281,19.0147125437383,361.559293121,0,0,0,0,0,0,0,0,0,19.0147125437383
MLP,282,19.0243962551626,361.927652873443,0,0,0,0,0,0,0,0,0,19.0243962551626
MLP,283,19.0339729653454,362.292126845498,0,0,0,0,0,0,0,0,0,19.0339729653454
MLP,284,19.0434438566088,362.652753919811,0,0,0,0,0,0,0,0,0,19.0434438566088
MLP,285,19.0528100982107,363.00957263848,0,0,0,0,0,0,0,0,0,19.0528100982107
MLP,286,19.0620728464892,363.36262120486,0,0,0,0,0,0,0,0,0,19.0620728464892
MLP,287,19.0712332450051,363.711937485387,0,0,0,0,0,0,0,0,0,19.0712332450051
MLP,288,19.0802924246835,364.057559011434,0,0,0,0,0,0,0,0,0,19.0802924246835
MLP,289,19.0892515039531,364.399522981176,0,0,0,0,0,0,0,0,0,19.0892515039531
MLP,290,19.0981115888845,364.737866261485,0,0,0,0,0,0,0,0,0,19.0981115888845
MLP,291,19.1068737733266,365.072625389837,0,0,0,0,0,0,0,0,0,19.1068737733266
MLP,292,19.1155391390417,365.403836576235,0,0,0,0,0,0,0,0,0,19.1155391390417
MLP,293,19.124108755839,365.731535705158,0,0,0,0,0,0,0,0,0,19.124108755839
MLP,294,19.1325836817068,366.055758337513,0,0,0,0,0,0,0,0,0,19.1325836817068
MLP,295,19.140964962943,366.376539712611,0,0,0,0,0,0,0,0,0,19.140964962943
MLP,296,19.1492536342843,366.693914750151,0,0,0,0,0,0,0,0,0,19.1492536342843
MLP,297,19.157450719034,367.007918052217,0,0,0,0,0,0,0,0,0,19.157450719034
MLP,298,19.1655572291883,367.318583905293,0,0,0,0,0,0,0,0,0,19.1655572291883
MLP,299,19.1735741655613,367.625946282278,0,0,0,0,0,0,0,0,0,19.1735741655613
MLP,300,19.1815025179082,367.930038844519,0,0,0,0,0,0,0,0,0,19.1815025179082
MLP,301,19.1893432650482,368.23089494385,0,0,0,0,0,0,0,0,0,19.1893432650482
MLP,302,19.1970973749846,368.528547624641,0,0,0,0,0,0,0,0,0,19.1970973749846
MLP,303,19.2047658050249,368.823029625852,0,0,0,0,0,0,0,0,0,19.2047658050249
MLP,304,19.2123495018985,369.114373383098,0,0,0,0,0,0,0,0,0,19.2123495018985
MLP,305,19.2198494018739,369.402611030711,0,0,0,0,0,0,0,0,0,19.2198494018739
MLP,306,19.2272664308742,369.687774403823,0,0,0,0,0,0,0,0,0,19.2272664308742
MLP,307,19.2346015045915,369.969895040435,0,0,0,0,0,0,0,0,0,19.2346015045915
MLP,308,19.2418555285998,370.249004183506,0,0,0,0,0,0,0,0,0,19.2418555285998
MLP,309,19.2490293984667,370.525132783034,0,0,0,0,0,0,0,0,0,19.2490293984667
MLP,310,19.2561239998643,370.798311498149,0,0,0,0,0,0,0,0,0,19.2561239998643
MLP,311,19.2631402086783,371.068570699199,0,0,0,0,0,0,0,0,0,19.2631402086783
MLP,312,19.2700788911163,371.335940469847,0,0,0,0,0,0,0,0,0,19.2700788911163
MLP,313,19.2769409038146,371.600450609161,0,0,0,0,0,0,0,0,0,19.2769409038146
MLP,314,19.2837270939439,371.862130633706,0,0,0,0,0,0,0,0,0,19.2837270939439
MLP,315,19.2904382993141,372.121009779643,0,0,0,0,0,0,0,0,0,19.2904382993141
MLP,316,19.2970753484775,372.37711700482,0,0,0,0,0,0,0,0,0,19.2970753484775
MLP,317,19.3036390608315,372.630480990861,0,0,0,0,0,0,0,0,0,19.3036390608315
MLP,318,19.3101302467192,372.88113014526,0,0,0,0,0,0,0,0,0,19.3101302467192
MLP,319,19.3165497075298,373.12909260347,0,0,0,0,0,0,0,0,0,19.3165497075298
MLP,320,19.3228982357975,373.374396230987,0,0,0,0,0,0,0,0,0,19.3228982357975
MLP,321,19.3291766152993,373.617068625433,0,0,0,0,0,0,0,0,0,19.3291766152993
MLP,322,19.3353856211517,373.857137118641,0,0,0,0,0,0,0,0,0,19.3353856211517
MLP,323,19.3415260199066,374.094628778725,0,0,0,0,0,0,0,0,0,19.3415260199066
MLP,324,19.3475985696457,374.329570412156,0,0,0,0,0,0,0,0,0,19.3475985696457
MLP,325,19.3536040200741,374.56198856583,0,0,0,0,0,0,0,0,0,19.3536040200741
MLP,326,19.3595431126132,374.791909529131,0,0,0,0,0,0,0,0,0,19.3595431126132
MLP,327,19.3654165804918,375.019359335989,0,0,0,0,0,0,0,0,0,19.3654165804918
MLP,328,19.3712251488369,375.244363766931,0,0,0,0,0,0,0,0,0,19.3712251488369
MLP,329,19.376969534763,375.466948351132,0,0,0,0,0,0,0,0,0,19.376969534763
MLP,330,19.3826504474608,375.687138368453,0,0,0,0,0,0,0,0,0,19.3826504474608
MLP,331,19.3882685882849,375.904958851475,0,0,0,0,0,0,0,0,0,19.3882685882849
MLP,332,19.39382465084,376.120434587529,0,0,0,0,0,0,0,0,0,19.39382465084
MLP,333,19.3993193210668,376.333590120715,0,0,0,0,0,0,0,0,0,19.3993193210668
MLP,334,19.4047532773266,376.544449753917,0,0,0,0,0,0,0,0,0,19.4047532773266
MLP,335,19.4101271904852,376.753037550812,0,0,0,0,0,0,0,0,0,19.4101271904852
MLP,336,19.4154417239954,376.95937733786,0,0,0,0,0,0,0,0,0,19.4154417239954
MLP,337,19.4206975339792,377.163492706305,0,0,0,0,0,0,0,0,0,19.4206975339792
MLP,338,19.4258952693087,377.365407014151,0,0,0,0,0,0,0,0,0,19.4258952693087
MLP,339,19.4310355716863,377.56514338814,0,0,0,0,0,0,0,0,0,19.4310355716863
MLP,340,19.4361190757238,377.762724725713,0,0,0,0,0,0,0,0,0,19.4361190757238
MLP,341,19.4411464090205,377.958173696972,0,0,0,0,0,0,0,0,0,19.4411464090205
MLP,342,19.4461181922415,378.151512746627,0,0,0,0,0,0,0,0,0,19.4461181922415
MLP,343,19.4510350391934,378.342764095929,0,0,0,0,0,0,0,0,0,19.4510350391934
MLP,344,19.4558975569005,378.531949744608,0,0,0,0,0,0,0,0,0,19.4558975569005
MLP,345,19.4607063456799,378.719091472788,0,0,0,0,0,0,0,0,0,19.4607063456799
MLP,346,19.4654619992154,378.904210842899,0,0,0,0,0,0,0,0,0,19.4654619992154
MLP,347,19.4701651046306,379.087329201576,0,0,0,0,0,0,0,0,0,19.4701651046306
MLP,348,19.4748162425619,379.268467681553,0,0,0,0,0,0,0,0,0,19.4748162425619
MLP,349,19.4794159872297,379.44764720354,0,0,0,0,0,0,0,0,0,19.4794159872297
MLP,350,19.4839649065096,379.624888478097,0,0,0,0,0,0,0,0,0,19.4839649065096
MLP,351,19.4884635620023,379.80021200749,0,0,0,0,0,0,0,0,0,19.4884635620023
MLP,352,19.4929125091031,379.973638087547,0,0,0,0,0,0,0,0,0,19.4929125091031
MLP,353,19.4973122970704,380.145186809491,0,0,0,0,0,0,0,0,0,19.4973122970704
MLP,354,19.5016634690934,380.314878061773,0,0,0,0,0,0,0,0,0,19.5016634690934
MLP,355,19.5059665623595,380.482731531887,0,0,0,0,0,0,0,0,0,19.5059665623595
MLP,356,19.5102221081202,380.648766708181,0,0,0,0,0,0,0,0,0,19.5102221081202
MLP,357,19.5144306317568,380.813002881649,0,0,0,0,0,0,0,0,0,19.5144306317568
MLP,358,19.5185926528457,380.975459147721,0,0,0,0,0,0,0,0,0,19.5185926528457
MLP,359,19.5227086852217,381.136154408032,0,0,0,0,0,0,0,0,0,19.5227086852217
MLP,360,19.5267792370424,381.295107372189,0,0,0,0,0,0,0,0,0,19.5267792370424
MLP,361,19.53080481085,381.452336559523,0,0,0,0,0,0,0,0,0,19.53080481085
MLP,362,19.5347859036343,381.607860300828,0,0,0,0,0,0,0,0,0,19.5347859036343
MLP,363,19.538723006893,381.761696740091,0,0,0,0,0,0,0,0,0,19.538723006893
MLP,364,19.5426166066935,381.913863836212,0,0,0,0,0,0,0,0,0,19.5426166066935
MLP,365,19.5464671837319,382.064379364708,0,0,0,0,0,0,0,0,0,19.5464671837319
MLP,366,19.550275213393,382.213260919411,0,0,0,0,0,0,0,0,0,19.550275213393
MLP,367,19.5540411658089,382.360525914148,0,0,0,0,0,0,0,0,0,19.5540411658089
MLP,368,19.5577655059166,382.50619158442,0,0,0,0,0,0,0,0,0,19.5577655059166
MLP,369,19.561448693516,382.650274989057,0,0,0,0,0,0,0,0,0,19.561448693516
MLP,370,19.5650911833262,382.792793011868,0,0,0,0,0,0,0,0,0,19.5650911833262
MLP,371,19.568693425042,382.933762363283,0,0,0,0,0,0,0,0,0,19.568693425042
MLP,372,19.5722558633892,383.073199581975,0,0,0,0,0,0,0,0,0,19.5722558633892
MLP,373,19.5757789381795,383.211121036474,0,0,0,0,0,0,0,0,0,19.5757789381795
MLP,374,19.5792630843649,383.347542926776,0,0,0,0,0,0,0,0,0,19.5792630843649
MLP,375,19.5827087320913,383.482481285926,0,0,0,0,0,0,0,0,0,19.5827087320913
MLP,376,19.5861163067517,383.615951981606,0,0,0,0,0,0,0,0,0,19.5861163067517
MLP,377,19.5894862290387,383.747970717695,0,0,0,0,0,0,0,0,0,19.5894862290387
MLP,378,19.5928189149962,383.878553035834,0,0,0,0,0,0,0,0,0,19.5928189149962
MLP,379,19.5961147760713,384.007714316962,0,0,0,0,0,0,0,0,0,19.5961147760713
MLP,380,19.5993742191646,384.135469782856,0,0,0,0,0,0,0,0,0,19.5993742191646
MLP,381,19.6025976466806,384.261834497649,0,0,0,0,0,0,0,0,0,19.6025976466806
MLP,382,19.6057854565775,384.386823369344,0,0,0,0,0,0,0,0,0,19.6057854565775
MLP,383,19.6089380424159,384.510451151305,0,0,0,0,0,0,0,0,0,19.6089380424159
MLP,384,19.6120557934081,384.632732443753,0,0,0,0,0,0,0,0,0,19.6120557934081
MLP,385,19.6151390944656,384.753681695232,0,0,0,0,0,0,0,0,0,19.6151390944656
MLP,386,19.6181883262467,384.873313204082,0,0,0,0,0,0,0,0,0,19.6181883262467
MLP,387,19.6212038652036,384.991641119882,0,0,0,0,0,0,0,0,0,19.6212038652036
MLP,388,19.6241860836291,385.108679444901,0,0,0,0,0,0,0,0,0,19.6241860836291
MLP,389,19.6271353497018,385.224442035515,0,0,0,0,0,0,0,0,0,19.6271353497018
MLP,390,19.6300520275326,385.338942603638,0,0,0,0,0,0,0,0,0,19.6300520275326
MLP,391,19.6329364772089,385.452194718118,0,0,0,0,0,0,0,0,0,19.6329364772089
MLP,392,19.6357890548391,385.564211806137,0,0,0,0,0,0,0,0,0,19.6357890548391
MLP,393,19.6386101125969,385.675007154594,0,0,0,0,0,0,0,0,0,19.6386101125969
MLP,394,19.6413999987648,385.784593911478,0,0,0,0,0,0,0,0,0,19.6413999987648
MLP,395,19.6441590577766,385.892985087226,0,0,0,0,0,0,0,0,0,19.6441590577766
MLP,396,19.6468876302604,386.000193556079,0,0,0,0,0,0,0,0,0,19.6468876302604
MLP,397,19.6495860530805,386.106232057415,0,0,0,0,0,0,0,0,0,19.6495860530805
MLP,398,19.6522546593789,386.211113197079,0,0,0,0,0,0,0,0,0,19.6522546593789
MLP,399,19.6548937786165,386.314849448699,0,0,0,0,0,0,0,0,0,19.6548937786165
MLP,400,19.657503736614,386.417453154995,0,0,0,0,0,0,0,0,0,19.657503736614
MLP,401,19.6600848555917,386.518936529065,0,0,0,0,0,0,0,0,0,19.6600848555917
MLP,402,19.6626374542094,386.61931165568,0,0,0,0,0,0,0,0,0,19.6626374542094
MLP,403,19.6651618476062,386.718590492546,0,0,0,0,0,0,0,0,0,19.6651618476062
MLP,404,19.6676583474386,386.816784871573,0,0,0,0,0,0,0,0,0,19.6676583474386
MLP,405,19.6701272619198,386.913906500121,0,0,0,0,0,0,0,0,0,19.6701272619198
MLP,406,19.6725688958571,387.009966962244,0,0,0,0,0,0,0,0,0,19.6725688958571
MLP,407,19.6749835506899,387.104977719918,0,0,0,0,0,0,0,0,0,19.6749835506899
MLP,408,19.6773715245268,387.198950114258,0,0,0,0,0,0,0,0,0,19.6773715245268
MLP,409,19.6797331121824,387.291895366729,0,0,0,0,0,0,0,0,0,19.6797331121824
MLP,410,19.6820686052138,387.383824580343,0,0,0,0,0,0,0,0,0,19.6820686052138
MLP,411,19.6843782919564,387.474748740843,0,0,0,0,0,0,0,0,0,19.6843782919564
MLP,412,19.6866624575596,387.564678717887,0,0,0,0,0,0,0,0,0,19.6866624575596
MLP,413,19.6889213840221,387.653625266203,0,0,0,0,0,0,0,0,0,19.6889213840221
MLP,414,19.6911553502266,387.741599026758,0,0,0,0,0,0,0,0,0,19.6911553502266
MLP,415,19.6933646319742,387.828610527893,0,0,0,0,0,0,0,0,0,19.6933646319742
MLP,416,19.6955495020186,387.914670186464,0,0,0,0,0,0,0,0,0,19.6955495020186
MLP,417,19.6977102300995,387.999788308966,0,0,0,0,0,0,0,0,0,19.6977102300995
MLP,418,19.6998470829763,388.083975092648,0,0,0,0,0,0,0,0,0,19.6998470829763
MLP,419,19.7019603244606,388.167240626621,0,0,0,0,0,0,0,0,0,19.7019603244606
MLP,420,19.7040502154493,388.249594892946,0,0,0,0,0,0,0,0,0,19.7040502154493
MLP,421,19.706117013956,388.331047767728,0,0,0,0,0,0,0,0,0,19.706117013956
MLP,422,19.7081609751439,388.411609022186,0,0,0,0,0,0,0,0,0,19.7081609751439
MLP,423,19.7101823513564,388.49128832372,0,0,0,0,0,0,0,0,0,19.7101823513564
MLP,424,19.7121813921486,388.570095236969,0,0,0,0,0,0,0,0,0,19.7121813921486
MLP,425,19.7141583443183,388.648039224853,0,0,0,0,0,0,0,0,0,19.7141583443183
MLP,426,19.7161134519361,388.725129649615,0,0,0,0,0,0,0,0,0,19.7161134519361
MLP,427,19.7180469563758,388.801375773842,0,0,0,0,0,0,0,0,0,19.7180469563758
MLP,428,19.7199590963442,388.876786761489,0,0,0,0,0,0,0,0,0,19.7199590963442
MLP,429,19.7218501079103,388.951371678883,0,0,0,0,0,0,0,0,0,19.7218501079103
MLP,430,19.7237202245348,389.025139495724,0,0,0,0,0,0,0,0,0,19.7237202245348
MLP,431,19.7255696770986,389.098099086073,0,0,0,0,0,0,0,0,0,19.7255696770986
MLP,432,19.7273986939316,389.170259229334,0,0,0,0,0,0,0,0,0,19.7273986939316
MLP,433,19.7292075008406,389.241628611224,0,0,0,0,0,0,0,0,0,19.7292075008406
MLP,434,19.7309963211374,389.312215824736,0,0,0,0,0,0,0,0,0,19.7309963211374
MLP,435,19.7327653756662,389.382029371092,0,0,0,0,0,0,0,0,0,19.7327653756662
MLP,436,19.7345148828313,389.451077660689,0,0,0,0,0,0,0,0,0,19.7345148828313
MLP,437,19.7362450586232,389.519369014028,0,0,0,0,0,0,0,0,0,19.7362450586232
MLP,438,19.7379561166462,389.58691166265,0,0,0,0,0,0,0,0,0,19.7379561166462
MLP,439,19.7396482681441,389.653713750044,0,0,0,0,0,0,0,0,0,19.7396482681441
MLP,440,19.7413217220267,389.719783332563,0,0,0,0,0,0,0,0,0,19.7413217220267
MLP,441,19.7429766848954,389.785128380322,0,0,0,0,0,0,0,0,0,19.7429766848954
MLP,442,19.7446133610686,389.849756778089,0,0,0,0,0,0,0,0,0,19.7446133610686
MLP,443,19.7462319526073,389.913676326169,0,0,0,0,0,0,0,0,0,19.7462319526073
MLP,444,19.7478326593396,389.976894741279,0,0,0,0,0,0,0,0,0,19.7478326593396
MLP,445,19.7494156788856,390.039419657413,0,0,0,0,0,0,0,0,0,19.7494156788856
MLP,446,19.7509812066819,390.101258626703,0,0,0,0,0,0,0,0,0,19.7509812066819
MLP,447,19.7525294360055,390.162419120265,0,0,0,0,0,0,0,0,0,19.7525294360055
MLP,448,19.7540605579978,390.222908529046,0,0,0,0,0,0,0,0,0,19.7540605579978
MLP,449,19.7555747616882,390.282734164651,0,0,0,0,0,0,0,0,0,19.7555747616882
MLP,450,19.7570722340172,390.341903260175,0,0,0,0,0,0,0,0,0,19.7570722340172
MLP,451,19.75855315986,390.400422971013,0,0,0,0,0,0,0,0,0,19.75855315986
MLP,452,19.7600177220487,390.458300375679,0,0,0,0,0,0,0,0,0,19.7600177220487
MLP,453,19.7614661013954,390.515542476599,0,0,0,0,0,0,0,0,0,19.7614661013954
MLP,454,19.7628984767141,390.572156200909,0,0,0,0,0,0,0,0,0,19.7628984767141
MLP,455,19.7643150248432,390.628148401242,0,0,0,0,0,0,0,0,0,19.7643150248432
MLP,456,19.7657159206669,390.683525856505,0,0,0,0,0,0,0,0,0,19.7657159206669
MLP,457,19.7671013371371,390.738295272648,0,0,0,0,0,0,0,0,0,19.7671013371371
MLP,458,19.7684714452947,390.79246328343,0,0,0,0,0,0,0,0,0,19.7684714452947
MLP,459,19.7698264142904,390.846036451176,0,0,0,0,0,0,0,0,0,19.7698264142904
MLP,460,19.7711664114063,390.899021267521,0,0,0,0,0,0,0,0,0,19.7711664114063
MLP,461,19.7724916020757,390.951424154154,0,0,0,0,0,0,0,0,0,19.7724916020757
MLP,462,19.7738021499041,391.003251463551,0,0,0,0,0,0,0,0,0,19.7738021499041
MLP,463,19.7750982166891,391.054509479702,0,0,0,0,0,0,0,0,0,19.7750982166891
MLP,464,19.7763799624408,391.105204418829,0,0,0,0,0,0,0,0,0,19.7763799624408
MLP,465,19.7776475454008,391.1553424301,0,0,0,0,0,0,0,0,0,19.7776475454008
MLP,466,19.7789011220627,391.204929596331,0,0,0,0,0,0,0,0,0,19.7789011220627
MLP,467,19.7801408471904,391.253971934689,0,0,0,0,0,0,0,0,0,19.7801408471904
MLP,468,19.781366873838,391.302475397377,0,0,0,0,0,0,0,0,0,19.781366873838
MLP,469,19.7825793533685,391.350445872323,0,0,0,0,0,0,0,0,0,19.7825793533685
MLP,470,19.7837784354722,391.397889183856,0,0,0,0,0,0,0,0,0,19.7837784354722
MLP,471,19.7849642681855,391.444811093376,0,0,0,0,0,0,0,0,0,19.7849642681855
MLP,472,19.7861369979089,391.491217300018,0,0,0,0,0,0,0,0,0,19.7861369979089
MLP,473,19.7872967694254,391.537113441311,0,0,0,0,0,0,0,0,0,19.7872967694254
MLP,474,19.7884437259181,391.582505093827,0,0,0,0,0,0,0,0,0,19.7884437259181
MLP,475,19.7895780089881,391.627397773824,0,0,0,0,0,0,0,0,0,19.7895780089881
MLP,476,19.7906997586717,391.671796937888,0,0,0,0,0,0,0,0,0,19.7906997586717
MLP,477,19.791809113458,391.71570798356,0,0,0,0,0,0,0,0,0,19.791809113458
MLP,478,19.7929062103058,391.759136249962,0,0,0,0,0,0,0,0,0,19.7929062103058
MLP,479,19.7939911846605,391.802087018419,0,0,0,0,0,0,0,0,0,19.7939911846605
MLP,480,19.795064170471,391.844565513065,0,0,0,0,0,0,0,0,0,19.795064170471
MLP,481,19.796125300206,391.886576901455,0,0,0,0,0,0,0,0,0,19.796125300206
MLP,482,19.7971747048705,391.928126295163,0,0,0,0,0,0,0,0,0,19.7971747048705
MLP,483,19.798212514022,391.969218750376,0,0,0,0,0,0,0,0,0,19.798212514022
MLP,484,19.7992388557863,392.009859268479,0,0,0,0,0,0,0,0,0,19.7992388557863
MLP,485,19.8002538568737,392.050052796643,0,0,0,0,0,0,0,0,0,19.8002538568737
MLP,486,19.8012576425943,392.089804228398,0,0,0,0,0,0,0,0,0,19.8012576425943
MLP,487,19.8022503368734,392.129118404202,0,0,0,0,0,0,0,0,0,19.8022503368734
MLP,488,19.8032320622671,392.168000112005,0,0,0,0,0,0,0,0,0,19.8032320622671
MLP,489,19.8042029399775,392.206454087812,0,0,0,0,0,0,0,0,0,19.8042029399775
MLP,490,19.8051630898671,392.244485016233,0,0,0,0,0,0,0,0,0,19.8051630898671
MLP,491,19.8061126304742,392.282097531028,0,0,0,0,0,0,0,0,0,19.8061126304742
MLP,492,19.8070516790272,392.319296215654,0,0,0,0,0,0,0,0,0,19.8070516790272
MLP,493,19.8079803514593,392.356085603797,0,0,0,0,0,0,0,0,0,19.8079803514593
MLP,494,19.8088987624225,392.392470179905,0,0,0,0,0,0,0,0,0,19.8088987624225
MLP,495,19.8098070253022,392.428454379711,0,0,0,0,0,0,0,0,0,19.8098070253022
MLP,496,19.8107052522306,392.464042590756,0,0,0,0,0,0,0,0,0,19.8107052522306
MLP,497,19.8115935541011,392.499239152899,0,0,0,0,0,0,0,0,0,19.8115935541011
MLP,498,19.8124720405817,392.534048358833,0,0,0,0,0,0,0,0,0,19.8124720405817
MLP,499,19.8133408201288,392.56847445458,0,0,0,0,0,0,0,0,0,19.8133408201288
MLP,500,19.8142,392.60252164,0,0,0,0,0,0,0,0,0,19.8142
