feature,train_scaled_mean,train_scaled_std
x_t,-8.5350478769982e-17,1.0
y_t,2.8450159589994e-17,1.0
z_t,-5.6900319179988e-17,0.9999999999999999
