{
  "sigma": 10,
  "rho": 28,
  "beta": 2.6666666666666665,
  "initial_state": [
    1.0,
    1.0,
    1.0
  ],
  "t_start": 0,
  "t_end": 50,
  "n_points": 10000,
  "prediction_horizon": 10,
  "delta_t": 0.005000500050005001,
  "effective_prediction_time": 0.05000500050005001,
  "dataset_rows": 9990,
  "train_rows": 7992,
  "test_rows": 1998,
  "missing_values": {
    "x_t": 0,
    "y_t": 0,
    "z_t": 0,
    "x_next": 0
  },
  "metrics": {
    "Persistence": {
      "RMSE": 2.210355500225556,
      "MAE": 1.8253715833291393,
      "R2": 0.920768680273013
    },
    "Linear Regression": {
      "RMSE": 0.5457306361593464,
      "MAE": 0.44367033959690116,
      "R2": 0.9951701982743737
    },
    "Random Forest": {
      "RMSE": 0.0805418028790093,
      "MAE": 0.05073237093775589,
      "R2": 0.9998948001001777
    },
    "MLP": {
      "RMSE": 0.07565480202868474,
      "MAE": 0.05990678201390002,
      "R2": 0.9999071791307944
    }
  }
}